id,seed,n_leaves,n_states,char_1,char_2,preserve_triangle,nodes_in_contracted_tree,expansion_nodes,expansion_edges,time_original,time_cp,score_original,score_cp,score_match,speedup_factor
L4_S4_reversible_reversible_reversible_TriTrueTrueTrue_i0,2680912462,4,4,reversible,reversible,True,5,20,124,0.04443595898919739,0.019718875002581626,5.497891954976675,5.497891954976675,True,2.253473219436025
L4_S4_reversible_reversible_reversible_TriTrueTrueTrue_i1,59403227,4,4,reversible,reversible,True,7,52,540,0.10572341601073276,0.021784750002552755,2.7969889983804475,2.7969889983804475,True,4.85309269765553
L4_S4_reversible_reversible_reversible_TriTrueTrueTrue_i2,2207667835,4,4,reversible,reversible,True,7,52,540,0.12682474999746773,0.04555779199290555,2.3980115356081106,2.3980115356081106,True,2.7838212008474033
L4_S4_reversible_reversible_reversible_TriTrueTrueTrue_i3,2928310807,4,4,reversible,reversible,True,6,36,332,0.05570962499768939,0.020397040992975235,3.3226172942964465,3.3226172942964465,True,2.7312600041160797
L4_S4_reversible_reversible_reversible_TriTrueTrueTrue_i4,3866793898,4,4,reversible,reversible,True,7,52,540,0.11953808399266563,0.07958670899097342,6.3332596078328995,6.3332596078329,True,1.5019854948925948
L4_S4_reversible_reversible_reversible_TriTrueTrueFalse_i0,2416566774,4,4,reversible,reversible,False,7,52,540,0.1761465840099845,0.0732351250044303,5.026403331646142,5.026403331646141,True,2.4052199213711827
L4_S4_reversible_reversible_reversible_TriTrueTrueFalse_i1,3553624329,4,4,reversible,reversible,False,5,20,124,0.03259112499654293,0.007850875001167879,6.261748516009986,6.261748516009986,True,4.151272417459498
L4_S4_reversible_reversible_reversible_TriTrueTrueFalse_i2,2774220237,4,4,reversible,reversible,False,6,36,332,0.06796649999159854,0.05637262499658391,4.505272921119626,4.505272921119626,True,1.2056649622055429
L4_S4_reversible_reversible_reversible_TriTrueTrueFalse_i3,2862768481,4,4,reversible,reversible,False,7,52,540,0.12137074999918696,0.045538000005763024,3.1833553852513092,3.1833553852513092,True,2.6652630181071624
L4_S4_reversible_reversible_reversible_TriTrueTrueFalse_i4,1006539268,4,4,reversible,reversible,False,7,52,540,0.11219087499193847,0.06390979200659785,5.504753044365145,5.504753044365147,True,1.7554567103723246
L4_S4_reversible_reversible_reversible_TriTrueFalseTrue_i0,1790475241,4,4,reversible,reversible,True,7,52,540,0.13228037500812206,0.2055605000059586,5.1715495124877044,5.1715495124877044,True,0.6435106664985587
L4_S4_reversible_reversible_reversible_TriTrueFalseTrue_i1,4281569797,4,4,reversible,reversible,True,6,36,332,0.11832004199095536,0.039975750012672506,5.621143483768722,5.621143483768722,True,2.9597953507727057
L4_S4_reversible_reversible_reversible_TriTrueFalseTrue_i2,2719906458,4,4,reversible,reversible,True,7,52,540,0.18651308299740776,0.12299162500130478,4.899431794937534,4.899431794937534,True,1.5164697716528206
L4_S4_reversible_reversible_reversible_TriTrueFalseTrue_i3,603809539,4,4,reversible,reversible,True,5,20,124,0.036735542002134025,0.0032844169909367338,3.8003690637498826,3.8003690637498826,True,11.184795024112278
L4_S4_reversible_reversible_reversible_TriTrueFalseTrue_i4,3179541453,4,4,reversible,reversible,True,7,52,540,0.19464654198964126,0.1323952079983428,5.756985277996954,5.756985277996955,True,1.470193245377011
L4_S4_reversible_reversible_reversible_TriTrueFalseFalse_i0,3827009772,4,4,reversible,reversible,False,7,52,540,0.1390102500008652,0.05956654099281877,4.257117118632715,4.257117118632715,True,2.3336968262757978
L4_S4_reversible_reversible_reversible_TriTrueFalseFalse_i1,3840799754,4,4,reversible,reversible,False,7,52,540,0.13617329200496897,0.12140795799496118,7.986140920444685,7.986140920444685,True,1.1216175045873278
L4_S4_reversible_reversible_reversible_TriTrueFalseFalse_i2,776931648,4,4,reversible,reversible,False,6,36,332,0.07597029198950622,0.030918125004973263,3.8823201164976697,3.8823201164976693,True,2.4571441353620913
L4_S4_reversible_reversible_reversible_TriTrueFalseFalse_i3,1525591362,4,4,reversible,reversible,False,7,52,540,0.14709987500100397,0.11116029100958258,4.7204847230238745,4.7204847230238745,True,1.323313139446622
L4_S4_reversible_reversible_reversible_TriTrueFalseFalse_i4,115104064,4,4,reversible,reversible,False,7,52,540,0.1915039169980446,0.4175184170017019,7.391623974549139,7.391623974549139,True,0.4586717824679628
L4_S4_reversible_reversible_reversible_TriFalseTrueTrue_i0,2769434315,4,4,reversible,reversible,True,6,36,332,0.07286545800161548,0.03271400000085123,5.861475620743202,5.861475620743202,True,2.22734779520608
L4_S4_reversible_reversible_reversible_TriFalseTrueTrue_i1,2267521420,4,4,reversible,reversible,True,7,52,540,0.1392667500040261,0.0846700419933768,5.903106795995048,5.903106795995048,True,1.6448172822460958
L4_S4_reversible_reversible_reversible_TriFalseTrueTrue_i2,1389973288,4,4,reversible,reversible,True,7,52,540,0.20117579199722968,0.0846658749942435,6.831164492399321,6.831164492399321,True,2.376114221164
L4_S4_reversible_reversible_reversible_TriFalseTrueTrue_i3,1362606708,4,4,reversible,reversible,True,6,36,332,0.0985590409982251,0.1424020419945009,5.643325624297446,5.6433256242974466,True,0.6921181671672444
L4_S4_reversible_reversible_reversible_TriFalseTrueTrue_i4,2230822701,4,4,reversible,reversible,True,7,52,540,0.17081679200055078,0.059301417000824586,1.9284446393443844,1.9284446393443844,True,2.8804841057624553
L4_S4_reversible_reversible_reversible_TriFalseTrueFalse_i0,2372896939,4,4,reversible,reversible,False,7,52,540,0.12022937501023989,0.08738516599987634,2.950842048881052,2.950842048881052,True,1.3758556416148984
L4_S4_reversible_reversible_reversible_TriFalseTrueFalse_i1,2762713592,4,4,reversible,reversible,False,5,20,124,0.03642462499556132,0.0060737080057151616,5.297805180046474,5.297805180046474,True,5.997097483808812
L4_S4_reversible_reversible_reversible_TriFalseTrueFalse_i2,146522194,4,4,reversible,reversible,False,5,20,124,0.03651062499557156,0.004822125003556721,3.3099222572654385,3.3099222572654385,True,7.571478839134838
L4_S4_reversible_reversible_reversible_TriFalseTrueFalse_i3,1841353053,4,4,reversible,reversible,False,5,20,124,0.03967062500305474,0.009156083993730135,5.371046258989863,5.371046258989863,True,4.332706067082189
L4_S4_reversible_reversible_reversible_TriFalseTrueFalse_i4,169473167,4,4,reversible,reversible,False,7,52,540,0.19110470901068766,0.292099166996195,5.951526465353394,5.951526465353394,True,0.654245988859431
L4_S4_reversible_reversible_reversible_TriFalseFalseTrue_i0,2293964576,4,4,reversible,reversible,True,7,52,540,0.17837870800576638,0.13408879199414514,5.520929425842385,5.520929425842385,True,1.3303028838029374
L4_S4_reversible_reversible_reversible_TriFalseFalseTrue_i1,2024015037,4,4,reversible,reversible,True,7,52,540,0.15822679200209677,0.10868341699824668,4.736169507142763,4.736169507142763,True,1.4558503488052734
L4_S4_reversible_reversible_reversible_TriFalseFalseTrue_i2,2408874542,4,4,reversible,reversible,True,7,52,540,0.16322954100905918,0.11093862500274554,5.46394421247632,5.46394421247632,True,1.471349942670279
L4_S4_reversible_reversible_reversible_TriFalseFalseTrue_i3,3977561672,4,4,reversible,reversible,True,6,36,332,0.08981258400308434,0.10678208300669212,3.7049740960054947,3.7049740960054947,True,0.841082891746669
L4_S4_reversible_reversible_reversible_TriFalseFalseTrue_i4,53626877,4,4,reversible,reversible,True,6,36,332,0.07274600000528153,0.029074917008983903,5.1033463435193465,5.1033463435193465,True,2.5020190936670446
L4_S4_reversible_reversible_reversible_TriFalseFalseFalse_i0,3598234153,4,4,reversible,reversible,False,6,36,332,0.07561454200185835,0.276401666997117,3.567028298507197,3.5670282985071964,True,0.2735676038056581
L4_S4_reversible_reversible_reversible_TriFalseFalseFalse_i1,2371724633,4,4,reversible,reversible,False,6,36,332,0.07055200000468176,0.022243166997213848,4.242598071637791,4.242598071637791,True,3.1718503413506123
L4_S4_reversible_reversible_reversible_TriFalseFalseFalse_i2,3392855319,4,4,reversible,reversible,False,7,52,540,0.2170382499898551,0.06667937499878462,7.588791133869786,7.588791133869784,True,3.2549532256242335
L4_S4_reversible_reversible_reversible_TriFalseFalseFalse_i3,2928787278,4,4,reversible,reversible,False,5,20,124,0.038198541005840525,0.0025400839949725196,1.7325281251783557,1.732528125178356,True,15.038292451412156
L4_S4_reversible_reversible_reversible_TriFalseFalseFalse_i4,2363698989,4,4,reversible,reversible,False,6,36,332,0.0709495409973897,0.02246858400758356,5.36524584901745,5.36524584901745,True,3.1577218135206526
L4_S4_reversible_reversible_irreversible_TriTrueTrueTrue_i0,1643631027,4,4,reversible,reversible,True,6,36,332,0.07469554200361017,0.10551858400867786,3.7990605261694355,3.7990605261694355,True,0.7078899133974096
L4_S4_reversible_reversible_irreversible_TriTrueTrueTrue_i1,3851728830,4,4,reversible,reversible,True,6,36,332,0.09265441600291524,0.09852612500253599,7.7069609124739795,7.7069609124739795,True,0.9404045379854922
L4_S4_reversible_reversible_irreversible_TriTrueTrueTrue_i2,2938335895,4,4,reversible,reversible,True,5,20,124,0.04247208300512284,0.03203154199582059,5.481072484982532,5.481072484982532,True,1.3259455846589878
L4_S4_reversible_reversible_irreversible_TriTrueTrueTrue_i3,741723989,4,4,reversible,reversible,True,6,36,332,0.08712745900265872,0.0458914999908302,5.364974727198326,5.364974727198327,True,1.8985532641450993
L4_S4_reversible_reversible_irreversible_TriTrueTrueTrue_i4,3281379667,4,4,reversible,reversible,True,7,52,540,0.1977726249897387,0.10936033299367409,6.823565443656248,6.823565443656248,True,1.8084493505769539
L4_S4_reversible_reversible_irreversible_TriTrueTrueFalse_i0,4032617749,4,4,reversible,reversible,False,7,52,540,0.2026776249986142,0.07743220900010783,4.810055445736994,4.810055445736994,True,2.6174847004667945
L4_S4_reversible_reversible_irreversible_TriTrueTrueFalse_i1,3957859168,4,4,reversible,reversible,False,7,52,540,0.13865816699399147,0.23257533299329225,6.202459697208782,6.202459697208783,True,0.5961860383611899
L4_S4_reversible_reversible_irreversible_TriTrueTrueFalse_i2,3623206906,4,4,reversible,reversible,False,6,36,332,0.13677649998862762,0.043056416005128995,5.610999832891499,5.610999832891499,True,3.176680957273673
L4_S4_reversible_reversible_irreversible_TriTrueTrueFalse_i3,3617171877,4,4,reversible,reversible,False,6,36,332,0.07921250000072177,0.01718387501023244,5.264682653338668,5.264682653338668,True,4.6096992292980525
L4_S4_reversible_reversible_irreversible_TriTrueTrueFalse_i4,2740820714,4,4,reversible,reversible,False,6,36,332,0.07173837500158697,0.02072174999921117,2.717136546411395,2.717136546411395,True,3.4619842215224907
L4_S4_reversible_reversible_irreversible_TriTrueFalseTrue_i0,677027462,4,4,reversible,reversible,True,6,36,332,0.08853866699791979,0.06133537499408703,5.3044192910422225,5.3044192910422225,True,1.4435171475341613
L4_S4_reversible_reversible_irreversible_TriTrueFalseTrue_i1,864976112,4,4,reversible,reversible,True,6,36,332,0.0981539999920642,0.052741250008693896,5.455165073033832,5.455165073033832,True,1.8610480054006386
L4_S4_reversible_reversible_irreversible_TriTrueFalseTrue_i2,2224920154,4,4,reversible,reversible,True,6,36,332,0.07473891699919477,0.033462167004472576,5.269624586427095,5.269624586427095,True,2.233534808300679
L4_S4_reversible_reversible_irreversible_TriTrueFalseTrue_i3,1359988481,4,4,reversible,reversible,True,6,36,332,0.0763101249904139,0.05671108300157357,5.988914380798335,5.988914380798335,True,1.3455945400073204
L4_S4_reversible_reversible_irreversible_TriTrueFalseTrue_i4,1228923971,4,4,reversible,reversible,True,6,36,332,0.11511033300484996,0.034959958007675596,4.420656385336514,4.420656385336514,True,3.2926335233853403
L4_S4_reversible_reversible_irreversible_TriTrueFalseFalse_i0,1707361206,4,4,reversible,reversible,False,7,52,540,0.122992417003843,0.12927458400372416,5.273281167432831,5.273281167432831,True,0.9514044620626694
L4_S4_reversible_reversible_irreversible_TriTrueFalseFalse_i1,2085277312,4,4,reversible,reversible,False,6,36,332,0.092799667007057,0.06528708401310723,5.356222836110717,5.356222836110717,True,1.421409257105387
L4_S4_reversible_reversible_irreversible_TriTrueFalseFalse_i2,3543094699,4,4,reversible,reversible,False,7,52,540,0.18039312500332016,0.06202549999579787,4.201461275848412,4.201461275848412,True,2.908370301040237
L4_S4_reversible_reversible_irreversible_TriTrueFalseFalse_i3,682988855,4,4,reversible,reversible,False,6,36,332,0.07110495799861383,0.01533170900074765,5.258249669835278,5.258249669835278,True,4.637770868034055
L4_S4_reversible_reversible_irreversible_TriTrueFalseFalse_i4,156230933,4,4,reversible,reversible,False,7,52,540,0.18868483298865613,0.08702758399886079,3.6259549883765856,3.6259549883765856,True,2.1681037453943603
L4_S4_reversible_reversible_irreversible_TriFalseTrueTrue_i0,3111001320,4,4,reversible,reversible,True,7,52,540,0.1508543339878088,0.13643600000068545,7.44632273443412,7.44632273443412,True,1.105678361146417
L4_S4_reversible_reversible_irreversible_TriFalseTrueTrue_i1,37193243,4,4,reversible,reversible,True,7,52,540,0.14639183299732395,0.11427695800375659,4.454629580487196,4.454629580487196,True,1.2810266765368832
L4_S4_reversible_reversible_irreversible_TriFalseTrueTrue_i2,2523570187,4,4,reversible,reversible,True,6,36,332,0.07261016698612366,0.09245220900629647,6.000314707479801,6.000314707479802,True,0.7853805439716209
L4_S4_reversible_reversible_irreversible_TriFalseTrueTrue_i3,2476341875,4,4,reversible,reversible,True,6,36,332,0.07577816699631512,0.16513374999340158,6.6049831837008615,6.6049831837008615,True,0.45888963667604854
L4_S4_reversible_reversible_irreversible_TriFalseTrueTrue_i4,1856224324,4,4,reversible,reversible,True,5,20,124,0.03850820899242535,0.006269790988881141,4.010074484390796,4.010074484390797,True,6.141863886507857
L4_S4_reversible_reversible_irreversible_TriFalseTrueFalse_i0,4059661156,4,4,reversible,reversible,False,6,36,332,0.08489608400850557,0.032188917000894435,5.871819299288875,5.871819299288875,True,2.6374320505630715
L4_S4_reversible_reversible_irreversible_TriFalseTrueFalse_i1,199623447,4,4,reversible,reversible,False,7,52,540,0.20190349999757018,0.2061332500015851,8.492800243302618,8.492800243302618,True,0.979480501163869
L4_S4_reversible_reversible_irreversible_TriFalseTrueFalse_i2,3821762297,4,4,reversible,reversible,False,7,52,540,0.17724879099114332,0.10515324999869335,5.598211496488289,5.598211496488289,True,1.6856235000603628
L4_S4_reversible_reversible_irreversible_TriFalseTrueFalse_i3,1657678411,4,4,reversible,reversible,False,6,36,332,0.11361470801057294,0.02068087500811089,4.628331027718123,4.628331027718123,True,5.493708678781986
L4_S4_reversible_reversible_irreversible_TriFalseTrueFalse_i4,3874054400,4,4,reversible,reversible,False,5,20,124,0.04289812500064727,0.019926915992982686,5.881574937323645,5.881574937323645,True,2.1527728055350437
L4_S4_reversible_reversible_irreversible_TriFalseFalseTrue_i0,1941224055,4,4,reversible,reversible,True,6,36,332,0.0786542909918353,0.0506214170018211,4.669149738688596,4.669149738688596,True,1.5537749453997065
L4_S4_reversible_reversible_irreversible_TriFalseFalseTrue_i1,3555509368,4,4,reversible,reversible,True,6,36,332,0.07325154199497774,0.035672915997565724,3.2836580342617765,3.2836580342617765,True,2.0534217036407854
L4_S4_reversible_reversible_irreversible_TriFalseFalseTrue_i2,2479362516,4,4,reversible,reversible,True,6,36,332,0.12250283299363218,0.05862058298953343,4.87815167656847,4.87815167656847,True,2.089757976745929
L4_S4_reversible_reversible_irreversible_TriFalseFalseTrue_i3,1318231783,4,4,reversible,reversible,True,7,52,540,0.17881154199130833,0.1929139169951668,4.4182617927215615,4.4182617927215615,True,0.9268980893114628
L4_S4_reversible_reversible_irreversible_TriFalseFalseTrue_i4,4285630571,4,4,reversible,reversible,True,7,52,540,0.2125061669939896,0.08065708400681615,3.1579548495149607,3.1579548495149607,True,2.634686921502695
L4_S4_reversible_reversible_irreversible_TriFalseFalseFalse_i0,2441158502,4,4,reversible,reversible,False,6,36,332,0.09209837499656714,0.08295075000205543,6.38894344132036,6.38894344132036,True,1.1102777718586905
L4_S4_reversible_reversible_irreversible_TriFalseFalseFalse_i1,1911176832,4,4,reversible,reversible,False,7,52,540,0.1818342080077855,0.04533691699907649,4.811545510767547,4.811545510767547,True,4.010731563435552
L4_S4_reversible_reversible_irreversible_TriFalseFalseFalse_i2,4031693355,4,4,reversible,reversible,False,6,36,332,0.12396933299896773,0.09996729200065602,6.194512092019286,6.194512092019286,True,1.2400989291382953
L4_S4_reversible_reversible_irreversible_TriFalseFalseFalse_i3,849946644,4,4,reversible,reversible,False,6,36,332,0.08236904199293349,0.09638083299796563,5.668462204775258,5.66846220477526,True,0.8546205565587045
L4_S4_reversible_reversible_irreversible_TriFalseFalseFalse_i4,3940771646,4,4,reversible,reversible,False,6,36,332,0.06382374999520835,0.004500875002122484,0.0,0.0,True,14.18029511701964
L4_S4_reversible_reversible_tree_TriTrueTrueTrue_i0,392759942,4,4,reversible,reversible,True,6,36,332,0.09173179199569859,0.3468918750004377,6.417968664535536,6.417968664535536,True,0.2644391475907116
L4_S4_reversible_reversible_tree_TriTrueTrueTrue_i1,2962909604,4,4,reversible,reversible,True,6,36,332,0.10957633300859015,0.014446290995692834,1.971476845798744,1.971476845798744,True,7.585083635389647
L4_S4_reversible_reversible_tree_TriTrueTrueTrue_i2,2304562468,4,4,reversible,reversible,True,7,52,540,0.15145195799414068,0.1496237909886986,7.024577669372872,7.0245776693728725,True,1.012218417814061
L4_S4_reversible_reversible_tree_TriTrueTrueTrue_i3,1730141096,4,4,reversible,reversible,True,6,36,332,0.07063345800270326,0.03982820900273509,4.033797979818725,4.033797979818725,True,1.7734529871629356
L4_S4_reversible_reversible_tree_TriTrueTrueTrue_i4,465224120,4,4,reversible,reversible,True,7,52,540,0.16796179200173356,0.18887374999758322,5.698944661812035,5.698944661812035,True,0.8892807556084528
L4_S4_reversible_reversible_tree_TriTrueTrueFalse_i0,2394476193,4,4,reversible,reversible,False,7,52,540,0.14948833400558215,0.18194966699229553,8.207068548097823,8.207068548097823,True,0.821591683321522
L4_S4_reversible_reversible_tree_TriTrueTrueFalse_i1,1056677902,4,4,reversible,reversible,False,5,20,124,0.0398892499943031,0.02214754099259153,6.380842283310744,6.380842283310745,True,1.8010689406366749
L4_S4_reversible_reversible_tree_TriTrueTrueFalse_i2,3024445456,4,4,reversible,reversible,False,5,20,124,0.042865708004683256,0.02409175000502728,5.869373498847214,5.869373498847214,True,1.7792690948756018
L4_S4_reversible_reversible_tree_TriTrueTrueFalse_i3,421328329,4,4,reversible,reversible,False,7,52,540,0.16777533400454558,0.12700049999693874,4.017681509336634,4.017681509336634,True,1.32106041068759
L4_S4_reversible_reversible_tree_TriTrueTrueFalse_i4,3079175284,4,4,reversible,reversible,False,7,52,540,0.11566583400417585,0.02158404199872166,3.567204269746161,3.567204269746161,True,5.358858579508311
L4_S4_reversible_reversible_tree_TriTrueFalseTrue_i0,4233352299,4,4,reversible,reversible,True,6,36,332,0.1294691669900203,0.18402795799192972,5.519970108954851,5.519970108954852,True,0.7035298750213167
L4_S4_reversible_reversible_tree_TriTrueFalseTrue_i1,4231704725,4,4,reversible,reversible,True,6,36,332,0.08110316599777434,0.09361025001271628,4.540434477990005,4.540434477990005,True,0.8663919295201661
L4_S4_reversible_reversible_tree_TriTrueFalseTrue_i2,1446953931,4,4,reversible,reversible,True,6,36,332,0.07233870899653994,0.050031209000735544,6.760344102007291,6.760344102007291,True,1.4458716668151026
L4_S4_reversible_reversible_tree_TriTrueFalseTrue_i3,1796619572,4,4,reversible,reversible,True,7,52,540,0.22004695898795035,0.12272587500046939,5.163437613319889,5.163437613319889,True,1.7929956269948217
L4_S4_reversible_reversible_tree_TriTrueFalseTrue_i4,783479769,4,4,reversible,reversible,True,5,20,124,0.03797420801129192,0.0038105419953353703,1.6572750380955452,1.6572750380955452,True,9.965563453234246
L4_S4_reversible_reversible_tree_TriTrueFalseFalse_i0,3861152766,4,4,reversible,reversible,False,7,52,540,0.16410975001053885,0.21034929199959151,5.480910665686224,5.480910665686224,True,0.7801773310968891
L4_S4_reversible_reversible_tree_TriTrueFalseFalse_i1,2277070778,4,4,reversible,reversible,False,7,52,540,0.1893722499953583,0.1632093329972122,5.300364915717749,5.300364915717749,True,1.1603028169859022
L4_S4_reversible_reversible_tree_TriTrueFalseFalse_i2,1664836549,4,4,reversible,reversible,False,5,20,124,0.04190824998659082,0.02599999999802094,4.526348350343934,4.526348350343934,True,1.611855706843272
L4_S4_reversible_reversible_tree_TriTrueFalseFalse_i3,3520028782,4,4,reversible,reversible,False,5,20,124,0.04181704099755734,0.00806187499256339,3.3318099425075918,3.3318099425075918,True,5.187011191456074
L4_S4_reversible_reversible_tree_TriTrueFalseFalse_i4,1543044791,4,4,reversible,reversible,False,5,20,124,0.0473497920029331,0.010266375000355765,4.760249738511775,4.760249738511775,True,4.612123304396047
L4_S4_reversible_reversible_tree_TriFalseTrueTrue_i0,2945283087,4,4,reversible,reversible,True,6,36,332,0.07868608299759217,0.04294791599386372,5.079887510615137,5.079887510615136,True,1.8321280403153108
L4_S4_reversible_reversible_tree_TriFalseTrueTrue_i1,1517757349,4,4,reversible,reversible,True,7,52,540,0.202634917004616,0.41432945799897425,6.33128414492697,6.33128414492697,True,0.4890671242498295
L4_S4_reversible_reversible_tree_TriFalseTrueTrue_i2,644050335,4,4,reversible,reversible,True,6,36,332,0.07789845801016781,0.05431633300031535,5.076758440653828,5.076758440653828,True,1.4341626592419796
L4_S4_reversible_reversible_tree_TriFalseTrueTrue_i3,3032203736,4,4,reversible,reversible,True,6,36,332,0.07145337499969173,0.00786183298623655,2.723348277080878,2.723348277080878,True,9.08863951144005
L4_S4_reversible_reversible_tree_TriFalseTrueTrue_i4,4140641716,4,4,reversible,reversible,True,7,52,540,0.18463074999453966,0.0858185830002185,4.8057383855637035,4.8057383855637035,True,2.1514075551988783
L4_S4_reversible_reversible_tree_TriFalseTrueFalse_i0,1888804194,4,4,reversible,reversible,False,6,36,332,0.08263691599131562,0.08484275000228081,4.562904470566198,4.562904470566197,True,0.9740009018459822
L4_S4_reversible_reversible_tree_TriFalseTrueFalse_i1,3006973583,4,4,reversible,reversible,False,6,36,332,0.07171208299405407,0.019891333009582013,2.862040171270261,2.862040171270261,True,3.6051922389674353
L4_S4_reversible_reversible_tree_TriFalseTrueFalse_i2,1017124487,4,4,reversible,reversible,False,7,52,540,0.11783804200240411,0.07959041699359659,4.274492698370781,4.274492698370781,True,1.4805556368843886
L4_S4_reversible_reversible_tree_TriFalseTrueFalse_i3,748627109,4,4,reversible,reversible,False,7,52,540,0.15944429200317245,0.19924220799293835,7.548490221159998,7.548490221159998,True,0.8002535848657629
L4_S4_reversible_reversible_tree_TriFalseTrueFalse_i4,660035809,4,4,reversible,reversible,False,5,20,124,0.04127300000982359,0.015392542001791298,4.95696984974721,4.95696984974721,True,2.681363307220936
L4_S4_reversible_reversible_tree_TriFalseFalseTrue_i0,2683285463,4,4,reversible,reversible,True,7,52,540,0.13675616700493265,0.13264179200632498,3.7441447858218355,3.7441447858218355,True,1.0310186850264569
L4_S4_reversible_reversible_tree_TriFalseFalseTrue_i1,3289648406,4,4,reversible,reversible,True,7,52,540,0.16510233299050014,0.16954529199574608,5.718801454565933,5.718801454565934,True,0.9737948489943781
L4_S4_reversible_reversible_tree_TriFalseFalseTrue_i2,2513735112,4,4,reversible,reversible,True,5,20,124,0.041091665989370085,0.02479279099497944,5.374964826258566,5.374964826258566,True,1.6574037324110644
L4_S4_reversible_reversible_tree_TriFalseFalseTrue_i3,3870831581,4,4,reversible,reversible,True,6,36,332,0.08762187500542495,0.07455966700217687,7.142638766233276,7.142638766233276,True,1.1751913246564714
L4_S4_reversible_reversible_tree_TriFalseFalseTrue_i4,3895207623,4,4,reversible,reversible,True,7,52,540,0.18903129099635407,0.1072948329965584,3.176528429385379,3.176528429385379,True,1.761793032853916
L4_S4_reversible_reversible_tree_TriFalseFalseFalse_i0,2292402289,4,4,reversible,reversible,False,6,36,332,0.07659483399766032,0.1579972499894211,6.976366460706739,6.976366460706739,True,0.4847858650577966
L4_S4_reversible_reversible_tree_TriFalseFalseFalse_i1,4147800523,4,4,reversible,reversible,False,5,20,124,0.04001741699175909,0.004010499993455596,3.1541648820678496,3.1541648820678496,True,9.978159102082305
L4_S4_reversible_reversible_tree_TriFalseFalseFalse_i2,277371876,4,4,reversible,reversible,False,6,36,332,0.12267587501264643,0.005552417002036236,1.9683144747860517,1.9683144747860517,True,22.09413537807448
L4_S4_reversible_reversible_tree_TriFalseFalseFalse_i3,4200410069,4,4,reversible,reversible,False,7,52,540,0.16197875000943895,0.20485866600938607,6.5199570516207475,6.519957051620747,True,0.7906853655452982
L4_S4_reversible_reversible_tree_TriFalseFalseFalse_i4,1900786190,4,4,reversible,reversible,False,6,36,332,0.09373375000723172,0.041803875006735325,3.73138331236703,3.73138331236703,True,2.242226294808874
L4_S4_reversible_irreversible_irreversible_TriTrueTrueTrue_i0,1361560302,4,4,reversible,irreversible,True,6,36,260,0.06794216700654943,0.0327576669951668,2.2431894097680716,2.2431894097680716,True,2.074084364508911
L4_S4_reversible_irreversible_irreversible_TriTrueTrueTrue_i1,2685233038,4,4,reversible,irreversible,True,5,20,100,0.03893229199456982,0.015265708992956206,2.786551583220672,2.786551583220672,True,2.5503099438240135
L4_S4_reversible_irreversible_irreversible_TriTrueTrueTrue_i2,4010264763,4,4,reversible,irreversible,True,6,36,258,0.07252683299884666,0.0961135830002604,6.16172181064155,6.16172181064155,True,0.7545950320471887
L4_S4_reversible_irreversible_irreversible_TriTrueTrueTrue_i3,4084787605,4,4,reversible,irreversible,True,6,36,260,0.06767695800226647,0.013437417001114227,2.280100238976355,2.280100238976355,True,5.036455515237728
L4_S4_reversible_irreversible_irreversible_TriTrueTrueTrue_i4,2219744820,4,4,reversible,irreversible,True,5,16,70,0.03593358400394209,0.016181457991478965,5.0655151099033615,5.0655151099033615,True,2.220664034242181
L4_S4_reversible_irreversible_irreversible_TriTrueTrueFalse_i0,4249100955,4,4,reversible,irreversible,False,6,36,260,0.06804454099619761,0.05989633398712613,1.8674474566118384,1.8674474566118384,True,1.136038473987145
L4_S4_reversible_irreversible_irreversible_TriTrueTrueFalse_i1,2185092104,4,4,reversible,irreversible,False,7,52,419,0.15583112499734852,0.08622595800261479,4.919437721704877,4.9194377217048775,True,1.807241424738726
L4_S4_reversible_irreversible_irreversible_TriTrueTrueFalse_i2,3884723694,4,4,reversible,irreversible,False,6,28,180,0.05375112500041723,0.03211387500050478,3.1329673129494386,3.1329673129494386,True,1.6737663494612844
L4_S4_reversible_irreversible_irreversible_TriTrueTrueFalse_i3,2353684573,4,4,reversible,irreversible,False,6,32,205,0.05751833300746512,0.038928999987547286,4.4468183305011,4.4468183305011,True,1.4775188560801813
L4_S4_reversible_irreversible_irreversible_TriTrueTrueFalse_i4,3656158991,4,4,reversible,irreversible,False,6,36,258,0.07352874999924097,0.02408816599927377,5.039248810547383,5.039248810547384,True,3.0524842343320593
L4_S4_reversible_irreversible_irreversible_TriTrueFalseTrue_i0,3716631960,4,4,reversible,irreversible,True,6,20,109,0.04119887499837205,0.004729917010990903,3.3219176597667524,3.3219176597667524,True,8.7102725465089
L4_S4_reversible_irreversible_irreversible_TriTrueFalseTrue_i1,207149863,4,4,reversible,irreversible,True,6,36,259,0.11594420799519867,0.04208904098777566,4.3598183556113685,4.3598183556113685,True,2.754736209697372
L4_S4_reversible_irreversible_irreversible_TriTrueFalseTrue_i2,3759110586,4,4,reversible,irreversible,True,6,12,56,0.03263254200282972,0.005371874998672865,3.361037285861915,3.361037285861915,True,6.074701279570055
L4_S4_reversible_irreversible_irreversible_TriTrueFalseTrue_i3,1653137816,4,4,reversible,irreversible,True,6,36,258,0.06878924999909941,0.057353875003173016,3.4240679527144446,3.424067952714444,True,1.199382758286358
L4_S4_reversible_irreversible_irreversible_TriTrueFalseTrue_i4,1178644610,4,4,reversible,irreversible,True,6,36,254,0.07074974999704864,0.09342287499748636,6.276975262775704,6.276975262775704,True,0.7573064866784045
L4_S4_reversible_irreversible_irreversible_TriTrueFalseFalse_i0,1993048114,4,4,reversible,irreversible,False,7,48,366,0.11467120800807606,0.3892878749902593,7.014049714375405,7.014049714375405,True,0.2945666050255964
L4_S4_reversible_irreversible_irreversible_TriTrueFalseFalse_i1,3422511518,4,4,reversible,irreversible,False,6,36,259,0.12792562499816995,0.055643375002546236,5.903194591578006,5.903194591578006,True,2.2990270215149433
L4_S4_reversible_irreversible_irreversible_TriTrueFalseFalse_i2,909765901,4,4,reversible,irreversible,False,6,36,258,0.0834204580023652,0.0353739160054829,4.8755558679730076,4.8755558679730076,True,2.3582476882454144
L4_S4_reversible_irreversible_irreversible_TriTrueFalseFalse_i3,1322162590,4,4,reversible,irreversible,False,6,36,252,0.06301379199430812,0.03673599999456201,6.924922025120399,6.924922025120398,True,1.7153144133362799
L4_S4_reversible_irreversible_irreversible_TriTrueFalseFalse_i4,985274714,4,4,reversible,irreversible,False,6,28,179,0.05758670800423715,0.025915709004038945,5.255470574330053,5.255470574330054,True,2.2220771877468266
L4_S4_reversible_irreversible_irreversible_TriFalseTrueTrue_i0,1734941838,4,4,reversible,irreversible,True,6,36,256,0.06566287500027101,0.04899400001158938,4.373105774971274,4.373105774971274,True,1.340222754715188
L4_S4_reversible_irreversible_irreversible_TriFalseTrueTrue_i1,644933759,4,4,reversible,irreversible,True,6,28,174,0.05216520800604485,0.021851541998330504,5.94053509995696,5.94053509995696,True,2.387255124731025
L4_S4_reversible_irreversible_irreversible_TriFalseTrueTrue_i2,1685007418,4,4,reversible,irreversible,True,5,20,96,0.04027629199845251,0.02356629200221505,6.857090116188353,6.857090116188353,True,1.7090635338645261
L4_S4_reversible_irreversible_irreversible_TriFalseTrueTrue_i3,22207931,4,4,reversible,irreversible,True,6,36,258,0.06196333299158141,0.020275707996916026,2.5542055907761974,2.5542055907761974,True,3.056037793845145
L4_S4_reversible_irreversible_irreversible_TriFalseTrueTrue_i4,1962775961,4,4,reversible,irreversible,True,6,36,257,0.06303695899259765,0.1353928329917835,4.003256778056796,4.003256778056796,True,0.4655856379845268
L4_S4_reversible_irreversible_irreversible_TriFalseTrueFalse_i0,1730362149,4,4,reversible,irreversible,False,7,52,414,0.13346558299963363,0.06581366699538194,3.228818250138163,3.228818250138163,True,2.0279310827805364
L4_S4_reversible_irreversible_irreversible_TriFalseTrueFalse_i1,3558228904,4,4,reversible,irreversible,False,7,52,420,0.11417558298853692,0.0803832919918932,3.528933889560939,3.528933889560939,True,1.4203894707330755
L4_S4_reversible_irreversible_irreversible_TriFalseTrueFalse_i2,2981227652,4,4,reversible,irreversible,False,6,36,258,0.08149454199883621,0.05462795800121967,6.937487671319559,6.937487671319559,True,1.4918101186430321
L4_S4_reversible_irreversible_irreversible_TriFalseTrueFalse_i3,2179399007,4,4,reversible,irreversible,False,7,52,420,0.1322392919973936,0.01731199999630917,1.6085260980564229,1.6085260980564229,True,7.638590826420721
L4_S4_reversible_irreversible_irreversible_TriFalseTrueFalse_i4,3824203475,4,4,reversible,irreversible,False,6,36,260,0.06421520799631253,0.037397457999759354,2.12143268910875,2.12143268910875,True,1.7171008328861526
L4_S4_reversible_irreversible_irreversible_TriFalseFalseTrue_i0,2447009817,4,4,reversible,irreversible,True,6,36,257,0.06032037499244325,0.010482583005796187,2.6353361423248725,2.6353361423248725,True,5.754342150665333
L4_S4_reversible_irreversible_irreversible_TriFalseFalseTrue_i1,4146684288,4,4,reversible,irreversible,True,6,36,260,0.0880920000054175,0.027711041999282315,2.627426590324677,2.627426590324677,True,3.178949273316742
L4_S4_reversible_irreversible_irreversible_TriFalseFalseTrue_i2,1233930438,4,4,reversible,irreversible,True,6,36,260,0.07156737499462906,0.08173466700827703,2.8911517198556163,2.8911517198556167,True,0.8756061135206623
L4_S4_reversible_irreversible_irreversible_TriFalseFalseTrue_i3,3375392719,4,4,reversible,irreversible,True,6,36,258,0.0736602499964647,0.024940250004874542,3.7790017749525417,3.7790017749525417,True,2.9534686712683
L4_S4_reversible_irreversible_irreversible_TriFalseFalseTrue_i4,194045451,4,4,reversible,irreversible,True,7,28,176,0.05356004099303391,0.01295783300884068,2.297206471384032,2.297206471384032,True,4.133410024892413
L4_S4_reversible_irreversible_irreversible_TriFalseFalseFalse_i0,141382436,4,4,reversible,irreversible,False,7,52,420,0.10254770799656399,0.08462229200813454,2.0874610882679523,2.0874610882679523,True,1.211828518836122
L4_S4_reversible_irreversible_irreversible_TriFalseFalseFalse_i1,1556538282,4,4,reversible,irreversible,False,6,36,255,0.06698637499357574,0.17332966699905228,3.4695011622703142,3.4695011622703142,True,0.3864680280466585
L4_S4_reversible_irreversible_irreversible_TriFalseFalseFalse_i2,2234793587,4,4,reversible,irreversible,False,7,52,420,0.10733908400288783,0.09232116700150073,4.573427169640082,4.573427169640082,True,1.1626703423113427
L4_S4_reversible_irreversible_irreversible_TriFalseFalseFalse_i3,2291833020,4,4,reversible,irreversible,False,7,52,420,0.11716758299735375,0.13343758399423677,3.3736522069670234,3.373652206967024,True,0.8780703203105352
L4_S4_reversible_irreversible_irreversible_TriFalseFalseFalse_i4,3348132865,4,4,reversible,irreversible,False,7,28,175,0.05456899999990128,0.03760166699066758,5.54577989603315,5.54577989603315,True,1.4512388124230247
L4_S4_reversible_irreversible_tree_TriTrueTrueTrue_i0,1065420440,4,4,reversible,irreversible,True,5,16,70,0.03622995800105855,0.0056733750097919255,4.157542877284786,4.157542877284786,True,6.385961011314549
L4_S4_reversible_irreversible_tree_TriTrueTrueTrue_i1,1282571980,4,4,reversible,irreversible,True,6,20,112,0.08975387499958742,0.013845041990862228,3.6400177051154534,3.6400177051154534,True,6.482744405981641
L4_S4_reversible_irreversible_tree_TriTrueTrueTrue_i2,1281540246,4,4,reversible,irreversible,True,6,36,257,0.06477958300092723,0.04656537499977276,4.466561973463483,4.466561973463483,True,1.3911534398700736
L4_S4_reversible_irreversible_tree_TriTrueTrueTrue_i3,2539332122,4,4,reversible,irreversible,True,7,52,417,0.10921604200848378,0.17544937500497326,4.548636681489944,4.548636681489944,True,0.6224931914570501
L4_S4_reversible_irreversible_tree_TriTrueTrueTrue_i4,2807598519,4,4,reversible,irreversible,True,5,20,100,0.03772025000944268,0.02146716701099649,0.784360452748323,0.784360452748323,True,1.75711346695198
L4_S4_reversible_irreversible_tree_TriTrueTrueFalse_i0,752364298,4,4,reversible,irreversible,False,6,36,258,0.07244141599221621,0.10389379200933035,4.822380959220134,4.822380959220133,True,0.6972641376728876
L4_S4_reversible_irreversible_tree_TriTrueTrueFalse_i1,1930212092,4,4,reversible,irreversible,False,5,20,99,0.04042320800363086,0.01051012500829529,2.858202793901701,2.858202793901701,True,3.8461202055737655
L4_S4_reversible_irreversible_tree_TriTrueTrueFalse_i2,893753397,4,4,reversible,irreversible,False,7,52,419,0.12509095900168177,0.1648137079901062,7.267739553717464,7.2677395537174645,True,0.7589839447711901
L4_S4_reversible_irreversible_tree_TriTrueTrueFalse_i3,4155793806,4,4,reversible,irreversible,False,6,28,159,0.05456850001064595,0.0170910000015283,5.556188277997868,5.556188277997868,True,3.1928205963925906
L4_S4_reversible_irreversible_tree_TriTrueTrueFalse_i4,579980987,4,4,reversible,irreversible,False,6,36,260,0.06984579100389965,0.0939612920046784,2.7141594017694004,2.7141594017694004,True,0.743346422451019
L4_S4_reversible_irreversible_tree_TriTrueFalseTrue_i0,3238324060,4,4,reversible,irreversible,True,6,28,179,0.05495587499171961,0.044112542003858835,4.652259132047778,4.652259132047778,True,1.245810630026753
L4_S4_reversible_irreversible_tree_TriTrueFalseTrue_i1,659542762,4,4,reversible,irreversible,True,6,36,258,0.07054308400256559,0.028984499993384816,4.106365070338216,4.106365070338216,True,2.433820889953074
L4_S4_reversible_irreversible_tree_TriTrueFalseTrue_i2,1688160990,4,4,reversible,irreversible,True,5,20,93,0.04065191699191928,0.023046917005558498,5.570417690862815,5.570417690862816,True,1.7638764967235434
L4_S4_reversible_irreversible_tree_TriTrueFalseTrue_i3,4077903214,4,4,reversible,irreversible,True,6,20,112,0.04524104100710247,0.00867979199392721,3.325836723747585,3.3258367237475848,True,5.212225802937376
L4_S4_reversible_irreversible_tree_TriTrueFalseTrue_i4,2120450255,4,4,reversible,irreversible,True,6,36,259,0.07487904099980369,0.07530033298826311,5.978967341762036,5.978967341762036,True,0.9944051644110227
L4_S4_reversible_irreversible_tree_TriTrueFalseFalse_i0,2459347394,4,4,reversible,irreversible,False,7,40,288,0.08124033300555311,0.043992334001814015,3.922736315244914,3.922736315244914,True,1.8466929068939666
L4_S4_reversible_irreversible_tree_TriTrueFalseFalse_i1,2483493591,4,4,reversible,irreversible,False,7,52,415,0.14046950000920333,0.09778791699500289,3.164729412479181,3.164729412479181,True,1.4364709147032002
L4_S4_reversible_irreversible_tree_TriTrueFalseFalse_i2,2100914998,4,4,reversible,irreversible,False,6,36,257,0.09195170899329241,0.12549045799823944,6.895412510012477,6.895412510012477,True,0.7327386458486255
L4_S4_reversible_irreversible_tree_TriTrueFalseFalse_i3,2468229790,4,4,reversible,irreversible,False,5,20,97,0.03853958399849944,0.013369583000894636,3.9311039736961386,3.931103973696138,True,2.8826315011686625
L4_S4_reversible_irreversible_tree_TriTrueFalseFalse_i4,1040209302,4,4,reversible,irreversible,False,7,48,366,0.1080758330062963,0.22802204100298695,5.501097248418062,5.501097248418063,True,0.4739709900715676
L4_S4_reversible_irreversible_tree_TriFalseTrueTrue_i0,2780926070,4,4,reversible,irreversible,True,7,52,419,0.09875720800482668,0.05703070800518617,2.5697991749679123,2.5697991749679123,True,1.7316496625676887
L4_S4_reversible_irreversible_tree_TriFalseTrueTrue_i1,2795732880,4,4,reversible,irreversible,True,6,36,255,0.06707729199843016,0.0423060839966638,5.93425318912346,5.93425318912346,True,1.5855235010216562
L4_S4_reversible_irreversible_tree_TriFalseTrueTrue_i2,2371364045,4,4,reversible,irreversible,True,6,36,258,0.06181174999801442,0.008302915986860171,2.8375866152674316,2.8375866152674316,True,7.444582439621517
L4_S4_reversible_irreversible_tree_TriFalseTrueTrue_i3,196490890,4,4,reversible,irreversible,True,6,28,179,0.05938058299943805,0.07633337499282788,5.656965473351379,5.656965473351379,True,0.7779111329363622
L4_S4_reversible_irreversible_tree_TriFalseTrueTrue_i4,1249819760,4,4,reversible,irreversible,True,6,28,156,0.04718520800815895,0.055991333996644244,5.630137052103764,5.630137052103765,True,0.8427233965931858
L4_S4_reversible_irreversible_tree_TriFalseTrueFalse_i0,3280220487,4,4,reversible,irreversible,False,5,16,69,0.03752650000387803,0.009302332997322083,4.534810886945165,4.534810886945165,True,4.0340951007221415
L4_S4_reversible_irreversible_tree_TriFalseTrueFalse_i1,2249461473,4,4,reversible,irreversible,False,7,28,147,0.050727958005154505,0.03909291699528694,5.032025051219432,5.032025051219432,True,1.2976252632579202
L4_S4_reversible_irreversible_tree_TriFalseTrueFalse_i2,71881601,4,4,reversible,irreversible,False,5,20,100,0.042114666997804306,0.013498458007234149,3.560383234584032,3.560383234584032,True,3.1199610989101827
L4_S4_reversible_irreversible_tree_TriFalseTrueFalse_i3,1527685906,4,4,reversible,irreversible,False,7,52,417,0.09893720799300354,0.0425977089907974,2.5707863256259404,2.5707863256259404,True,2.3225945247849578
L4_S4_reversible_irreversible_tree_TriFalseTrueFalse_i4,1569742556,4,4,reversible,irreversible,False,7,52,419,0.1684838750079507,0.1295052920031594,4.753064013800836,4.753064013800836,True,1.300980609370463
L4_S4_reversible_irreversible_tree_TriFalseFalseTrue_i0,2635266177,4,4,reversible,irreversible,True,6,36,257,0.07417408299806993,0.18164266701205634,3.9592328206706844,3.9592328206706844,True,0.4083516489261582
L4_S4_reversible_irreversible_tree_TriFalseFalseTrue_i1,1959345232,4,4,reversible,irreversible,True,6,36,260,0.06964220800728071,0.1494455409992952,3.6174727909418296,3.6174727909418296,True,0.4660039173842279
L4_S4_reversible_irreversible_tree_TriFalseFalseTrue_i2,4025104919,4,4,reversible,irreversible,True,5,12,46,0.03219549999630544,0.0026678330032154918,6.763898606160084,6.763898606160084,True,12.068029704059846
L4_S4_reversible_irreversible_tree_TriFalseFalseTrue_i3,3654873921,4,4,reversible,irreversible,True,5,20,97,0.0417901670007268,0.00403708299563732,5.628068455705958,5.628068455705958,True,10.351572334359997
L4_S4_reversible_irreversible_tree_TriFalseFalseTrue_i4,3806792243,4,4,reversible,irreversible,True,5,20,99,0.04345583300164435,0.027678083002683707,2.3406612116243393,2.3406612116243393,True,1.5700448411613612
L4_S4_reversible_irreversible_tree_TriFalseFalseFalse_i0,1938335911,4,4,reversible,irreversible,False,6,36,258,0.11912516700976994,0.046169707988156006,5.544874226162585,5.544874226162584,True,2.5801584982987293
L4_S4_reversible_irreversible_tree_TriFalseFalseFalse_i1,474100846,4,4,reversible,irreversible,False,6,36,259,0.07749149999290239,0.08850679198803846,5.91642997033372,5.91642997033372,True,0.8755429654238543
L4_S4_reversible_irreversible_tree_TriFalseFalseFalse_i2,2821279761,4,4,reversible,irreversible,False,7,52,420,0.09224850000464357,0.033858124996186234,2.8491371900605467,2.849137190060547,True,2.724560125242443
L4_S4_reversible_irreversible_tree_TriFalseFalseFalse_i3,1489070857,4,4,reversible,irreversible,False,7,52,414,0.10060366700054146,0.08572183299111202,6.378374043725232,6.378374043725232,True,1.173606096796441
L4_S4_reversible_irreversible_tree_TriFalseFalseFalse_i4,3979347763,4,4,reversible,irreversible,False,6,32,204,0.05961033400672022,0.04361012499430217,4.960853579597587,4.960853579597587,True,1.3668920382048093
L4_S4_reversible_tree_tree_TriTrueTrueTrue_i0,721768567,4,4,reversible,tree,True,6,20,111,0.04340441699605435,0.004585250004311092,3.2307861137652805,3.2307861137652805,True,9.466093994689745
L4_S4_reversible_tree_tree_TriTrueTrueTrue_i1,248517301,4,4,reversible,tree,True,7,40,264,0.06835412500367966,0.04267870800686069,5.002522982110595,5.002522982110595,True,1.6015977660592216
L4_S4_reversible_tree_tree_TriTrueTrueTrue_i2,3630996474,4,4,reversible,tree,True,6,28,164,0.05327229099930264,0.03303833400423173,2.689628555654818,2.6896285556548176,True,1.6124387319300213
L4_S4_reversible_tree_tree_TriTrueTrueTrue_i3,1736131537,4,4,reversible,tree,True,7,28,174,0.053026499997940846,0.03500249999342486,7.584379763363942,7.584379763363941,True,1.5149346044701706
L4_S4_reversible_tree_tree_TriTrueTrueTrue_i4,4240693096,4,4,reversible,tree,True,6,12,56,0.03717658399546053,0.004957583005307242,3.8135670597517057,3.8135670597517057,True,7.498931728773911
L4_S4_reversible_tree_tree_TriTrueTrueFalse_i0,4285059671,4,4,reversible,tree,False,6,28,164,0.04978654099977575,0.005911040992941707,2.9701417385047444,2.9701417385047444,True,8.422633616750678
L4_S4_reversible_tree_tree_TriTrueTrueFalse_i1,521980913,4,4,reversible,tree,False,5,12,45,0.036142249999102205,0.004602540997439064,4.62454602381087,4.62454602381087,True,7.8526714192314575
L4_S4_reversible_tree_tree_TriTrueTrueFalse_i2,1644289774,4,4,reversible,tree,False,7,28,176,0.057502541996655054,0.01761291699949652,3.574668890443591,3.574668890443591,True,3.264793601962992
L4_S4_reversible_tree_tree_TriTrueTrueFalse_i3,1217201799,4,4,reversible,tree,False,5,16,64,0.035799042001599446,0.0023926249996293336,1.6787539391925874,1.6787539391925874,True,14.962238982250232
L4_S4_reversible_tree_tree_TriTrueTrueFalse_i4,2291910014,4,4,reversible,tree,False,7,36,228,0.060663083000690676,0.030649166990770027,6.329370179124597,6.329370179124597,True,1.9792734021021163
L4_S4_reversible_tree_tree_TriTrueFalseTrue_i0,3508510692,4,4,reversible,tree,True,6,28,162,0.054015375004382804,0.04707337499712594,3.902837068784991,3.9028370687849905,True,1.1474718747106796
L4_S4_reversible_tree_tree_TriTrueFalseTrue_i1,2980398082,4,4,reversible,tree,True,6,28,163,0.05576854199171066,0.030176082989783026,5.339669938786484,5.339669938786485,True,1.848104015437944
L4_S4_reversible_tree_tree_TriTrueFalseTrue_i2,2149078053,4,4,reversible,tree,True,5,16,64,0.03446724999230355,0.0030572499963454902,2.635035200015313,2.635035200015313,True,11.273935320817381
L4_S4_reversible_tree_tree_TriTrueFalseTrue_i3,2300596994,4,4,reversible,tree,True,6,28,163,0.053305833993363194,0.00379354199685622,4.426272587673736,4.426272587673736,True,14.051727906481814
L4_S4_reversible_tree_tree_TriTrueFalseTrue_i4,2524749939,4,4,reversible,tree,True,6,28,163,0.09526266600005329,0.00490495799749624,2.986211414914439,2.986211414914439,True,19.42170486005705
L4_S4_reversible_tree_tree_TriTrueFalseFalse_i0,2158373979,4,4,reversible,tree,False,6,12,56,0.03651883399288636,0.0021646250097546726,3.3997403218957523,3.3997403218957523,True,16.870736020133663
L4_S4_reversible_tree_tree_TriTrueFalseFalse_i1,1105014955,4,4,reversible,tree,False,6,20,110,0.04263687499042135,0.0024518330028513446,1.1508110933729616,1.1508110933729616,True,17.389788599406433
L4_S4_reversible_tree_tree_TriTrueFalseFalse_i2,48201114,4,4,reversible,tree,False,6,28,163,0.05272625001089182,0.04686154100636486,6.047851569592699,6.047851569592699,True,1.1251497017262129
L4_S4_reversible_tree_tree_TriTrueFalseFalse_i3,1429184495,4,4,reversible,tree,False,5,12,47,0.034242916997754946,0.002178833994548768,4.242329676645234,4.242329676645234,True,15.716158903004303
L4_S4_reversible_tree_tree_TriTrueFalseFalse_i4,4200709551,4,4,reversible,tree,False,6,12,56,0.03541187499649823,0.003066916993702762,4.236717022654422,4.236717022654422,True,11.546404262914328
L4_S4_reversible_tree_tree_TriFalseTrueTrue_i0,399549770,4,4,reversible,tree,True,6,20,112,0.043981875001918525,0.0038647909968858585,1.8075127566536904,1.8075127566536904,True,11.380140260422266
L4_S4_reversible_tree_tree_TriFalseTrueTrue_i1,2040205896,4,4,reversible,tree,True,6,28,163,0.05174895799427759,0.0366967079899041,4.531384144698006,4.5313841446980065,True,1.4101798068190428
L4_S4_reversible_tree_tree_TriFalseTrueTrue_i2,3532077633,4,4,reversible,tree,True,7,40,243,0.06667258299421519,0.0749489169975277,4.848246640642825,4.848246640642825,True,0.889573655972118
L4_S4_reversible_tree_tree_TriFalseTrueTrue_i3,3981428459,4,4,reversible,tree,True,7,20,101,0.03924425000150222,0.04053070899681188,,9.465799081372488,False,0.9682596234951016
L4_S4_reversible_tree_tree_TriFalseTrueTrue_i4,2745797089,4,4,reversible,tree,True,6,28,162,0.05513854100718163,0.11640095800976269,3.327239040219828,3.327239040219828,True,0.4736949031713484
L4_S4_reversible_tree_tree_TriFalseTrueFalse_i0,3669286196,4,4,reversible,tree,False,7,36,228,0.06880770900170319,0.05471095800749026,5.78708234876969,5.78708234876969,True,1.2576586162981167
L4_S4_reversible_tree_tree_TriFalseTrueFalse_i1,2300546308,4,4,reversible,tree,False,7,40,264,0.07420412500505336,0.08416725001006853,3.688951098497392,3.688951098497392,True,0.8816270475101613
L4_S4_reversible_tree_tree_TriFalseTrueFalse_i2,2552352207,4,4,reversible,tree,False,5,8,28,0.031096499995328486,0.00136058300267905,0.6105274866740797,0.6105274866740797,True,22.855259163784158
L4_S4_reversible_tree_tree_TriFalseTrueFalse_i3,1854351002,4,4,reversible,tree,False,6,20,109,0.04414050000195857,0.012565040990011767,3.78672031491679,3.78672031491679,True,3.512960803238608
L4_S4_reversible_tree_tree_TriFalseTrueFalse_i4,148081653,4,4,reversible,tree,False,5,20,80,0.043353834000299685,0.003860374999931082,4.182822964527152,4.182822964527153,True,11.230469260267308
L4_S4_reversible_tree_tree_TriFalseFalseTrue_i0,3882487124,4,4,reversible,tree,True,5,20,80,0.03939137500128709,0.048587166995275766,2.6255236091031997,2.6255236091031997,True,0.8107361804894081
L4_S4_reversible_tree_tree_TriFalseFalseTrue_i1,2505474073,4,4,reversible,tree,True,6,24,128,0.045487666997360066,0.019289416988613084,6.96653527265844,6.96653527265844,True,2.3581668987738413
L4_S4_reversible_tree_tree_TriFalseFalseTrue_i2,1068193096,4,4,reversible,tree,True,6,32,180,0.05771154101239517,0.021596749997115694,6.522000983437085,6.522000983437085,True,2.672232551095427
L4_S4_reversible_tree_tree_TriFalseFalseTrue_i3,73556899,4,4,reversible,tree,True,6,28,163,0.05213187499612104,0.013404541998170316,7.131244523173883,7.131244523173883,True,3.88911990533634
L4_S4_reversible_tree_tree_TriFalseFalseTrue_i4,4179865866,4,4,reversible,tree,True,7,24,137,0.041822958999546245,0.062013208007556386,,,False,0.6744201706196186
L4_S4_reversible_tree_tree_TriFalseFalseFalse_i0,2884174567,4,4,reversible,tree,False,5,12,46,0.03226345800794661,0.00204358299379237,3.0777501294268674,3.0777501294268674,True,15.787683846590458
L4_S4_reversible_tree_tree_TriFalseFalseFalse_i1,3330877948,4,4,reversible,tree,False,5,12,45,0.034086458006640896,0.0030264999950304627,4.904146490437515,4.904146490437515,True,11.262662084899729
L4_S4_reversible_tree_tree_TriFalseFalseFalse_i2,2292240982,4,4,reversible,tree,False,6,28,164,0.0495996250101598,0.03208237499347888,2.4894682940981285,2.4894682940981285,True,1.5460084695797314
L4_S4_reversible_tree_tree_TriFalseFalseFalse_i3,61764251,4,4,reversible,tree,False,7,28,176,0.05237162500270642,0.005095000000437722,0.6841073070461238,0.6841073070461238,True,10.27902153467822
L4_S4_reversible_tree_tree_TriFalseFalseFalse_i4,1313003404,4,4,reversible,tree,False,6,28,164,0.05393745799665339,0.045520958010456525,7.01035816863412,7.01035816863412,True,1.1848928311080513
L4_S4_irreversible_irreversible_irreversible_TriTrueTrueTrue_i0,812321603,4,4,irreversible,irreversible,True,5,20,76,0.039964750001672655,0.06903833300748374,1.2391933550035696,1.2391933550035696,True,0.5788776710246294
L4_S4_irreversible_irreversible_irreversible_TriTrueTrueTrue_i1,476860243,4,4,irreversible,irreversible,True,6,28,119,0.04472374999022577,0.008820083006867208,3.9382486926052205,3.93824869260522,True,5.070671657481314
L4_S4_irreversible_irreversible_irreversible_TriTrueTrueTrue_i2,2356104591,4,4,irreversible,irreversible,True,5,16,52,0.035145083005772904,0.005761750013334677,2.547523498965645,2.547523498965645,True,6.099722623285017
L4_S4_irreversible_irreversible_irreversible_TriTrueTrueTrue_i3,70249526,4,4,irreversible,irreversible,True,6,32,143,0.049418041002354585,0.026599542004987597,8.17338213131704,8.17338213131704,True,1.857853008718547
L4_S4_irreversible_irreversible_irreversible_TriTrueTrueTrue_i4,1913044622,4,4,irreversible,irreversible,True,6,36,181,0.05469437499414198,0.036036249992321245,4.264262575784663,4.264262575784663,True,1.5177598525938918
L4_S4_irreversible_irreversible_irreversible_TriTrueTrueFalse_i0,925252360,4,4,irreversible,irreversible,False,7,40,195,0.05937508400529623,0.02175033300591167,5.616230723272421,5.616230723272421,True,2.729846998632677
L4_S4_irreversible_irreversible_irreversible_TriTrueTrueFalse_i1,489626765,4,4,irreversible,irreversible,False,6,13,27,0.028986042001633905,0.00313129200367257,,,False,9.256892270265773
L4_S4_irreversible_irreversible_irreversible_TriTrueTrueFalse_i2,719786198,4,4,irreversible,irreversible,False,7,28,113,0.090231957990909,0.009420624992344528,3.146222148129497,3.146222148129497,True,9.57812761744645
L4_S4_irreversible_irreversible_irreversible_TriTrueTrueFalse_i3,4187534872,4,4,irreversible,irreversible,False,7,52,296,0.08301520800159778,0.07171741701313294,4.894403089896105,4.894403089896105,True,1.157532023620761
L4_S4_irreversible_irreversible_irreversible_TriTrueTrueFalse_i4,3263002461,4,4,irreversible,irreversible,False,7,52,298,0.07008416700409725,0.023546917000203393,2.5884878882637583,2.5884878882637583,True,2.976362639199401
L4_S4_irreversible_irreversible_irreversible_TriTrueFalseTrue_i0,2146184656,4,4,irreversible,irreversible,True,6,32,145,0.05091787499259226,0.007610291009768844,1.8349040456327839,1.8349040456327839,True,6.69065982320156
L4_S4_irreversible_irreversible_irreversible_TriTrueFalseTrue_i1,3331928902,4,4,irreversible,irreversible,True,7,52,300,0.07960016599099617,0.14983004200621508,2.9745179620001156,2.9745179620001156,True,0.5312697266441704
L4_S4_irreversible_irreversible_irreversible_TriTrueFalseTrue_i2,3749894386,4,4,irreversible,irreversible,True,6,36,188,0.05529145798936952,0.06531145900953561,2.5474018219027457,2.5474018219027457,True,0.8465812581941492
L4_S4_irreversible_irreversible_irreversible_TriTrueFalseTrue_i3,2831336852,4,4,irreversible,irreversible,True,6,36,179,0.05767541698878631,0.029719333004322834,3.408732586021255,3.408732586021255,True,1.9406699012971527
L4_S4_irreversible_irreversible_irreversible_TriTrueFalseTrue_i4,1096886470,4,4,irreversible,irreversible,True,7,52,295,0.08547349998843856,0.2170868329994846,5.709850245082388,5.709850245082388,True,0.39372954321422127
L4_S4_irreversible_irreversible_irreversible_TriTrueFalseFalse_i0,2088420084,4,4,irreversible,irreversible,False,6,31,138,0.05130287499923725,0.022311958004138432,4.061333697490745,4.061333697490745,True,2.2993442659930294
L4_S4_irreversible_irreversible_irreversible_TriTrueFalseFalse_i1,2635795734,4,4,irreversible,irreversible,False,6,36,187,0.05715483300446067,0.024412332990323193,1.4800918251891455,1.4800918251891455,True,2.3412277182147467
L4_S4_irreversible_irreversible_irreversible_TriTrueFalseFalse_i2,1184613210,4,4,irreversible,irreversible,False,6,29,126,0.09615387499798089,0.045499665997340344,5.43404832671422,5.43404832671422,True,2.1132874445784737
L4_S4_irreversible_irreversible_irreversible_TriTrueFalseFalse_i3,3816829706,4,4,irreversible,irreversible,False,7,36,160,0.0513567080051871,0.11552875000052154,5.376008288178403,5.376008288178403,True,0.4445361657632329
L4_S4_irreversible_irreversible_irreversible_TriTrueFalseFalse_i4,1577569312,4,4,irreversible,irreversible,False,7,34,144,0.057417874995735474,0.05831562499224674,3.230393130928277,3.230393130928277,True,0.9846053097907134
L4_S4_irreversible_irreversible_irreversible_TriFalseTrueTrue_i0,2366272062,4,4,irreversible,irreversible,True,7,40,197,0.058014916998217814,0.08570179100206587,3.4962277194191267,3.4962277194191267,True,0.676939368978648
L4_S4_irreversible_irreversible_irreversible_TriFalseTrueTrue_i1,2320846599,4,4,irreversible,irreversible,True,6,34,158,0.049358750009560026,0.02583779201086145,5.761715186712882,5.761715186712882,True,1.910331505048092
L4_S4_irreversible_irreversible_irreversible_TriFalseTrueTrue_i2,2427581637,4,4,irreversible,irreversible,True,5,8,22,0.030185416995664127,0.0012910419900435954,0.25188405782177026,0.25188405782177026,True,23.380644353790913
L4_S4_irreversible_irreversible_irreversible_TriFalseTrueTrue_i3,614986308,4,4,irreversible,irreversible,True,6,36,185,0.055091833011829294,0.05302399999345653,3.8290387153702277,3.8290387153702277,True,1.038998038239852
L4_S4_irreversible_irreversible_irreversible_TriFalseTrueTrue_i4,3020560300,4,4,irreversible,irreversible,True,5,15,43,0.03576025000074878,0.011487457988550887,8.18555889803957,8.18555889803957,True,3.112981733940436
L4_S4_irreversible_irreversible_irreversible_TriFalseTrueFalse_i0,3852182214,4,4,irreversible,irreversible,False,6,28,123,0.046436125005129725,0.10223354201298207,2.950014730610702,2.950014730610702,True,0.4542161372538273
L4_S4_irreversible_irreversible_irreversible_TriFalseTrueFalse_i1,158746157,4,4,irreversible,irreversible,False,6,12,33,0.035451249990728684,0.0030583750049117953,,,False,11.59152763878394
L4_S4_irreversible_irreversible_irreversible_TriFalseTrueFalse_i2,2202373679,4,4,irreversible,irreversible,False,7,52,296,0.0772350000042934,0.23993625000002794,5.735796057137505,5.735796057137506,True,0.3218980028336127
L4_S4_irreversible_irreversible_irreversible_TriFalseTrueFalse_i3,2582125492,4,4,irreversible,irreversible,False,6,36,184,0.062008417007746175,0.07383583299815655,3.941117332839018,3.941117332839018,True,0.8398146760188872
L4_S4_irreversible_irreversible_irreversible_TriFalseTrueFalse_i4,1147889053,4,4,irreversible,irreversible,False,6,28,122,0.05343512499530334,0.04184924998844508,5.115733679914111,5.11573367991411,True,1.2768478224390973
L4_S4_irreversible_irreversible_irreversible_TriFalseFalseTrue_i0,994174460,4,4,irreversible,irreversible,True,6,36,179,0.0559661250008503,0.1411542090063449,2.3190946753656934,2.3190946753656934,True,0.3964892368306593
L4_S4_irreversible_irreversible_irreversible_TriFalseFalseTrue_i1,3321794445,4,4,irreversible,irreversible,True,6,28,125,0.04906633299833629,0.036139083007583395,1.9999161472174005,1.9999161472174003,True,1.3577082636638012
L4_S4_irreversible_irreversible_irreversible_TriFalseFalseTrue_i2,3037291943,4,4,irreversible,irreversible,True,6,36,188,0.10679995900136419,0.0829441669920925,1.9391292037790322,1.9391292037790322,True,1.2876126385588191
L4_S4_irreversible_irreversible_irreversible_TriFalseFalseTrue_i3,357847836,4,4,irreversible,irreversible,True,7,40,195,0.06775716699485201,0.035017417001654394,4.132367911147117,4.132367911147116,True,1.9349561121739711
L4_S4_irreversible_irreversible_irreversible_TriFalseFalseTrue_i4,3974498269,4,4,irreversible,irreversible,True,6,29,127,0.049493874990730546,0.24107529199682176,4.5169793764901,4.5169793764901,True,0.2053046348112623
L4_S4_irreversible_irreversible_irreversible_TriFalseFalseFalse_i0,3773842138,4,4,irreversible,irreversible,False,6,36,183,0.06735091700102203,0.06897149998985697,5.752491890619927,5.752491890619927,True,0.9765035708143678
L4_S4_irreversible_irreversible_irreversible_TriFalseFalseFalse_i1,3129090624,4,4,irreversible,irreversible,False,5,12,32,0.03515437500027474,0.0015245409886119887,3.7514040478214006,3.7514040478214006,True,23.0589746054032
L4_S4_irreversible_irreversible_irreversible_TriFalseFalseFalse_i2,4008625355,4,4,irreversible,irreversible,False,6,12,34,0.03069283301010728,0.0026259590085828677,,2.8044005645585326,False,11.688233221293821
L4_S4_irreversible_irreversible_irreversible_TriFalseFalseFalse_i3,3694112393,4,4,irreversible,irreversible,False,5,16,50,0.036444917001063004,0.017616291996091604,3.538405115590617,3.5384051155906175,True,2.06881873553924
L4_S4_irreversible_irreversible_irreversible_TriFalseFalseFalse_i4,2786912129,4,4,irreversible,irreversible,False,5,20,67,0.03920595899398904,0.021345999994082376,3.9447294135347404,3.9447294135347404,True,1.8366887083373544
L4_S4_irreversible_irreversible_tree_TriTrueTrueTrue_i0,3513129541,4,4,irreversible,irreversible,True,7,52,297,0.08806591700704303,0.22325795800134074,2.103127104837024,2.103127104837024,True,0.3944581299630808
L4_S4_irreversible_irreversible_tree_TriTrueTrueTrue_i1,3879143304,4,4,irreversible,irreversible,True,5,20,76,0.03723895900475327,0.009973041989724152,1.5210836899930595,1.5210836899930595,True,3.733961544447657
L4_S4_irreversible_irreversible_tree_TriTrueTrueTrue_i2,2984168069,4,4,irreversible,irreversible,True,6,36,181,0.056270832996233366,0.04065837500093039,4.647007479297555,4.647007479297555,True,1.3839911607621935
L4_S4_irreversible_irreversible_tree_TriTrueTrueTrue_i3,1050937667,4,4,irreversible,irreversible,True,7,16,54,0.03815266600577161,0.00623545800044667,2.2618030705728294,2.2618030705728294,True,6.118661994736648
L4_S4_irreversible_irreversible_tree_TriTrueTrueTrue_i4,2654941055,4,4,irreversible,irreversible,True,7,52,300,0.06975595800031442,0.13049066699750256,1.3400382214667523,1.3400382214667523,True,0.5345666404409047
L4_S4_irreversible_irreversible_tree_TriTrueTrueFalse_i0,3405434503,4,4,irreversible,irreversible,False,5,20,76,0.0409791250131093,0.04448033399239648,1.5361245833633346,1.5361245833633346,True,0.9212863396850387
L4_S4_irreversible_irreversible_tree_TriTrueTrueFalse_i1,2500187026,4,4,irreversible,irreversible,False,6,28,124,0.047733708008308895,0.43060700000205543,2.115319286227072,2.115319286227072,True,0.11085214104096984
L4_S4_irreversible_irreversible_tree_TriTrueTrueFalse_i2,2599216173,4,4,irreversible,irreversible,False,7,37,166,0.059039541985839605,0.08586175000527874,5.968624572673389,5.968624572673389,True,0.6876116698599576
L4_S4_irreversible_irreversible_tree_TriTrueTrueFalse_i3,2104810441,4,4,irreversible,irreversible,False,6,36,184,0.06910070900630672,0.021631750001688488,4.108526052481852,4.108526052481853,True,3.194411261525384
L4_S4_irreversible_irreversible_tree_TriTrueTrueFalse_i4,3186715644,4,4,irreversible,irreversible,False,6,36,182,0.059488500002771616,0.07872712500102352,5.735592533537914,5.735592533537914,True,0.7556290064748231
L4_S4_irreversible_irreversible_tree_TriTrueFalseTrue_i0,3440244790,4,4,irreversible,irreversible,True,5,20,75,0.03968370800430421,0.03485641699808184,4.058773098371901,4.058773098371901,True,1.1384907079806081
L4_S4_irreversible_irreversible_tree_TriTrueFalseTrue_i1,3403977824,4,4,irreversible,irreversible,True,6,10,21,0.030899874996975996,0.0024691250000614673,,,False,12.514499056024992
L4_S4_irreversible_irreversible_tree_TriTrueFalseTrue_i2,1799852182,4,4,irreversible,irreversible,True,6,36,186,0.05921516701346263,0.024938916001701728,4.283663447683605,4.283663447683605,True,2.374408119222741
L4_S4_irreversible_irreversible_tree_TriTrueFalseTrue_i3,1399752497,4,4,irreversible,irreversible,True,7,40,195,0.05562258300778922,0.0639227499923436,2.392349273466364,2.392349273466364,True,0.8701531480466393
L4_S4_irreversible_irreversible_tree_TriTrueFalseTrue_i4,3287448035,4,4,irreversible,irreversible,True,7,52,297,0.09020141699875239,0.025858207998680882,4.301486158886238,4.301486158886238,True,3.4883087611889083
L4_S4_irreversible_irreversible_tree_TriTrueFalseFalse_i0,3647989128,4,4,irreversible,irreversible,False,7,52,297,0.0768549580097897,0.2721187919960357,2.634923129108449,2.634923129108449,True,0.28243164378179986
L4_S4_irreversible_irreversible_tree_TriTrueFalseFalse_i1,2729716193,4,4,irreversible,irreversible,False,7,34,144,0.056918540998594835,0.07852308399742469,6.643867097043836,6.643867097043836,True,0.7248637900620127
L4_S4_irreversible_irreversible_tree_TriTrueFalseFalse_i2,2818809205,4,4,irreversible,irreversible,False,6,36,187,0.059600167005555704,0.045108791993698105,3.385602095649228,3.385602095649228,True,1.3212538631632664
L4_S4_irreversible_irreversible_tree_TriTrueFalseFalse_i3,2434327486,4,4,irreversible,irreversible,False,6,28,122,0.05176529099117033,0.03191629200591706,2.6900698826918212,2.6900698826918212,True,1.621908001081874
L4_S4_irreversible_irreversible_tree_TriTrueFalseFalse_i4,1111350751,4,4,irreversible,irreversible,False,5,16,52,0.03883529199811164,0.011199166008736938,3.59192586385696,3.5919258638569604,True,3.467694692633355
L4_S4_irreversible_irreversible_tree_TriFalseTrueTrue_i0,1640492984,4,4,irreversible,irreversible,True,7,52,298,0.13253120900481008,0.016376917003071867,2.2035658199897705,2.2035658199897705,True,8.092561065516161
L4_S4_irreversible_irreversible_tree_TriFalseTrueTrue_i1,1830628683,4,4,irreversible,irreversible,True,5,20,70,0.04277316699153744,0.005605291997198947,6.070525876319358,6.070525876319358,True,7.630853019264445
L4_S4_irreversible_irreversible_tree_TriFalseTrueTrue_i2,1230723643,4,4,irreversible,irreversible,True,7,52,299,0.08077091599989217,0.14285129199561197,4.091389153231294,4.091389153231294,True,0.5654195653823956
L4_S4_irreversible_irreversible_tree_TriFalseTrueTrue_i3,1966416788,4,4,irreversible,irreversible,True,6,28,122,0.049709667000570334,0.016171291994396597,2.3372750644999556,2.3372750644999556,True,3.0739451086437484
L4_S4_irreversible_irreversible_tree_TriFalseTrueTrue_i4,441180326,4,4,irreversible,irreversible,True,7,46,234,0.07759737501328345,0.16310829100257251,3.3250336974991477,3.3250336974991477,True,0.47574144797040485
L4_S4_irreversible_irreversible_tree_TriFalseTrueFalse_i0,1498969469,4,4,irreversible,irreversible,False,6,36,185,0.05922224999812897,0.017756582994479686,3.985575330683406,3.985575330683406,True,3.3352276550794047
L4_S4_irreversible_irreversible_tree_TriFalseTrueFalse_i1,3616213944,4,4,irreversible,irreversible,False,6,28,125,0.09566345800703857,0.013206750008976087,3.060338321281912,3.060338321281912,True,7.243527037196358
L4_S4_irreversible_irreversible_tree_TriFalseTrueFalse_i2,2125278152,4,4,irreversible,irreversible,False,6,20,73,0.04178208399389405,0.008844916999805719,3.362109496507171,3.362109496507171,True,4.723852046430708
L4_S4_irreversible_irreversible_tree_TriFalseTrueFalse_i3,1287259601,4,4,irreversible,irreversible,False,6,36,186,0.05716312500589993,0.03959187500004191,2.8640505038468285,2.8640505038468285,True,1.4438094574209976
L4_S4_irreversible_irreversible_tree_TriFalseTrueFalse_i4,3953955858,4,4,irreversible,irreversible,False,6,36,178,0.05850583300343715,0.019508833007421345,4.786767546584508,4.786767546584507,True,2.9989405302839205
L4_S4_irreversible_irreversible_tree_TriFalseFalseTrue_i0,2661551262,4,4,irreversible,irreversible,True,6,36,184,0.06870158399397042,0.060758040999644436,3.618870760200923,3.618870760200923,True,1.1307405856556811
L4_S4_irreversible_irreversible_tree_TriFalseFalseTrue_i1,3321533348,4,4,irreversible,irreversible,True,6,36,182,0.068497500004014,0.03376587499224115,7.439794905224335,7.439794905224335,True,2.0286013020883455
L4_S4_irreversible_irreversible_tree_TriFalseFalseTrue_i2,2093293282,4,4,irreversible,irreversible,True,7,52,295,0.1315332079975633,0.08309124999505002,4.312180223356387,4.312180223356387,True,1.5829970835966725
L4_S4_irreversible_irreversible_tree_TriFalseFalseTrue_i3,1102998903,4,4,irreversible,irreversible,True,7,52,294,0.07165387499844655,0.32603799999924377,2.205141098104109,2.205141098104109,True,0.21977154435630572
L4_S4_irreversible_irreversible_tree_TriFalseFalseTrue_i4,4230945987,4,4,irreversible,irreversible,True,6,36,184,0.06434104101208504,0.202280958998017,2.687464875399491,2.687464875399491,True,0.3180775937226904
L4_S4_irreversible_irreversible_tree_TriFalseFalseFalse_i0,66412910,4,4,irreversible,irreversible,False,7,52,295,0.08496724998985883,0.22330704100022558,3.7716763800804216,3.7716763800804216,True,0.38049516588810933
L4_S4_irreversible_irreversible_tree_TriFalseFalseFalse_i1,2964852296,4,4,irreversible,irreversible,False,7,48,257,0.11985220799397212,0.0927885840064846,5.1156366942077245,5.1156366942077245,True,1.291669745643779
L4_S4_irreversible_irreversible_tree_TriFalseFalseFalse_i2,3449004862,4,4,irreversible,irreversible,False,7,52,292,0.07985262500005774,0.013826916008838452,2.499222786132332,2.499222786132332,True,5.775157610985463
L4_S4_irreversible_irreversible_tree_TriFalseFalseFalse_i3,1185703848,4,4,irreversible,irreversible,False,6,36,183,0.0673031250044005,0.024373917010962032,2.020760977735348,2.020760977735348,True,2.761276417444717
L4_S4_irreversible_irreversible_tree_TriFalseFalseFalse_i4,610093146,4,4,irreversible,irreversible,False,5,16,52,0.04074112500529736,0.02305708298808895,2.327574784334442,2.327574784334442,True,1.7669678015807986
L4_S4_irreversible_tree_tree_TriTrueTrueTrue_i0,2356411489,4,4,irreversible,tree,True,5,16,44,0.04071237499010749,0.005212832998950034,3.3816260673497327,3.3816260673497327,True,7.810027136545639
L4_S4_irreversible_tree_tree_TriTrueTrueTrue_i1,2987580133,4,4,irreversible,tree,True,7,40,172,0.05918450000172015,0.012182749997009523,1.9140267155742199,1.9140267155742199,True,4.8580571019015375
L4_S4_irreversible_tree_tree_TriTrueTrueTrue_i2,1623795750,4,4,irreversible,tree,True,5,20,56,0.03903804199944716,0.0057821250084089115,2.558129897796647,2.558129897796647,True,6.751503156913973
L4_S4_irreversible_tree_tree_TriTrueTrueTrue_i3,3137884450,4,4,irreversible,tree,True,6,36,144,0.052691791992401704,0.1063036249979632,2.114734279502292,2.114734279502292,True,0.49567257464398523
L4_S4_irreversible_tree_tree_TriTrueTrueTrue_i4,3980778820,4,4,irreversible,tree,True,7,36,150,0.055777041998226196,0.09484087499731686,4.246487269201051,4.246487269201051,True,0.5881118390324039
L4_S4_irreversible_tree_tree_TriTrueTrueFalse_i0,1615388621,4,4,irreversible,tree,False,6,20,70,0.0423158330086153,0.0034201670059701428,1.4075296628628433,1.4075296628628433,True,12.372442796596557
L4_S4_irreversible_tree_tree_TriTrueTrueFalse_i1,3942838125,4,4,irreversible,tree,False,6,26,91,0.04539570800261572,0.0497975410107756,5.620250661638141,5.620250661638142,True,0.9116053959609617
L4_S4_irreversible_tree_tree_TriTrueTrueFalse_i2,963500935,4,4,irreversible,tree,False,6,16,47,0.03545629199652467,0.0027017079992219806,,2.505352000210939,False,13.12365321606995
L4_S4_irreversible_tree_tree_TriTrueTrueFalse_i3,210639535,4,4,irreversible,tree,False,6,16,46,0.03644366598746274,0.015042125000036322,,1.1538273640360477,False,2.4227736150710837
L4_S4_irreversible_tree_tree_TriTrueTrueFalse_i4,3941241844,4,4,irreversible,tree,False,5,13,30,0.03660620799928438,0.0016287499893223867,2.5677200267969047,2.5677200267969047,True,22.47501812079559
L4_S4_irreversible_tree_tree_TriTrueFalseTrue_i0,3235928423,4,4,irreversible,tree,True,5,12,32,0.03811816600500606,0.010341542001697235,1.167503078015619,1.167503078015619,True,3.68592636502601
L4_S4_irreversible_tree_tree_TriTrueFalseTrue_i1,4250378254,4,4,irreversible,tree,True,6,12,35,0.03484591700544115,0.001378665998345241,,1.9319591356196752,False,25.275078787890997
L4_S4_irreversible_tree_tree_TriTrueFalseTrue_i2,2766397881,4,4,irreversible,tree,True,7,31,121,0.049404167002649046,0.03996391700638924,5.950337083566168,5.950337083566168,True,1.2362193064941869
L4_S4_irreversible_tree_tree_TriTrueFalseTrue_i3,4278578427,4,4,irreversible,tree,True,6,20,73,0.04277291600010358,0.019087749999016523,3.1855746637437448,3.1855746637437448,True,2.240856767374397
L4_S4_irreversible_tree_tree_TriTrueFalseTrue_i4,1039498340,4,4,irreversible,tree,True,6,28,110,0.049827333001303487,0.06596866600739304,2.8274691661240627,2.8274691661240627,True,0.7553181724244843
L4_S4_irreversible_tree_tree_TriTrueFalseFalse_i0,4235276844,4,4,irreversible,tree,False,6,16,48,0.03531712500262074,0.008881207992089912,,,False,3.9766123096614545
L4_S4_irreversible_tree_tree_TriTrueFalseFalse_i1,3722012670,4,4,irreversible,tree,False,5,12,33,0.03697045799344778,0.0030788330041104928,4.1388382172425295,4.1388382172425295,True,12.007941299884704
L4_S4_irreversible_tree_tree_TriTrueFalseFalse_i2,3527713132,4,4,irreversible,tree,False,6,20,75,0.043020541008445434,0.002178832990466617,0.8131357019864556,0.8131357019864556,True,19.74475393567373
L4_S4_irreversible_tree_tree_TriTrueFalseFalse_i3,2457994763,4,4,irreversible,tree,False,6,20,75,0.08987291599623859,0.0053456250025192276,3.677107586481856,3.677107586481856,True,16.812421212012264
L4_S4_irreversible_tree_tree_TriTrueFalseFalse_i4,956282852,4,4,irreversible,tree,False,6,23,80,0.04388154100161046,0.004260583998984657,3.2286032895960917,3.2286032895960917,True,10.299416866948528
L4_S4_irreversible_tree_tree_TriFalseTrueTrue_i0,2322564434,4,4,irreversible,tree,True,7,28,114,0.05226974999823142,0.041784417000599205,4.084041519875167,4.084041519875167,True,1.250938806841389
L4_S4_irreversible_tree_tree_TriFalseTrueTrue_i1,3386027617,4,4,irreversible,tree,True,6,28,107,0.05121545901056379,0.012369916003081016,5.507584009059894,5.507584009059894,True,4.140323576771565
L4_S4_irreversible_tree_tree_TriFalseTrueTrue_i2,802482487,4,4,irreversible,tree,True,7,28,116,0.04832908399112057,0.02750808300334029,0.7637514568283092,0.7637514568283092,True,1.7569047697124962
L4_S4_irreversible_tree_tree_TriFalseTrueTrue_i3,2229591717,4,4,irreversible,tree,True,6,23,78,0.045569958005216904,0.0066759579931385815,5.570145787918006,5.570145787918006,True,6.825979316537564
L4_S4_irreversible_tree_tree_TriFalseTrueTrue_i4,3287357955,4,4,irreversible,tree,True,5,12,30,0.0383751250046771,0.004875708007602952,2.261462729111852,2.261462729111852,True,7.870675822703268
L4_S4_irreversible_tree_tree_TriFalseTrueFalse_i0,3981169459,4,4,irreversible,tree,False,6,20,72,0.04257483300170861,0.004902583998045884,2.857279687983305,2.857279687983305,True,8.684160094863927
L4_S4_irreversible_tree_tree_TriFalseTrueFalse_i1,2917273776,4,4,irreversible,tree,False,5,15,30,0.03712083399295807,0.0037227919965516776,4.666745196469502,4.666745196469502,True,9.971232358968681
L4_S4_irreversible_tree_tree_TriFalseTrueFalse_i2,2855500486,4,4,irreversible,tree,False,5,16,42,0.040073583004414104,0.0027394170028856024,3.3402947681793247,3.3402947681793242,True,14.628502463735751
L4_S4_irreversible_tree_tree_TriFalseTrueFalse_i3,1854690902,4,4,irreversible,tree,False,5,9,16,0.03175162499246653,0.002581792010460049,,2.4103521930109477,False,12.298284511510364
L4_S4_irreversible_tree_tree_TriFalseTrueFalse_i4,122468805,4,4,irreversible,tree,False,6,23,72,0.042167958003119566,0.011818499988294207,5.546805337194904,5.546805337194904,True,3.567961626003618
L4_S4_irreversible_tree_tree_TriFalseFalseTrue_i0,3811616136,4,4,irreversible,tree,True,6,12,35,0.03624087499338202,0.0017705420032143593,,1.64655837259019,False,20.468791171741085
L4_S4_irreversible_tree_tree_TriFalseFalseTrue_i1,2872858718,4,4,irreversible,tree,True,6,20,73,0.041888874999131076,0.04668600000150036,4.6834554393084336,4.6834554393084336,True,0.897247014105682
L4_S4_irreversible_tree_tree_TriFalseFalseTrue_i2,3995644089,4,4,irreversible,tree,True,6,24,86,0.04601241700584069,0.012743750005029142,2.1757448719852572,2.1757448719852572,True,3.61058663086579
L4_S4_irreversible_tree_tree_TriFalseFalseTrue_i3,2838699986,4,4,irreversible,tree,True,6,20,76,0.08710925000195857,0.012832082997192629,0.9166704573903338,0.9166704573903338,True,6.788394622495934
L4_S4_irreversible_tree_tree_TriFalseFalseTrue_i4,2727783306,4,4,irreversible,tree,True,7,36,148,0.05553362499631476,0.05395100000896491,9.66484717759322,9.66484717759322,True,1.0293344693843005
L4_S4_irreversible_tree_tree_TriFalseFalseFalse_i0,2475590284,4,4,irreversible,tree,False,6,20,71,0.04001533301197924,0.043404665993875824,2.3946300316859115,2.3946300316859115,True,0.9219131439857653
L4_S4_irreversible_tree_tree_TriFalseFalseFalse_i1,2340391659,4,4,irreversible,tree,False,6,17,52,0.03735741700802464,0.017733833999955095,,5.504141566995875,False,2.1065616663355238
L4_S4_irreversible_tree_tree_TriFalseFalseFalse_i2,3394237230,4,4,irreversible,tree,False,7,16,52,0.03771583300840575,0.003106208998360671,,0.7966130356239359,False,12.142074434217458
L4_S4_irreversible_tree_tree_TriFalseFalseFalse_i3,753555990,4,4,irreversible,tree,False,7,19,55,0.037725124988355674,0.009740083012729883,,,False,3.8731827096204214
L4_S4_irreversible_tree_tree_TriFalseFalseFalse_i4,2341876204,4,4,irreversible,tree,False,6,28,108,0.05315300000074785,0.005697333006537519,5.258129059905286,5.258129059905286,True,9.329451273131676
L4_S4_tree_tree_tree_TriTrueTrueTrue_i0,986813592,4,4,tree,tree,True,6,30,78,0.04650183299963828,0.03664537500299048,3.3394539990981125,3.3394539990981125,True,1.2689686413872097
L4_S4_tree_tree_tree_TriTrueTrueTrue_i1,2466798193,4,4,tree,tree,True,6,18,42,0.03950545800034888,0.01378083300369326,3.9431387339824995,3.9431387339824995,True,2.866695730444284
L4_S4_tree_tree_tree_TriTrueTrueTrue_i2,1177842628,4,4,tree,tree,True,7,25,64,0.039174666002509184,0.008797917005722411,,,False,4.452720061385988
L4_S4_tree_tree_tree_TriTrueTrueTrue_i3,1755762295,4,4,tree,tree,True,6,20,47,0.03822974998911377,0.0036308750131865963,2.9610438349963264,2.961043834996326,True,10.529070629311265
L4_S4_tree_tree_tree_TriTrueTrueTrue_i4,2257552572,4,4,tree,tree,True,7,12,21,0.03738470800453797,0.0014707499940413982,0.19633319789517237,0.19633319789517237,True,25.41878819460154
L4_S4_tree_tree_tree_TriTrueTrueFalse_i0,4179853997,4,4,tree,tree,False,6,12,20,0.034326332999626175,0.00354345899540931,,,False,9.687235934396684
L4_S4_tree_tree_tree_TriTrueTrueFalse_i1,3209097577,4,4,tree,tree,False,6,12,26,0.03694254199217539,0.0016633330087643117,2.7884915001667436,2.7884915001667436,True,22.209936066671272
L4_S4_tree_tree_tree_TriTrueTrueFalse_i2,559180311,4,4,tree,tree,False,6,22,57,0.040684084000531584,0.004168375002336688,1.2387317641264017,1.2387317641264017,True,9.76017613999435
L4_S4_tree_tree_tree_TriTrueTrueFalse_i3,418131561,4,4,tree,tree,False,6,17,39,0.03473412500170525,0.009128667006734759,,2.283396761474035,False,3.8049499637931663
L4_S4_tree_tree_tree_TriTrueTrueFalse_i4,3631499245,4,4,tree,tree,False,6,16,38,0.036123541998676956,0.007047874998534098,,,False,5.12545084592725
L4_S4_tree_tree_tree_TriTrueFalseTrue_i0,2268287726,4,4,tree,tree,True,7,15,30,0.036860791995422915,0.05250687499938067,,,False,0.7020183793805919
L4_S4_tree_tree_tree_TriTrueFalseTrue_i1,2409901501,4,4,tree,tree,True,7,16,37,0.0368674580095103,0.0017892920004669577,1.1456660276034605,1.1456660276034605,True,20.604483446751807
L4_S4_tree_tree_tree_TriTrueFalseTrue_i2,1917009711,4,4,tree,tree,True,5,15,27,0.037663625000277534,0.0023133749928092584,3.331253587359154,3.331253587359154,True,16.280805678518583
L4_S4_tree_tree_tree_TriTrueFalseTrue_i3,2294871990,4,4,tree,tree,True,6,9,12,0.03514316699875053,0.0017248340009246022,,,False,20.374799316985072
L4_S4_tree_tree_tree_TriTrueFalseTrue_i4,414725751,4,4,tree,tree,True,5,7,9,0.03317779200733639,0.0009708330035209656,,0.2527403032438071,False,34.17452611569956
L4_S4_tree_tree_tree_TriTrueFalseFalse_i0,3716714881,4,4,tree,tree,False,6,10,16,0.032821334010805,0.002147207997040823,,0.3989342032930254,False,15.28557958542356
L4_S4_tree_tree_tree_TriTrueFalseFalse_i1,1749034889,4,4,tree,tree,False,5,10,16,0.0347346250055125,0.0016017500020097941,2.3420594378582527,2.3420594378582527,True,21.685408632134017
L4_S4_tree_tree_tree_TriTrueFalseFalse_i2,2604606556,4,4,tree,tree,False,6,12,27,0.034321874991292134,0.001781958999345079,,0.13304273438217012,False,19.260743789931535
L4_S4_tree_tree_tree_TriTrueFalseFalse_i3,1394287560,4,4,tree,tree,False,6,14,31,0.033384291993570514,0.005913624991080724,,,False,5.645316772471348
L4_S4_tree_tree_tree_TriTrueFalseFalse_i4,3852028977,4,4,tree,tree,False,6,17,38,0.03348304099927191,0.004248915996868163,,1.65807591809681,False,7.880370697745317
L4_S4_tree_tree_tree_TriFalseTrueTrue_i0,1941184478,4,4,tree,tree,True,6,14,31,0.03516645899799187,0.00655866700981278,,2.6457163087746602,False,5.361829405814933
L4_S4_tree_tree_tree_TriFalseTrueTrue_i1,1386479244,4,4,tree,tree,True,5,8,12,0.035248207990662195,0.0020257080032024533,,0.9053932979305539,False,17.400430138256844
L4_S4_tree_tree_tree_TriFalseTrueTrue_i2,2027017525,4,4,tree,tree,True,6,12,21,0.03658741699473467,0.003133957987301983,,,False,11.674504083486006
L4_S4_tree_tree_tree_TriFalseTrueTrue_i3,75840015,4,4,tree,tree,True,7,20,50,0.03692754200892523,0.004413625007146038,,,False,8.366712981375489
L4_S4_tree_tree_tree_TriFalseTrueTrue_i4,603278633,4,4,tree,tree,True,7,31,88,0.04322995799884666,0.010850083999685012,4.754387794959605,4.754387794959605,True,3.9842967128922644
L4_S4_tree_tree_tree_TriFalseTrueFalse_i0,858499216,4,4,tree,tree,False,6,13,22,0.033247915998799726,0.004474375004065223,,1.6867457113603563,False,7.430738044498745
L4_S4_tree_tree_tree_TriFalseTrueFalse_i1,2529891012,4,4,tree,tree,False,5,8,16,0.035170791001291946,0.001582541997777298,0.15280698597840978,0.15280698597840978,True,22.22422458706637
L4_S4_tree_tree_tree_TriFalseTrueFalse_i2,3568222285,4,4,tree,tree,False,5,10,19,0.041111124999588355,0.002164791992981918,1.314138373207804,1.314138373207804,True,18.990788095151483
L4_S4_tree_tree_tree_TriFalseTrueFalse_i3,107585954,4,4,tree,tree,False,6,16,33,0.032571958989137784,0.007000790996244177,,,False,4.652610591289123
L4_S4_tree_tree_tree_TriFalseTrueFalse_i4,302620191,4,4,tree,tree,False,6,16,39,0.036687166008050554,0.006463416997576132,2.557375549054911,2.557375549054911,True,5.676124617316832
L4_S4_tree_tree_tree_TriFalseFalseTrue_i0,237024872,4,4,tree,tree,True,6,8,13,0.034678124997299165,0.0008599170105298981,0.0,0.0,True,40.32724582187764
L4_S4_tree_tree_tree_TriFalseFalseTrue_i1,3810279202,4,4,tree,tree,True,6,16,39,0.03877625000313856,0.0032806250092107803,0.46463064861143094,0.46463064861143094,True,11.819771560144082
L4_S4_tree_tree_tree_TriFalseFalseTrue_i2,4056375458,4,4,tree,tree,True,6,12,21,0.03588683300768025,0.0018361249967711046,1.5862834519417515,1.5862834519417515,True,19.544864062046162
L4_S4_tree_tree_tree_TriFalseFalseTrue_i3,841982287,4,4,tree,tree,True,6,14,30,0.03779762500198558,0.001567667000927031,2.218687814640389,2.218687814640389,True,24.110733254511914
L4_S4_tree_tree_tree_TriFalseFalseTrue_i4,1604823047,4,4,tree,tree,True,7,28,77,0.04584174999035895,0.01164454199897591,1.6297641121615207,1.6297641121615207,True,3.936758187452315
L4_S4_tree_tree_tree_TriFalseFalseFalse_i0,3982982489,4,4,tree,tree,False,7,22,54,0.03653674999077339,0.020060499999090098,,3.2880150151788587,False,1.821327891682796
L4_S4_tree_tree_tree_TriFalseFalseFalse_i1,49626256,4,4,tree,tree,False,7,31,82,0.04506670800037682,0.010581334005109966,6.083215354179019,6.083215354179019,True,4.259075814026594
L4_S4_tree_tree_tree_TriFalseFalseFalse_i2,3997139411,4,4,tree,tree,False,6,16,37,0.03474441700382158,0.0101736670039827,,1.5237737508544655,False,3.41513178828129
L4_S4_tree_tree_tree_TriFalseFalseFalse_i3,2043413705,4,4,tree,tree,False,6,11,20,0.03510295799060259,0.002538375003496185,,,False,13.828903969409648
L4_S4_tree_tree_tree_TriFalseFalseFalse_i4,1955421550,4,4,tree,tree,False,7,16,30,0.034003749999101274,0.005583124991971999,,1.8369543398606092,False,6.090450053965361
L4_S7_reversible_reversible_reversible_TriTrueTrueTrue_i0,3074551990,4,7,reversible,reversible,True,7,151,3090,1.8819818750052946,5.778838207988883,10.137099201483226,10.137099201483224,True,0.32566786038029305
L4_S7_reversible_reversible_reversible_TriTrueTrueTrue_i1,364048542,4,7,reversible,reversible,True,7,151,3090,3.4383971670031315,1.0135652919998392,9.031707561786028,9.031707561786028,True,3.3923785578988612
L4_S7_reversible_reversible_reversible_TriTrueTrueTrue_i2,1126359882,4,7,reversible,reversible,True,6,102,1865,1.1084720409999136,6.369551625000895,12.795762437413414,12.795762437413416,True,0.17402669859446052
L4_S7_reversible_reversible_reversible_TriTrueTrueTrue_i3,3132191077,4,7,reversible,reversible,True,7,151,3090,2.970173249996151,0.5398689159919741,7.567319963988891,7.567319963988891,True,5.501656340108032
L4_S7_reversible_reversible_reversible_TriTrueTrueTrue_i4,3656830343,4,7,reversible,reversible,True,6,102,1865,1.0655247920076363,0.3680871669930639,10.024660918391339,10.024660918391339,True,2.8947621233775656
L4_S7_reversible_reversible_reversible_TriTrueTrueFalse_i0,1602409833,4,7,reversible,reversible,False,7,151,3090,1.37638733300264,0.49841879100131337,8.8130019721943,8.8130019721943,True,2.761507702139395
L4_S7_reversible_reversible_reversible_TriTrueTrueFalse_i1,1435091230,4,7,reversible,reversible,False,5,53,640,0.17834191699512303,0.06699662499886472,8.47597478678419,8.47597478678419,True,2.661953707909785
L4_S7_reversible_reversible_reversible_TriTrueTrueFalse_i2,2031502907,4,7,reversible,reversible,False,7,151,3090,3.3886817910097307,8.876912749998155,12.739756367232182,12.739756367232182,True,0.38174102709623836
L4_S7_reversible_reversible_reversible_TriTrueTrueFalse_i3,2557464024,4,7,reversible,reversible,False,6,102,1865,0.9168067499995232,0.6629895829973975,10.999309409661045,10.999309409661045,True,1.3828373358021293
L4_S7_reversible_reversible_reversible_TriTrueTrueFalse_i4,1496335690,4,7,reversible,reversible,False,6,102,1865,1.150777625007322,0.662147291994188,10.646956936513652,10.64695693651365,True,1.7379480927930382
L4_S7_reversible_reversible_reversible_TriTrueFalseTrue_i0,1337409298,4,7,reversible,reversible,True,7,151,3090,3.5163458329916466,6.475640541000757,10.636044687705652,10.636044687705654,True,0.5430112759015516
L4_S7_reversible_reversible_reversible_TriTrueFalseTrue_i1,1577372538,4,7,reversible,reversible,True,7,151,3090,2.3474735830095597,2.2574897080048686,10.714404496512397,10.714404496512396,True,1.0398601480422063
L4_S7_reversible_reversible_reversible_TriTrueFalseTrue_i2,547613042,4,7,reversible,reversible,True,5,53,640,0.19388324998726603,0.5513347500091186,7.654530686275527,7.654530686275527,True,0.35166158061395153
L4_S7_reversible_reversible_reversible_TriTrueFalseTrue_i3,3127860980,4,7,reversible,reversible,True,7,151,3090,3.2514375829923665,91.75005145800242,15.445066934973084,15.445066934973083,True,0.03543799192794173
L4_S7_reversible_reversible_reversible_TriTrueFalseTrue_i4,184773864,4,7,reversible,reversible,True,6,102,1865,1.185902500001248,7.515954832997522,10.32194247773041,10.32194247773041,True,0.15778467622463083
L4_S7_reversible_reversible_reversible_TriTrueFalseFalse_i0,1581871058,4,7,reversible,reversible,False,7,151,3090,2.463108165989979,1.1948123750044033,10.367882081619863,10.367882081619863,True,2.061502052922242
L4_S7_reversible_reversible_reversible_TriTrueFalseFalse_i1,194796873,4,7,reversible,reversible,False,6,102,1865,0.6877824999974109,0.4343018329964252,8.593363928359459,8.593363928359459,True,1.5836509223745807
L4_S7_reversible_reversible_reversible_TriTrueFalseFalse_i2,325452673,4,7,reversible,reversible,False,7,151,3090,1.609338124995702,1.3830221669923048,6.16011549984668,6.16011549984668,True,1.1636387053230923
L4_S7_reversible_reversible_reversible_TriTrueFalseFalse_i3,77178128,4,7,reversible,reversible,False,7,151,3090,2.443042625003727,0.5336013330088463,7.716265053098531,7.716265053098531,True,4.578404267938404
L4_S7_reversible_reversible_reversible_TriTrueFalseFalse_i4,3469038717,4,7,reversible,reversible,False,7,151,3090,2.124702041997807,4.685589166998398,9.575886166592962,9.575886166592962,True,0.4534546170861674
L4_S7_reversible_reversible_reversible_TriFalseTrueTrue_i0,530692368,4,7,reversible,reversible,True,6,102,1865,1.133112290990539,1.0146094170049764,11.328972196560306,11.328972196560304,True,1.11679654346061
L4_S7_reversible_reversible_reversible_TriFalseTrueTrue_i1,1274183148,4,7,reversible,reversible,True,7,151,3090,3.1153283749881666,38.93637500000477,14.36353813007119,14.363538130071188,True,0.0800107450913901
L4_S7_reversible_reversible_reversible_TriFalseTrueTrue_i2,3110835493,4,7,reversible,reversible,True,6,102,1865,1.0231871669966495,0.11141120899992529,7.69567826547168,7.69567826547168,True,9.183879853717912
L4_S7_reversible_reversible_reversible_TriFalseTrueTrue_i3,3155227671,4,7,reversible,reversible,True,7,151,3090,1.6869315000076313,0.48551108299579937,6.020970204815034,6.020970204815034,True,3.474547864333055
L4_S7_reversible_reversible_reversible_TriFalseTrueTrue_i4,1421661396,4,7,reversible,reversible,True,7,151,3090,1.769293082994409,0.6587877910060342,7.349513259193049,7.349513259193048,True,2.6856798265900514
L4_S7_reversible_reversible_reversible_TriFalseTrueFalse_i0,1592669406,4,7,reversible,reversible,False,7,151,3090,3.957732416005456,1.4119407499965746,9.314463594887993,9.314463594887993,True,2.803044258912432
L4_S7_reversible_reversible_reversible_TriFalseTrueFalse_i1,367878867,4,7,reversible,reversible,False,7,151,3090,2.9067964580026455,8.661276333004935,11.640611113781931,11.640611113781931,True,0.3356083267532184
L4_S7_reversible_reversible_reversible_TriFalseTrueFalse_i2,2503892186,4,7,reversible,reversible,False,7,151,3090,1.8211123750079423,8.744764417002443,9.665725298268262,9.665725298268264,True,0.20825173646289455
L4_S7_reversible_reversible_reversible_TriFalseTrueFalse_i3,1302828366,4,7,reversible,reversible,False,5,53,640,0.2235217499983264,0.0792338340106653,7.705218561969784,7.705218561969784,True,2.821039142788421
L4_S7_reversible_reversible_reversible_TriFalseTrueFalse_i4,2522900900,4,7,reversible,reversible,False,7,151,3090,4.02640837499348,9.02635649999138,11.141686165418498,11.141686165418498,True,0.44607238530311233
L4_S7_reversible_reversible_reversible_TriFalseFalseTrue_i0,3351271967,4,7,reversible,reversible,True,7,151,3090,3.0858634159958456,11.679847958002938,11.835338420379088,11.83533842037909,True,0.26420407413071095
L4_S7_reversible_reversible_reversible_TriFalseFalseTrue_i1,2440982297,4,7,reversible,reversible,True,7,151,3090,5.547959000003175,0.4617019579891348,6.090424323444712,6.090424323444712,True,12.01632111795682
L4_S7_reversible_reversible_reversible_TriFalseFalseTrue_i2,2090111624,4,7,reversible,reversible,True,7,151,3090,3.4153751660051057,9.716196833003778,9.945320203161414,9.945320203161414,True,0.3515135833860751
L4_S7_reversible_reversible_reversible_TriFalseFalseTrue_i3,1125993365,4,7,reversible,reversible,True,7,151,3090,2.5706304170016665,9.298644750000676,10.805633900906066,10.805633900906066,True,0.27645215897994463
L4_S7_reversible_reversible_reversible_TriFalseFalseTrue_i4,4243073493,4,7,reversible,reversible,True,7,151,3090,2.6723741659952793,10.690908291988308,11.066579348728382,11.066579348728384,True,0.2499669899654804
L4_S7_reversible_reversible_reversible_TriFalseFalseFalse_i0,3228181459,4,7,reversible,reversible,False,7,151,3090,2.0688723339990247,1.0241683330095839,8.734185445455331,8.734185445455331,True,2.020051065140298
L4_S7_reversible_reversible_reversible_TriFalseFalseFalse_i1,4108311901,4,7,reversible,reversible,False,7,151,3090,2.049013500000001,9.598055292008212,8.603045184204513,8.603045184204513,True,0.21348215210769028
L4_S7_reversible_reversible_reversible_TriFalseFalseFalse_i2,1576100028,4,7,reversible,reversible,False,7,151,3090,3.0796506670012604,8.016281666990835,9.551344581359956,9.55134458135996,True,0.38417445825267893
L4_S7_reversible_reversible_reversible_TriFalseFalseFalse_i3,2040396291,4,7,reversible,reversible,False,6,102,1865,1.747890833998099,6.383685540989973,13.38131326567143,13.38131326567143,True,0.2738059107863312
L4_S7_reversible_reversible_reversible_TriFalseFalseFalse_i4,1638868755,4,7,reversible,reversible,False,7,151,3090,2.5652786669961642,0.37693979100731667,6.177801991568785,6.177801991568785,True,6.80553956199554
L4_S7_reversible_reversible_irreversible_TriTrueTrueTrue_i0,1835895212,4,7,reversible,reversible,True,6,102,1865,0.7786889580020215,0.13310170800832566,5.643105907312508,5.643105907312507,True,5.850330276024582
L4_S7_reversible_reversible_irreversible_TriTrueTrueTrue_i1,909477408,4,7,reversible,reversible,True,6,102,1865,0.7377445839956636,1.5213489169982495,8.314070833018068,8.314070833018068,True,0.4849279315663946
L4_S7_reversible_reversible_irreversible_TriTrueTrueTrue_i2,2737571845,4,7,reversible,reversible,True,7,151,3090,2.4651810840005055,5.441989667000598,10.628750175053677,10.628750175053678,True,0.45299260645348116
L4_S7_reversible_reversible_irreversible_TriTrueTrueTrue_i3,2367444895,4,7,reversible,reversible,True,6,102,1865,0.8303546660026768,2.0801819170010276,10.718519239613274,10.718519239613274,True,0.399174062045792
L4_S7_reversible_reversible_irreversible_TriTrueTrueTrue_i4,3048916673,4,7,reversible,reversible,True,6,102,1865,1.8018673339975066,2.6545123329997296,11.377919689313185,11.377919689313185,True,0.6787941087779817
L4_S7_reversible_reversible_irreversible_TriTrueTrueFalse_i0,1437511069,4,7,reversible,reversible,False,7,151,3090,3.085321082995506,12.068112583001493,12.260967765996284,12.260967765996284,True,0.25565895756438894
L4_S7_reversible_reversible_irreversible_TriTrueTrueFalse_i1,2349497795,4,7,reversible,reversible,False,7,151,3090,1.3418989589990815,0.08003962499788031,4.217937709896066,4.217937709896066,True,16.765432650005373
L4_S7_reversible_reversible_irreversible_TriTrueTrueFalse_i2,3186419083,4,7,reversible,reversible,False,6,102,1865,0.9502735410060268,0.6926619589939946,11.568569007734755,11.568569007734755,True,1.3719153005230222
L4_S7_reversible_reversible_irreversible_TriTrueTrueFalse_i3,2484166712,4,7,reversible,reversible,False,6,102,1865,1.0210486249998212,0.5460848749935394,9.872514700273136,9.872514700273138,True,1.8697617712670382
L4_S7_reversible_reversible_irreversible_TriTrueTrueFalse_i4,2375545503,4,7,reversible,reversible,False,5,53,640,0.19261612500122283,0.08943812499637716,6.010667484067516,6.010667484067516,True,2.1536243392334167
L4_S7_reversible_reversible_irreversible_TriTrueFalseTrue_i0,2635406183,4,7,reversible,reversible,True,6,102,1865,0.8867482080095215,0.30965816699608695,7.601418852484475,7.601418852484474,True,2.86363577537127
L4_S7_reversible_reversible_irreversible_TriTrueFalseTrue_i1,1221456887,4,7,reversible,reversible,True,6,102,1865,0.8631070000119507,0.9418259579979349,6.851561182735379,6.851561182735379,True,0.916418783922947
L4_S7_reversible_reversible_irreversible_TriTrueFalseTrue_i2,482251885,4,7,reversible,reversible,True,7,151,3090,3.0112806249962887,1.073875832997146,8.859063727656647,8.859063727656645,True,2.8041236516029944
L4_S7_reversible_reversible_irreversible_TriTrueFalseTrue_i3,414351978,4,7,reversible,reversible,True,6,102,1865,0.9404183750011725,0.39940079099324066,8.657664529799924,8.657664529799924,True,2.354573135190698
L4_S7_reversible_reversible_irreversible_TriTrueFalseTrue_i4,4241560898,4,7,reversible,reversible,True,5,53,640,0.22357337499852292,0.12766537499555852,6.95774091407694,6.95774091407694,True,1.7512451849615125
L4_S7_reversible_reversible_irreversible_TriTrueFalseFalse_i0,1838533778,4,7,reversible,reversible,False,7,151,3090,2.539578583004186,1.3827693330094917,7.787781176124549,7.787781176124549,True,1.8365887357657829
L4_S7_reversible_reversible_irreversible_TriTrueFalseFalse_i1,2787632410,4,7,reversible,reversible,False,7,151,3090,3.1508114579919493,7.1230084159906255,11.506165867941219,11.50616586794122,True,0.442342795843996
L4_S7_reversible_reversible_irreversible_TriTrueFalseFalse_i2,3739319780,4,7,reversible,reversible,False,6,102,1865,0.7980630000092788,0.5863068750040838,8.674462064538757,8.674462064538757,True,1.3611694364705353
L4_S7_reversible_reversible_irreversible_TriTrueFalseFalse_i3,1172483612,4,7,reversible,reversible,False,6,102,1865,1.2355218330048956,0.20301720799761824,7.084890087110295,7.084890087110295,True,6.08579853454389
L4_S7_reversible_reversible_irreversible_TriTrueFalseFalse_i4,129692976,4,7,reversible,reversible,False,7,151,3090,2.315122458006954,5.3251391670055455,10.13728138827127,10.137281388271271,True,0.4347534186367658
L4_S7_reversible_reversible_irreversible_TriFalseTrueTrue_i0,1571719085,4,7,reversible,reversible,True,5,53,640,0.32212958300078753,0.16946841700701043,8.078032710269927,8.078032710269927,True,1.9008236861422874
L4_S7_reversible_reversible_irreversible_TriFalseTrueTrue_i1,1476733963,4,7,reversible,reversible,True,7,151,3090,3.382550833004643,0.9683911669999361,9.131740992090633,9.131740992090633,True,3.4929591933296797
L4_S7_reversible_reversible_irreversible_TriFalseTrueTrue_i2,3075548500,4,7,reversible,reversible,True,7,151,3090,7.605021499999566,0.7602216669911286,8.501031225138185,8.501031225138187,True,10.003689476643952
L4_S7_reversible_reversible_irreversible_TriFalseTrueTrue_i3,910742076,4,7,reversible,reversible,True,6,102,1865,0.5661894169898005,0.16312670799379703,7.522140726972276,7.5221407269722755,True,3.4708566149724147
L4_S7_reversible_reversible_irreversible_TriFalseTrueTrue_i4,1942317109,4,7,reversible,reversible,True,6,102,1865,0.6293155419989489,0.21825691699632443,7.186377377457913,7.186377377457912,True,2.883370423152163
L4_S7_reversible_reversible_irreversible_TriFalseTrueFalse_i0,1306201729,4,7,reversible,reversible,False,6,102,1865,0.9484398750064429,0.3025526249984978,9.484130305080223,9.484130305080223,True,3.134793069061486
L4_S7_reversible_reversible_irreversible_TriFalseTrueFalse_i1,496227715,4,7,reversible,reversible,False,6,102,1865,0.9298049170029117,0.1854724169970723,5.564617570634746,5.564617570634746,True,5.013170837173152
L4_S7_reversible_reversible_irreversible_TriFalseTrueFalse_i2,2927532132,4,7,reversible,reversible,False,5,53,640,0.25511875000665896,0.04312874999595806,6.8839925613779895,6.8839925613779895,True,5.9152825925927734
L4_S7_reversible_reversible_irreversible_TriFalseTrueFalse_i3,1437714108,4,7,reversible,reversible,False,7,151,3090,1.8387947909941431,0.4103372920071706,6.801966320861891,6.801966320861891,True,4.481178831001379
L4_S7_reversible_reversible_irreversible_TriFalseTrueFalse_i4,3920453401,4,7,reversible,reversible,False,7,151,3090,3.4220084580010734,15.791806875000475,12.223412063644655,12.223412063644655,True,0.21669518155022874
L4_S7_reversible_reversible_irreversible_TriFalseFalseTrue_i0,4164892466,4,7,reversible,reversible,True,6,102,1865,0.858856916995137,0.36510791700857226,6.771819447442524,6.771819447442523,True,2.352337143712594
L4_S7_reversible_reversible_irreversible_TriFalseFalseTrue_i1,1964164270,4,7,reversible,reversible,True,7,151,3090,2.7704235420096666,13.804826291991048,10.282838396684996,10.282838396684998,True,0.20068514323981454
L4_S7_reversible_reversible_irreversible_TriFalseFalseTrue_i2,4084047842,4,7,reversible,reversible,True,5,53,640,0.25202354200882837,0.04002241700072773,6.352611346548348,6.352611346548348,True,6.297059363186048
L4_S7_reversible_reversible_irreversible_TriFalseFalseTrue_i3,953843134,4,7,reversible,reversible,True,7,151,3090,2.3404065409995383,0.5982262500037905,6.728807752576259,6.728807752576259,True,3.9122431305421084
L4_S7_reversible_reversible_irreversible_TriFalseFalseTrue_i4,1627794616,4,7,reversible,reversible,True,7,151,3090,2.891341458001989,27.521907582995482,11.864497031483383,11.864497031483383,True,0.10505599763307684
L4_S7_reversible_reversible_irreversible_TriFalseFalseFalse_i0,1960392854,4,7,reversible,reversible,False,7,151,3090,3.9968194999964908,9.00385766600084,10.163853682111824,10.163853682111823,True,0.4439007865089698
L4_S7_reversible_reversible_irreversible_TriFalseFalseFalse_i1,518365438,4,7,reversible,reversible,False,7,151,3090,1.882235541997943,0.16610979099641554,5.400242167750764,5.400242167750764,True,11.33127384831449
L4_S7_reversible_reversible_irreversible_TriFalseFalseFalse_i2,4197997016,4,7,reversible,reversible,False,7,151,3090,3.0158740829938324,7.830220625008224,10.845533435634323,10.845533435634323,True,0.3851582512217536
L4_S7_reversible_reversible_irreversible_TriFalseFalseFalse_i3,194399357,4,7,reversible,reversible,False,7,151,3090,2.988118666995433,17.019404292004765,13.87145053777833,13.87145053777833,True,0.17557128413851686
L4_S7_reversible_reversible_irreversible_TriFalseFalseFalse_i4,2546645562,4,7,reversible,reversible,False,6,102,1865,0.7208448330056854,0.095070666007814,2.47250070715688,2.47250070715688,True,7.582200227399667
L4_S7_reversible_reversible_tree_TriTrueTrueTrue_i0,3162176772,4,7,reversible,reversible,True,6,102,1865,0.9927375410043169,4.8239692079951055,13.05532702836279,13.05532702836279,True,0.2057926777710749
L4_S7_reversible_reversible_tree_TriTrueTrueTrue_i1,3408281339,4,7,reversible,reversible,True,5,53,640,0.24811270799546037,0.13894408399937674,9.248662154425507,9.248662154425507,True,1.7857018382363907
L4_S7_reversible_reversible_tree_TriTrueTrueTrue_i2,626432825,4,7,reversible,reversible,True,6,102,1865,1.0745259579998674,0.42597158400167245,10.212133237349388,10.212133237349388,True,2.5225296612112014
L4_S7_reversible_reversible_tree_TriTrueTrueTrue_i3,1814210989,4,7,reversible,reversible,True,6,102,1865,1.13497958399239,0.44562933400447946,10.18455792723424,10.18455792723424,True,2.5469139817309854
L4_S7_reversible_reversible_tree_TriTrueTrueTrue_i4,4077750378,4,7,reversible,reversible,True,6,102,1865,1.2024698330060346,0.8826753329922212,11.538764955581833,11.538764955581833,True,1.3623013884022634
L4_S7_reversible_reversible_tree_TriTrueTrueFalse_i0,714184957,4,7,reversible,reversible,False,7,151,3090,2.5649694580060896,7.484100666988525,7.928989201280857,7.928989201280857,True,0.3427224688434699
L4_S7_reversible_reversible_tree_TriTrueTrueFalse_i1,2399063446,4,7,reversible,reversible,False,5,53,640,0.33661770800244994,0.09491629200056195,8.914217742422345,8.914217742422345,True,3.5464691820661076
L4_S7_reversible_reversible_tree_TriTrueTrueFalse_i2,4261477707,4,7,reversible,reversible,False,6,102,1865,1.063316040992504,0.30657937499927357,8.031208460569298,8.031208460569296,True,3.4683221515690716
L4_S7_reversible_reversible_tree_TriTrueTrueFalse_i3,2054708929,4,7,reversible,reversible,False,7,151,3090,2.4992562499974156,0.722275708001689,9.015270104374187,9.015270104374187,True,3.4602523923334254
L4_S7_reversible_reversible_tree_TriTrueTrueFalse_i4,2501317433,4,7,reversible,reversible,False,6,102,1865,0.4811718330020085,0.0475061250035651,4.203437835606409,4.203437835606409,True,10.128627052559471
L4_S7_reversible_reversible_tree_TriTrueFalseTrue_i0,2279174187,4,7,reversible,reversible,True,6,102,1865,0.9634274170093704,0.2529464580002241,7.7408072826365855,7.7408072826365855,True,3.808819545517009
L4_S7_reversible_reversible_tree_TriTrueFalseTrue_i1,2784565945,4,7,reversible,reversible,True,6,102,1865,1.025235667009838,0.6030477919994155,9.958195882116748,9.958195882116748,True,1.70009023979768
L4_S7_reversible_reversible_tree_TriTrueFalseTrue_i2,702916106,4,7,reversible,reversible,True,6,102,1865,1.2728347920055967,0.833804791996954,10.746103799343198,10.746103799343196,True,1.5265381090346486
L4_S7_reversible_reversible_tree_TriTrueFalseTrue_i3,1396283618,4,7,reversible,reversible,True,7,151,3090,3.710565209010383,13.235017750004772,9.751578113194622,9.75157811319462,True,0.280359669992032
L4_S7_reversible_reversible_tree_TriTrueFalseTrue_i4,193987572,4,7,reversible,reversible,True,7,151,3090,2.044672542004264,74.28009308299806,10.22064841537995,10.22064841537995,True,0.027526520997921872
L4_S7_reversible_reversible_tree_TriTrueFalseFalse_i0,1326477226,4,7,reversible,reversible,False,6,102,1865,2.0011882090038853,1.2071086250070948,9.625081478804116,9.625081478804116,True,1.6578360603912403
L4_S7_reversible_reversible_tree_TriTrueFalseFalse_i1,2082037163,4,7,reversible,reversible,False,6,102,1865,1.1829495840065647,3.385353583988035,10.926490128398772,10.926490128398772,True,0.34943161897540626
L4_S7_reversible_reversible_tree_TriTrueFalseFalse_i2,1229518931,4,7,reversible,reversible,False,5,53,640,0.33106054199743085,0.6347819579968927,9.64807634875272,9.64807634875272,True,0.5215342643331983
L4_S7_reversible_reversible_tree_TriTrueFalseFalse_i3,3800228577,4,7,reversible,reversible,False,7,151,3090,2.2734425000089686,1.0812290839967318,8.121749258228268,8.121749258228268,True,2.102646452593199
L4_S7_reversible_reversible_tree_TriTrueFalseFalse_i4,4264190502,4,7,reversible,reversible,False,5,53,640,0.29693466699973214,0.12720404200081248,8.64184257127705,8.64184257127705,True,2.334317840808217
L4_S7_reversible_reversible_tree_TriFalseTrueTrue_i0,1238258023,4,7,reversible,reversible,True,6,102,1865,0.9587622500112047,0.44542099999671336,7.571526482389425,7.571526482389425,True,2.1524855089135753
L4_S7_reversible_reversible_tree_TriFalseTrueTrue_i1,2141520481,4,7,reversible,reversible,True,7,151,3090,2.908691958000418,0.22338779199344572,5.371462088507182,5.371462088507183,True,13.020818725245922
L4_S7_reversible_reversible_tree_TriFalseTrueTrue_i2,4078035406,4,7,reversible,reversible,True,6,102,1865,1.112612207987695,6.207270624989178,12.209527155546825,12.209527155546825,True,0.179243386510217
L4_S7_reversible_reversible_tree_TriFalseTrueTrue_i3,491215262,4,7,reversible,reversible,True,5,53,640,0.29692120901017915,0.23600650001026224,11.46370886313305,11.46370886313305,True,1.2581060595329454
L4_S7_reversible_reversible_tree_TriFalseTrueTrue_i4,3520448036,4,7,reversible,reversible,True,7,151,3090,1.8409075000090525,0.13512337500287686,6.216481322483216,6.216481322483216,True,13.62390101894626
L4_S7_reversible_reversible_tree_TriFalseTrueFalse_i0,928446962,4,7,reversible,reversible,False,6,102,1865,0.9639796249975916,0.5636955420050072,6.569496934606918,6.569496934606918,True,1.7101068776572337
L4_S7_reversible_reversible_tree_TriFalseTrueFalse_i1,3435800066,4,7,reversible,reversible,False,6,102,1865,0.5963529580039904,0.6769016659964109,7.869692700558837,7.869692700558838,True,0.8810038253416688
L4_S7_reversible_reversible_tree_TriFalseTrueFalse_i2,838649109,4,7,reversible,reversible,False,5,53,640,0.253654624990304,0.07382845800020732,7.807720946456849,7.807720946456849,True,3.435729641730592
L4_S7_reversible_reversible_tree_TriFalseTrueFalse_i3,2928603124,4,7,reversible,reversible,False,6,102,1865,1.2721487079979852,0.9657750410115113,10.158278077762075,10.158278077762075,True,1.3172308795103675
L4_S7_reversible_reversible_tree_TriFalseTrueFalse_i4,925946895,4,7,reversible,reversible,False,7,151,3090,3.524016167008085,14.023106499997084,9.625774088173124,9.625774088173124,True,0.251300677689178
L4_S7_reversible_reversible_tree_TriFalseFalseTrue_i0,284882628,4,7,reversible,reversible,True,6,102,1865,1.205156749987509,1.075086041004397,10.54091514226861,10.54091514226861,True,1.120986323792845
L4_S7_reversible_reversible_tree_TriFalseFalseTrue_i1,2542851049,4,7,reversible,reversible,True,6,102,1865,1.1306507920089643,0.32820716699643526,8.245969342167644,8.245969342167644,True,3.4449302216984017
L4_S7_reversible_reversible_tree_TriFalseFalseTrue_i2,2929110902,4,7,reversible,reversible,True,6,102,1865,0.8635368749964982,0.16022004099795595,7.322062730832606,7.322062730832605,True,5.389693225816999
L4_S7_reversible_reversible_tree_TriFalseFalseTrue_i3,345158914,4,7,reversible,reversible,True,5,53,640,0.24811874999431893,0.24374404200352728,8.388536385347356,8.388536385347356,True,1.0179479544889978
L4_S7_reversible_reversible_tree_TriFalseFalseTrue_i4,138131214,4,7,reversible,reversible,True,6,102,1865,0.6811153340095188,0.3068927919957787,7.942443267626339,7.942443267626339,True,2.2193917535850622
L4_S7_reversible_reversible_tree_TriFalseFalseFalse_i0,2176202331,4,7,reversible,reversible,False,6,102,1865,1.2263043340062723,1.2380114579864312,10.474449971981826,10.474449971981825,True,0.9905436053154599
L4_S7_reversible_reversible_tree_TriFalseFalseFalse_i1,1902650665,4,7,reversible,reversible,False,7,151,3090,2.997254832996987,6.844117375003407,10.188753295066526,10.188753295066526,True,0.43793153570186444
L4_S7_reversible_reversible_tree_TriFalseFalseFalse_i2,1140877590,4,7,reversible,reversible,False,6,102,1865,1.2137914169870783,0.25766479200683534,7.655185644876992,7.655185644876993,True,4.710738331079941
L4_S7_reversible_reversible_tree_TriFalseFalseFalse_i3,1817974899,4,7,reversible,reversible,False,5,53,640,0.28182033299526665,0.08235754199267831,8.009433414881771,8.009433414881771,True,3.4219128297734773
L4_S7_reversible_reversible_tree_TriFalseFalseFalse_i4,4040539332,4,7,reversible,reversible,False,6,102,1865,1.4341573749989038,2.307440624994342,11.806664168295267,11.806664168295267,True,0.6215359818330686
L4_S7_reversible_irreversible_irreversible_TriTrueTrueTrue_i0,3564719692,4,7,reversible,irreversible,True,7,151,2354,2.1956333340058336,15.700128374999622,10.514717378062143,10.514717378062143,True,0.13984811343085837
L4_S7_reversible_irreversible_irreversible_TriTrueTrueTrue_i1,64439162,4,7,reversible,irreversible,True,6,102,1418,0.8283723750064382,0.6222744580009021,7.109877042499848,7.10987704249985,True,1.331200988606279
L4_S7_reversible_irreversible_irreversible_TriTrueTrueTrue_i2,3127341285,4,7,reversible,irreversible,True,6,102,1422,0.8407688749866793,19.57294604201161,9.138622599650244,9.138622599650246,True,0.04295566304321726
L4_S7_reversible_irreversible_irreversible_TriTrueTrueTrue_i3,3636024421,4,7,reversible,irreversible,True,6,74,911,0.4621478329936508,0.1011103750061011,11.192161270644913,11.192161270644913,True,4.570726084193025
L4_S7_reversible_irreversible_irreversible_TriTrueTrueTrue_i4,3569550186,4,7,reversible,irreversible,True,7,151,2353,1.462670042004902,0.263597834011307,5.313461566784174,5.3134615667841745,True,5.548869708820487
L4_S7_reversible_irreversible_irreversible_TriTrueTrueFalse_i0,2041244132,4,7,reversible,irreversible,False,6,102,1418,0.4301049579953542,0.3669454170012614,4.840412028226784,4.840412028226783,True,1.1721224380948005
L4_S7_reversible_irreversible_irreversible_TriTrueTrueFalse_i1,4185702065,4,7,reversible,irreversible,False,7,151,2354,1.4942203749960754,0.9985068339883583,5.837208912966966,5.837208912966966,True,1.496454828988223
L4_S7_reversible_irreversible_irreversible_TriTrueTrueFalse_i2,2443497823,4,7,reversible,irreversible,False,6,88,1155,0.736659290996613,0.4487226670025848,11.617634477885126,11.617634477885128,True,1.641680582520448
L4_S7_reversible_irreversible_irreversible_TriTrueTrueFalse_i3,1999271101,4,7,reversible,irreversible,False,7,130,1917,0.6849992920033401,0.09243129099195357,4.377365608245164,4.377365608245164,True,7.410902490284041
L4_S7_reversible_irreversible_irreversible_TriTrueTrueFalse_i4,828356161,4,7,reversible,irreversible,False,7,151,2351,2.0416641249903478,76.16976037499262,7.408513704194336,7.408513704194336,True,0.02680412955104746
L4_S7_reversible_irreversible_irreversible_TriTrueFalseTrue_i0,2671572899,4,7,reversible,irreversible,True,7,130,1917,1.0249428749957588,0.26761920799617656,4.883425300051377,4.883425300051377,True,3.8298554085121816
L4_S7_reversible_irreversible_irreversible_TriTrueFalseTrue_i1,1403617757,4,7,reversible,irreversible,True,7,151,2349,1.6543660419993103,0.6688016249972861,8.534739709998771,8.534739709998771,True,2.473627422081093
L4_S7_reversible_irreversible_irreversible_TriTrueFalseTrue_i2,1592912663,4,7,reversible,irreversible,True,7,123,1753,0.8884972910018405,0.5980115419952199,7.162194491158434,7.162194491158434,True,1.4857527440886582
L4_S7_reversible_irreversible_irreversible_TriTrueFalseTrue_i3,1436890820,4,7,reversible,irreversible,True,7,151,2345,1.3674481250054669,6.074149790991214,9.1114769606532,9.1114769606532,True,0.22512584836291846
L4_S7_reversible_irreversible_irreversible_TriTrueFalseTrue_i4,781801160,4,7,reversible,irreversible,True,5,53,489,0.22593120898818597,0.08270770800299942,8.445459732751827,8.445459732751827,True,2.7316825929731956
L4_S7_reversible_irreversible_irreversible_TriTrueFalseFalse_i0,261168705,4,7,reversible,irreversible,False,6,102,1421,0.7845474580099108,0.39010466600302607,8.644596952357315,8.644596952357315,True,2.0111204104200704
L4_S7_reversible_irreversible_irreversible_TriTrueFalseFalse_i1,774129167,4,7,reversible,irreversible,False,7,151,2349,1.050876542009064,1.0607179579965305,4.5895718818447815,4.5895718818447815,True,0.9907219285730047
L4_S7_reversible_irreversible_irreversible_TriTrueFalseFalse_i2,3455639150,4,7,reversible,irreversible,False,7,137,2012,1.3287359169917181,13.193188375007594,10.030895100148067,10.030895100148067,True,0.10071378344055816
L4_S7_reversible_irreversible_irreversible_TriTrueFalseFalse_i3,1463719597,4,7,reversible,irreversible,False,6,102,1418,0.6379209170117974,88.00546341699373,7.082411568691093,7.082411568691093,True,0.007248651302270935
L4_S7_reversible_irreversible_irreversible_TriTrueFalseFalse_i4,3193428779,4,7,reversible,irreversible,False,6,102,1424,1.0444954999984475,0.14565737498924136,4.36295111342087,4.36295111342087,True,7.170907020016595
L4_S7_reversible_irreversible_irreversible_TriFalseTrueTrue_i0,2082883151,4,7,reversible,irreversible,True,6,102,1421,0.5596528750029393,0.16239133400085848,6.966033337261427,6.966033337261427,True,3.4463222745227178
L4_S7_reversible_irreversible_irreversible_TriFalseTrueTrue_i1,1018883427,4,7,reversible,irreversible,True,7,151,2355,2.3037379999877885,4.151402624993352,6.939038812260438,6.939038812260438,True,0.5549300339030709
L4_S7_reversible_irreversible_irreversible_TriFalseTrueTrue_i2,766527335,4,7,reversible,irreversible,True,6,102,1416,0.7704868329892633,0.5082085000030929,10.842900647318134,10.842900647318135,True,1.5160841101014448
L4_S7_reversible_irreversible_irreversible_TriFalseTrueTrue_i3,3713723823,4,7,reversible,irreversible,True,6,102,1424,0.6324330839997856,0.36563495799782686,6.940798101114814,6.940798101114814,True,1.7296843981582855
L4_S7_reversible_irreversible_irreversible_TriFalseTrueTrue_i4,2446043330,4,7,reversible,irreversible,True,6,88,1156,0.5762721669889288,0.16260987499845214,10.697429965788313,10.697429965788313,True,3.5438940190472454
L4_S7_reversible_irreversible_irreversible_TriFalseTrueFalse_i0,3117794333,4,7,reversible,irreversible,False,6,102,1422,0.7718957909964956,0.8002651660062838,7.407679787672281,7.407679787672281,True,0.9645500301907237
L4_S7_reversible_irreversible_irreversible_TriFalseTrueFalse_i1,3291033920,4,7,reversible,irreversible,False,7,144,2177,1.4923915840045083,1.046593417006079,7.12842461251066,7.128424612510659,True,1.4259516239340995
L4_S7_reversible_irreversible_irreversible_TriFalseTrueFalse_i2,101618337,4,7,reversible,irreversible,False,6,102,1423,0.559276250001858,0.5896225420001429,7.022392129112747,7.022392129112747,True,0.9485326784761731
L4_S7_reversible_irreversible_irreversible_TriFalseTrueFalse_i3,1486485933,4,7,reversible,irreversible,False,6,88,1157,0.5323521249956684,0.19799016699835192,5.963860096520304,5.963860096520304,True,2.688780611571074
L4_S7_reversible_irreversible_irreversible_TriFalseTrueFalse_i4,2601383797,4,7,reversible,irreversible,False,6,102,1421,0.892849916999694,5.167853916995227,9.910649165119771,9.910649165119771,True,0.17276996044541026
L4_S7_reversible_irreversible_irreversible_TriFalseFalseTrue_i0,1356275664,4,7,reversible,irreversible,True,6,102,1423,0.9249249160056934,0.5390577919897623,7.31335718932335,7.31335718932335,True,1.715817724989757
L4_S7_reversible_irreversible_irreversible_TriFalseFalseTrue_i1,3389294537,4,7,reversible,irreversible,True,7,130,1917,0.5677829589985777,0.09349250000377651,3.5399643259574147,3.5399643259574147,True,6.073032092441754
L4_S7_reversible_irreversible_irreversible_TriFalseFalseTrue_i2,165401438,4,7,reversible,irreversible,True,6,88,1156,0.5897535830008565,0.4188479589938652,8.210682375303904,8.210682375303904,True,1.4080373771176884
L4_S7_reversible_irreversible_irreversible_TriFalseFalseTrue_i3,811155176,4,7,reversible,irreversible,True,6,102,1419,0.7275242500036256,0.9587712079955963,8.9127702620629,8.912770262062901,True,0.7588090288670394
L4_S7_reversible_irreversible_irreversible_TriFalseFalseTrue_i4,1443576340,4,7,reversible,irreversible,True,7,137,2002,1.2357142079999903,1.1690179580036784,8.31718405417875,8.317184054178748,True,1.0570532287229832
L4_S7_reversible_irreversible_irreversible_TriFalseFalseFalse_i0,2927855959,4,7,reversible,irreversible,False,7,151,2352,1.5526005830033682,2.0917195410002023,6.335885077517478,6.335885077517478,True,0.7422603995556197
L4_S7_reversible_irreversible_irreversible_TriFalseFalseFalse_i1,3689514460,4,7,reversible,irreversible,False,6,102,1421,0.8361901250027586,3.9799726659985026,8.795586571959289,8.795586571959289,True,0.21009946423410278
L4_S7_reversible_irreversible_irreversible_TriFalseFalseFalse_i2,3164968856,4,7,reversible,irreversible,False,7,151,2351,1.4217372499988414,1.4440968330018222,7.171956362232454,7.171956362232454,True,0.9845165618561611
L4_S7_reversible_irreversible_irreversible_TriFalseFalseFalse_i3,3105323053,4,7,reversible,irreversible,False,6,60,692,0.3418603750033071,0.2663707500032615,10.414117232080866,10.414117232080866,True,1.2834005750095336
L4_S7_reversible_irreversible_tree_TriTrueTrueTrue_i0,719697779,4,7,reversible,irreversible,True,6,102,1423,0.5537017079914222,0.5425662079942413,9.348694984603574,9.348694984603576,True,1.0205237606260493
L4_S7_reversible_irreversible_tree_TriTrueTrueTrue_i1,3026570357,4,7,reversible,irreversible,True,7,151,2355,0.8763489169941749,0.39028470899211243,4.095206660908072,4.095206660908072,True,2.2454092987959626
L4_S7_reversible_irreversible_tree_TriTrueTrueTrue_i2,2445986413,4,7,reversible,irreversible,True,5,53,487,0.1601491250039544,0.14317912499245722,8.002069274398918,8.002069274398918,True,1.118522856553763
L4_S7_reversible_irreversible_tree_TriTrueTrueTrue_i3,2037841311,4,7,reversible,irreversible,True,7,130,1915,0.9823300409916556,0.28067062501213513,7.806681222065885,7.806681222065886,True,3.4999388961678632
L4_S7_reversible_irreversible_tree_TriTrueTrueTrue_i4,2006568270,4,7,reversible,irreversible,True,7,151,2350,1.3845215830078814,3.602346750005381,8.882412654136147,8.882412654136147,True,0.38433878765876006
L4_S7_reversible_irreversible_tree_TriTrueTrueFalse_i0,2576347425,4,7,reversible,irreversible,False,6,102,1424,0.3986321249976754,0.638510207994841,6.477905406581504,6.477905406581504,True,0.6243159770698299
L4_S7_reversible_irreversible_tree_TriTrueTrueFalse_i1,4015449133,4,7,reversible,irreversible,False,6,88,1158,0.3463884170050733,0.30773316699196585,8.175880345986526,8.175880345986526,True,1.1256128784080779
L4_S7_reversible_irreversible_tree_TriTrueTrueFalse_i2,1399496623,4,7,reversible,irreversible,False,6,102,1422,0.8048624999937601,0.4503236669988837,7.202803834953884,7.202803834953884,True,1.7872977975382702
L4_S7_reversible_irreversible_tree_TriTrueTrueFalse_i3,1431256666,4,7,reversible,irreversible,False,6,102,1416,0.6369180830079131,0.34301466699980665,9.135777743065393,9.135777743065393,True,1.8568246271272342
L4_S7_reversible_irreversible_tree_TriTrueTrueFalse_i4,3498754118,4,7,reversible,irreversible,False,6,102,1424,0.6150890839926433,2.109119083994301,6.082813229576476,6.082813229576476,True,0.2916331696815049
L4_S7_reversible_irreversible_tree_TriTrueFalseTrue_i0,1667057981,4,7,reversible,irreversible,True,5,32,241,0.06878587500250433,0.0649969170044642,6.4841630413182045,6.4841630413182045,True,1.0582944101715699
L4_S7_reversible_irreversible_tree_TriTrueFalseTrue_i1,3542013215,4,7,reversible,irreversible,True,7,151,2349,1.3296149999951012,4.241503792000003,10.018892441011836,10.018892441011838,True,0.3134772629908857
L4_S7_reversible_irreversible_tree_TriTrueFalseTrue_i2,4026598665,4,7,reversible,irreversible,True,7,130,1917,0.8706007500004489,0.766083125010482,3.8175157314482,3.8175157314482,True,1.136431178864703
L4_S7_reversible_irreversible_tree_TriTrueFalseTrue_i3,790913014,4,7,reversible,irreversible,True,7,144,2174,1.1836105420079548,7.012614167004358,9.545667783573158,9.545667783573158,True,0.16878306914535202
L4_S7_reversible_irreversible_tree_TriTrueFalseTrue_i4,2876475383,4,7,reversible,irreversible,True,5,53,493,0.11403154200525023,0.03473991699866019,3.550316523571082,3.550316523571082,True,3.282435554673677
L4_S7_reversible_irreversible_tree_TriTrueFalseFalse_i0,1234364745,4,7,reversible,irreversible,False,6,102,1414,0.43557041700114496,1.1280346250132425,7.2383855287113255,7.2383855287113255,True,0.3861321336744423
L4_S7_reversible_irreversible_tree_TriTrueFalseFalse_i1,3718811036,4,7,reversible,irreversible,False,7,151,2354,1.531850958999712,4.218896082995343,8.830315039489543,8.830315039489543,True,0.36309283957262856
L4_S7_reversible_irreversible_tree_TriTrueFalseFalse_i2,953699614,4,7,reversible,irreversible,False,6,88,1078,0.3409493330109399,0.29413474998727906,7.847733160888685,7.847733160888685,True,1.159160323173393
L4_S7_reversible_irreversible_tree_TriTrueFalseFalse_i3,800532652,4,7,reversible,irreversible,False,6,102,1421,0.7236900830030208,199.53757516600308,5.937940389289427,,False,0.003626836110428465
L4_S7_reversible_irreversible_tree_TriTrueFalseFalse_i4,3883774736,4,7,reversible,irreversible,False,7,151,2355,2.0538190420047613,3.0758650000061607,5.907546204925198,5.907546204925198,True,0.6677208009236189
L4_S7_reversible_irreversible_tree_TriFalseTrueTrue_i0,3029882685,4,7,reversible,irreversible,True,5,53,489,0.1452678339992417,0.08355066701187752,8.967455423914831,8.967455423914831,True,1.73867950377836
L4_S7_reversible_irreversible_tree_TriFalseTrueTrue_i1,3711271872,4,7,reversible,irreversible,True,6,102,1419,0.6616459999931976,4.125059832993429,8.92154780623995,8.92154780623995,True,0.16039670371342582
L4_S7_reversible_irreversible_tree_TriFalseTrueTrue_i2,3703930628,4,7,reversible,irreversible,True,6,95,1246,0.4471681249997346,0.44517308298964053,7.441847004009196,7.441847004009196,True,1.0044814951349135
L4_S7_reversible_irreversible_tree_TriFalseTrueTrue_i3,1258018858,4,7,reversible,irreversible,True,6,102,1421,0.6349802920012735,0.8379012499935925,8.918089477760095,8.918089477760095,True,0.7578223463066882
L4_S7_reversible_irreversible_tree_TriFalseTrueTrue_i4,2977700141,4,7,reversible,irreversible,True,6,102,1419,1.1501325419958448,0.7268628330057254,9.610926033446226,9.610926033446225,True,1.582324048207953
L4_S7_reversible_irreversible_tree_TriFalseTrueFalse_i0,3124761555,4,7,reversible,irreversible,False,6,102,1417,0.5248758749949047,0.5472858749999432,10.617970675782393,10.617970675782393,True,0.9590524769818092
L4_S7_reversible_irreversible_tree_TriFalseTrueFalse_i1,2731472587,4,7,reversible,irreversible,False,6,102,1424,0.486025582998991,0.7940792920126114,4.960763524805254,4.960763524805254,True,0.612061776796983
L4_S7_reversible_irreversible_tree_TriFalseTrueFalse_i2,2260886033,4,7,reversible,irreversible,False,6,102,1414,0.47985812500701286,0.19994974999281112,9.751460861330719,9.751460861330719,True,2.3998935863854385
L4_S7_reversible_irreversible_tree_TriFalseTrueFalse_i3,3563315625,4,7,reversible,irreversible,False,5,53,488,0.14945700000680517,0.10903904199949466,7.037707370038001,7.037707370038001,True,1.3706741722549587
L4_S7_reversible_irreversible_tree_TriFalseTrueFalse_i4,4157546017,4,7,reversible,irreversible,False,7,144,2171,1.289084708012524,1.4536214580002706,11.634922760075828,11.634922760075828,True,0.8868090795103514
L4_S7_reversible_irreversible_tree_TriFalseFalseTrue_i0,1009340943,4,7,reversible,irreversible,True,6,88,1156,0.3364761249977164,0.41341687500244007,4.305012071499183,4.305012071499183,True,0.8138906380680271
L4_S7_reversible_irreversible_tree_TriFalseFalseTrue_i1,3630826631,4,7,reversible,irreversible,True,5,46,403,0.18149016698589548,0.12769370900059585,6.458861443443361,6.458861443443361,True,1.4212929280937066
L4_S7_reversible_irreversible_tree_TriFalseFalseTrue_i2,3376697518,4,7,reversible,irreversible,True,7,151,2349,1.387666624999838,0.4184319579944713,9.143503327908904,9.143503327908904,True,3.316349516739884
L4_S7_reversible_irreversible_tree_TriFalseFalseTrue_i3,3180366598,4,7,reversible,irreversible,True,6,102,1422,0.6532006659981562,0.7099717499950202,6.29847991354133,6.29847991354133,True,0.9200375438638231
L4_S7_reversible_irreversible_tree_TriFalseFalseTrue_i4,3610799944,4,7,reversible,irreversible,True,6,102,1420,0.44720283399510663,0.2671264590026112,7.275662147305193,7.275662147305193,True,1.6741240609063404
L4_S7_reversible_irreversible_tree_TriFalseFalseFalse_i0,2761092061,4,7,reversible,irreversible,False,5,53,490,0.18176616700657178,0.2081314169918187,6.853765681722658,6.853765681722658,True,0.8733240217184159
L4_S7_reversible_irreversible_tree_TriFalseFalseFalse_i1,838213157,4,7,reversible,irreversible,False,7,151,2355,2.044358250001096,0.40603062500304077,5.57026968087947,5.57026968087947,True,5.034985341193908
L4_S7_reversible_irreversible_tree_TriFalseFalseFalse_i2,1501893996,4,7,reversible,irreversible,False,7,151,2354,3.0728100829874165,3.683531500006211,5.892738386650566,5.892738386650567,True,0.834202200292853
L4_S7_reversible_irreversible_tree_TriFalseFalseFalse_i3,2448619052,4,7,reversible,irreversible,False,7,137,2010,1.6096152910031378,4.764004083990585,10.424326245109716,10.424326245109716,True,0.3378702583556493
L4_S7_reversible_irreversible_tree_TriFalseFalseFalse_i4,1546977108,4,7,reversible,irreversible,False,6,102,1420,0.8273902499931864,0.8743148750072578,8.501741853673824,8.501741853673824,True,0.9463298323043954
L4_S7_reversible_tree_tree_TriTrueTrueTrue_i0,2472807010,4,7,reversible,tree,True,6,46,472,0.10884149999765214,0.20602470899757463,,11.047089979417606,False,0.5282934265454539
L4_S7_reversible_tree_tree_TriTrueTrueTrue_i1,2205512005,4,7,reversible,tree,True,5,18,123,0.08272070800012443,0.005177957995329052,3.6616439081391468,3.6616439081391468,True,15.97554327385469
L4_S7_reversible_tree_tree_TriTrueTrueTrue_i2,3001635529,4,7,reversible,tree,True,6,46,473,0.11881133398856036,3.296867375000147,,,False,0.036037644357021614
L4_S7_reversible_tree_tree_TriTrueTrueTrue_i3,863049902,4,7,reversible,tree,True,6,32,318,0.10212545900139958,0.07576125000196043,,9.616484838292727,False,1.3479906634429377
L4_S7_reversible_tree_tree_TriTrueTrueTrue_i4,4107907560,4,7,reversible,tree,True,7,74,823,0.1531287079997128,0.8032714590081014,,13.799047730501153,False,0.19063133152791015
L4_S7_reversible_tree_tree_TriTrueTrueFalse_i0,3821669355,4,7,reversible,tree,False,7,102,1186,0.4668509159964742,0.8498455840017414,8.238817959815027,8.238817959815027,True,0.5493361667525961
L4_S7_reversible_tree_tree_TriTrueTrueFalse_i1,124828583,4,7,reversible,tree,False,6,46,472,0.12038991700683255,0.09853716599172913,,9.986973856662033,False,1.2217716490361212
L4_S7_reversible_tree_tree_TriTrueTrueFalse_i2,4183039260,4,7,reversible,tree,False,7,60,669,0.1385840410075616,70.7997991250013,,,False,0.0019574072627088356
L4_S7_reversible_tree_tree_TriTrueTrueFalse_i3,2884266038,4,7,reversible,tree,False,6,32,319,0.32910912499937695,0.028478667009039782,5.241356590728482,5.241356590728482,True,11.55633841073291
L4_S7_reversible_tree_tree_TriTrueTrueFalse_i4,3373500880,4,7,reversible,tree,False,6,32,316,0.11462808299984317,0.24179033300606534,,,False,0.4740805023122542
L4_S7_reversible_tree_tree_TriTrueFalseTrue_i0,2905687043,4,7,reversible,tree,True,5,18,120,0.09686345800582785,0.03863591699337121,,11.607876865510917,False,2.5070831246315093
L4_S7_reversible_tree_tree_TriTrueFalseTrue_i1,4036034837,4,7,reversible,tree,True,7,60,669,0.2395506250031758,0.14682129200082272,5.52469065518429,5.52469065518429,True,1.6315795897658623
L4_S7_reversible_tree_tree_TriTrueFalseTrue_i2,1108021025,4,7,reversible,tree,True,5,18,123,0.10177649999968708,0.013365625010919757,5.563996058580667,5.563996058580667,True,7.614794841374087
L4_S7_reversible_tree_tree_TriTrueFalseTrue_i3,3164142123,4,7,reversible,tree,True,6,32,319,0.14711975000682287,0.14879883300454821,7.16781087433272,7.16781087433272,True,0.9887157449252995
L4_S7_reversible_tree_tree_TriTrueFalseTrue_i4,1635215742,4,7,reversible,tree,True,7,53,562,0.14197437500115484,1.7268295410030987,,14.30522415963894,False,0.08221678605084928
L4_S7_reversible_tree_tree_TriTrueFalseFalse_i0,574077376,4,7,reversible,tree,False,6,32,317,0.11501429100462701,0.7256419580080546,,,False,0.15850005581519902
L4_S7_reversible_tree_tree_TriTrueFalseFalse_i1,1071828799,4,7,reversible,tree,False,6,46,473,0.14043316600145772,2.008667999994941,,,False,0.06991357752097302
L4_S7_reversible_tree_tree_TriTrueFalseFalse_i2,1630383308,4,7,reversible,tree,False,6,53,522,0.18105962499976158,0.06397858299897052,7.4568870675526435,7.456887067552644,True,2.830003630631697
L4_S7_reversible_tree_tree_TriTrueFalseFalse_i3,4127728541,4,7,reversible,tree,False,6,60,627,0.27304741700936574,0.10071508299733978,6.656381987792396,6.656381987792396,True,2.711087616394957
L4_S7_reversible_tree_tree_TriTrueFalseFalse_i4,3480864583,4,7,reversible,tree,False,6,46,473,0.1623727499973029,0.1318464159994619,4.649447262702785,4.649447262702785,True,1.2315294847789877
L4_S7_reversible_tree_tree_TriFalseTrueTrue_i0,387341063,4,7,reversible,tree,True,7,25,252,0.169528917002026,0.021164958001463674,4.338947712277529,4.338947712277529,True,8.00988638769875
L4_S7_reversible_tree_tree_TriFalseTrueTrue_i1,1285098767,4,7,reversible,tree,True,6,46,473,0.13111266698979307,3.1983393330010585,,27.038257903303762,False,0.04099398259464037
L4_S7_reversible_tree_tree_TriFalseTrueTrue_i2,1765195230,4,7,reversible,tree,True,5,18,122,0.09861158300191164,0.056815167001332156,,10.97059074290868,False,1.7356559255373403
L4_S7_reversible_tree_tree_TriFalseTrueTrue_i3,1931547675,4,7,reversible,tree,True,7,88,977,0.392007750007906,0.3511594169976888,10.081824656342683,10.081824656342679,True,1.1163241818862053
L4_S7_reversible_tree_tree_TriFalseTrueTrue_i4,1858464917,4,7,reversible,tree,True,5,18,123,0.10395733299083076,0.004166417013038881,4.642389684358777,4.642389684358777,True,24.95124893025481
L4_S7_reversible_tree_tree_TriFalseTrueFalse_i0,229874269,4,7,reversible,tree,False,6,18,161,0.10415683299652301,0.003300791999208741,3.1941297842461056,3.1941297842461056,True,31.55509388849627
L4_S7_reversible_tree_tree_TriFalseTrueFalse_i1,3643763337,4,7,reversible,tree,False,6,25,212,0.10329287499189377,0.16094516699376982,,14.759058653192668,False,0.6417892272223559
L4_S7_reversible_tree_tree_TriFalseTrueFalse_i2,987234923,4,7,reversible,tree,False,7,67,718,0.2097072920005303,41.52487566700438,,,False,0.005050160623650303
L4_S7_reversible_tree_tree_TriFalseTrueFalse_i3,2929411493,4,7,reversible,tree,False,7,67,773,0.48301341700425837,0.39050466699700337,,13.198056443689659,False,1.2368953730611099
L4_S7_reversible_tree_tree_TriFalseTrueFalse_i4,2057732499,4,7,reversible,tree,False,6,25,211,0.12059441700694151,0.264967124996474,,18.362196711773834,False,0.4551297318617038
L4_S7_reversible_tree_tree_TriFalseFalseTrue_i0,469132959,4,7,reversible,tree,True,6,46,472,0.15395100000023376,18.283361374997185,,,False,0.008420278789782286
L4_S7_reversible_tree_tree_TriFalseFalseTrue_i1,1454487589,4,7,reversible,tree,True,5,25,172,0.37221645799581893,0.04269508300058078,7.299328710869239,7.299328710869239,True,8.71801676255645
L4_S7_reversible_tree_tree_TriFalseFalseTrue_i2,2804323555,4,7,reversible,tree,True,6,32,319,0.1559906670008786,0.007000457990216091,4.463451584354533,4.463451584354533,True,22.28291990837924
L4_S7_reversible_tree_tree_TriFalseFalseTrue_i3,124182826,4,7,reversible,tree,True,7,88,1031,0.3425298749934882,0.24897854099981487,8.1955306544634,8.1955306544634,True,1.3757405447162707
L4_S7_reversible_tree_tree_TriFalseFalseTrue_i4,456466899,4,7,reversible,tree,True,7,46,513,0.16357987499213777,14.327502291998826,,,False,0.011417194124063867
L4_S7_reversible_tree_tree_TriFalseFalseFalse_i0,2599749498,4,7,reversible,tree,False,7,46,515,0.4009378329938045,0.04585124998993706,2.798318629368622,2.798318629368622,True,8.744316116517693
L4_S7_reversible_tree_tree_TriFalseFalseFalse_i1,2067904100,4,7,reversible,tree,False,6,39,368,0.14826116699259728,0.39060508299735375,,14.652215138637025,False,0.3795679397598463
L4_S7_reversible_tree_tree_TriFalseFalseFalse_i2,1107786933,4,7,reversible,tree,False,6,46,473,0.1673693749908125,0.30529750000278,,9.547344915972982,False,0.5482173107905277
L4_S7_reversible_tree_tree_TriFalseFalseFalse_i3,1037306747,4,7,reversible,tree,False,5,25,172,0.14306645799661055,0.00743641699955333,7.0678241400833794,7.06782414008338,True,19.238625102193538
L4_S7_reversible_tree_tree_TriFalseFalseFalse_i4,1871835483,4,7,reversible,tree,False,7,46,515,0.26435104200209025,0.056458584003848955,4.670607574695337,4.670607574695337,True,4.6822116066860096
L4_S7_irreversible_irreversible_irreversible_TriTrueTrueTrue_i0,2904142967,4,7,irreversible,irreversible,True,7,130,1281,0.44289191700227093,0.40041391699924134,2.8332295105995327,2.8332295105995327,True,1.1060852210514571
L4_S7_irreversible_irreversible_irreversible_TriTrueTrueTrue_i1,661330376,4,7,irreversible,irreversible,True,7,133,1277,0.7553820829925826,24.385674917008146,12.299422615301811,12.299422615301811,True,0.03097646817372907
L4_S7_irreversible_irreversible_irreversible_TriTrueTrueTrue_i2,4287761716,4,7,irreversible,irreversible,True,6,88,774,0.4345607910072431,0.05980945800547488,6.944105987210392,6.944105987210392,True,7.265753582012236
L4_S7_irreversible_irreversible_irreversible_TriTrueTrueTrue_i3,626146982,4,7,irreversible,irreversible,True,6,102,972,0.3543429580022348,0.23791370799881406,6.703000183553568,6.703000183553568,True,1.4893759569104994
L4_S7_irreversible_irreversible_irreversible_TriTrueTrueTrue_i4,4026167612,4,7,irreversible,irreversible,True,6,88,772,0.33725300000514835,0.30857224999635946,8.952336211178535,8.952336211178535,True,1.0929466240602665
L4_S7_irreversible_irreversible_irreversible_TriTrueTrueFalse_i0,791972611,4,7,irreversible,irreversible,False,6,92,816,0.3815212499903282,0.3859448750008596,5.922670069650595,5.922670069650595,True,0.9885381921471045
L4_S7_irreversible_irreversible_irreversible_TriTrueTrueFalse_i1,961715112,4,7,irreversible,irreversible,False,6,74,597,0.23763187500298955,0.3897227919951547,7.009904814536279,7.009904814536279,True,0.6097458995834096
L4_S7_irreversible_irreversible_irreversible_TriTrueTrueFalse_i2,2296161606,4,7,irreversible,irreversible,False,7,151,1620,0.3907019170001149,0.46253333300410304,2.41365579179826,2.41365579179826,True,0.8447000211159895
L4_S7_irreversible_irreversible_irreversible_TriTrueTrueFalse_i3,1278951034,4,7,irreversible,irreversible,False,7,130,1285,0.43573712500801776,4.03982870899199,4.818165050297208,4.818165050297208,True,0.10786029712850911
L4_S7_irreversible_irreversible_irreversible_TriTrueTrueFalse_i4,1150760694,4,7,irreversible,irreversible,False,7,151,1604,0.9712189580022823,3.0221084999939194,10.66128713720731,10.66128713720731,True,0.32137130671611064
L4_S7_irreversible_irreversible_irreversible_TriTrueFalseTrue_i0,1928246201,4,7,irreversible,irreversible,True,5,24,89,0.13910962500085589,0.04285991699725855,,16.96026721955579,False,3.2456810815586197
L4_S7_irreversible_irreversible_irreversible_TriTrueFalseTrue_i1,2298626667,4,7,irreversible,irreversible,True,6,102,967,0.4236180419975426,0.17006287499680184,8.359646678470668,8.359646678470666,True,2.490949535661793
L4_S7_irreversible_irreversible_irreversible_TriTrueFalseTrue_i2,1282323171,4,7,irreversible,irreversible,True,6,41,199,0.14698824999504723,0.06694766599684954,,,False,2.1955694139717266
L4_S7_irreversible_irreversible_irreversible_TriTrueFalseTrue_i3,417094280,4,7,irreversible,irreversible,True,7,104,895,0.34641100000590086,1.8453802079893649,9.548838858757318,9.54883885875732,True,0.1877179555294002
L4_S7_irreversible_irreversible_irreversible_TriTrueFalseTrue_i4,2499691216,4,7,irreversible,irreversible,True,6,52,328,0.17637712499708869,0.06405362499936018,8.243970692666313,8.243970692666311,True,2.7535853317476593
L4_S7_irreversible_irreversible_irreversible_TriTrueFalseFalse_i0,647097889,4,7,irreversible,irreversible,False,7,130,1278,0.6201214589964366,2.804349457990611,5.95837940284976,5.95837940284976,True,0.2211284535200692
L4_S7_irreversible_irreversible_irreversible_TriTrueFalseFalse_i1,1718385971,4,7,irreversible,irreversible,False,6,102,973,0.44224037500680424,1.104394333990058,11.72450401039005,11.72450401039005,True,0.400437018730982
L4_S7_irreversible_irreversible_irreversible_TriTrueFalseFalse_i2,4027174895,4,7,irreversible,irreversible,False,6,95,838,0.3183138750027865,1.4984362079994753,9.822244830278299,9.8222448302783,True,0.2124307148285803
L4_S7_irreversible_irreversible_irreversible_TriTrueFalseFalse_i3,3892372541,4,7,irreversible,irreversible,False,6,102,982,0.4944009170139907,0.4579976249951869,4.475760374476657,4.475760374476657,True,1.0794835801598375
L4_S7_irreversible_irreversible_irreversible_TriTrueFalseFalse_i4,569292243,4,7,irreversible,irreversible,False,6,88,776,0.4727987910009688,90.69664716700208,7.217164260991383,7.2171642609913835,True,0.005212968789520732
L4_S7_irreversible_irreversible_irreversible_TriFalseTrueTrue_i0,893750696,4,7,irreversible,irreversible,True,6,102,970,0.4668696250009816,1.6259333749912912,14.64563091166299,14.64563091166299,True,0.28713945595485596
L4_S7_irreversible_irreversible_irreversible_TriFalseTrueTrue_i1,3817119719,4,7,irreversible,irreversible,True,6,68,500,0.13283804200182203,0.22180283401394263,8.559351776185995,8.559351776185995,True,0.598901461261628
L4_S7_irreversible_irreversible_irreversible_TriFalseTrueTrue_i2,3170069393,4,7,irreversible,irreversible,True,7,109,980,0.46232074999716133,0.10833170899422839,8.195521546611092,8.195521546611092,True,4.267640102992859
L4_S7_irreversible_irreversible_irreversible_TriFalseTrueTrue_i3,3788185361,4,7,irreversible,irreversible,True,7,151,1618,0.8195241669891402,0.5606276250036899,4.656447915884346,4.656447915884346,True,1.4617976870510951
L4_S7_irreversible_irreversible_irreversible_TriFalseTrueTrue_i4,2213265337,4,7,irreversible,irreversible,True,6,88,775,0.36321650000172667,0.4814255410019541,7.200708640218904,7.200708640218904,True,0.7544603854862615
L4_S7_irreversible_irreversible_irreversible_TriFalseTrueFalse_i0,290162853,4,7,irreversible,irreversible,False,7,151,1614,1.0793657499889378,0.7000402090052376,5.072295530900616,5.072295530900617,True,1.5418625024137715
L4_S7_irreversible_irreversible_irreversible_TriFalseTrueFalse_i1,683592694,4,7,irreversible,irreversible,False,7,151,1615,0.6287878330040257,1.6777504999918165,7.394710560993001,7.394710560993001,True,0.3747802981625173
L4_S7_irreversible_irreversible_irreversible_TriFalseTrueFalse_i2,2305006274,4,7,irreversible,irreversible,False,7,140,1397,0.6072457499976736,15.954611792010837,7.590460313859896,7.590460313859896,True,0.03806082892369007
L4_S7_irreversible_irreversible_irreversible_TriFalseTrueFalse_i3,1021372888,4,7,irreversible,irreversible,False,6,102,980,0.4902779999974882,0.6301184170006309,5.9374129584128985,5.937412958412899,True,0.778072797099223
L4_S7_irreversible_irreversible_irreversible_TriFalseTrueFalse_i4,2513777601,4,7,irreversible,irreversible,False,7,130,1275,0.603751792004914,0.8191595000098459,7.067635024114577,7.067635024114577,True,0.7370381363588154
L4_S7_irreversible_irreversible_irreversible_TriFalseFalseTrue_i0,1269682438,4,7,irreversible,irreversible,True,6,102,978,0.4445468750054715,0.16009491600561887,5.382383370652992,5.382383370652992,True,2.776770701532449
L4_S7_irreversible_irreversible_irreversible_TriFalseFalseTrue_i1,1899309344,4,7,irreversible,irreversible,True,6,102,978,0.36611537499993574,0.11096245900262147,2.710240887300466,2.710240887300466,True,3.2994525805509927
L4_S7_irreversible_irreversible_irreversible_TriFalseFalseTrue_i2,3879140241,4,7,irreversible,irreversible,True,6,74,598,0.24458066700026393,0.19022750000294764,6.315395833062635,6.315395833062636,True,1.285727172521044
L4_S7_irreversible_irreversible_irreversible_TriFalseFalseTrue_i3,1811862236,4,7,irreversible,irreversible,True,7,109,977,0.39760358299827203,0.3492402910051169,7.315120281112485,7.315120281112485,True,1.1384814183824086
L4_S7_irreversible_irreversible_irreversible_TriFalseFalseTrue_i4,553369603,4,7,irreversible,irreversible,True,7,130,1271,0.5728266250080196,2.4576752919965656,8.644370946452453,8.644370946452453,True,0.23307660968898386
L4_S7_irreversible_irreversible_irreversible_TriFalseFalseFalse_i0,4050936331,4,7,irreversible,irreversible,False,6,102,979,0.3207047500036424,0.4760107500042068,2.9456506384370122,2.9456506384370122,True,0.6737342577390824
L4_S7_irreversible_irreversible_irreversible_TriFalseFalseFalse_i1,104641273,4,7,irreversible,irreversible,False,7,67,496,0.0926462080096826,2.2165632499963976,,21.522499347248342,False,0.04179723180380074
L4_S7_irreversible_irreversible_irreversible_TriFalseFalseFalse_i2,673498696,4,7,irreversible,irreversible,False,7,144,1484,0.888440458002151,10.123636000003899,6.589772392154659,6.589772392154659,True,0.08775902826949229
L4_S7_irreversible_irreversible_irreversible_TriFalseFalseFalse_i3,157201002,4,7,irreversible,irreversible,False,7,151,1618,0.8008243750082329,0.512395458004903,3.4387963582222794,3.4387963582222794,True,1.562902951098499
L4_S7_irreversible_irreversible_irreversible_TriFalseFalseFalse_i4,1912007898,4,7,irreversible,irreversible,False,7,151,1613,0.8336389159958344,0.507221790991025,5.813688821336626,5.813688821336626,True,1.6435392350228224
L4_S7_irreversible_irreversible_tree_TriTrueTrueTrue_i0,1983830657,4,7,irreversible,irreversible,True,5,46,277,0.09554187500907574,0.3085780419933144,3.594813519409431,3.594813519409431,True,0.30961980989407506
L4_S7_irreversible_irreversible_tree_TriTrueTrueTrue_i1,1508296178,4,7,irreversible,irreversible,True,6,102,975,0.4483175829955144,3.0096484160021646,7.544772970373687,7.544772970373687,True,0.1489601178871492
L4_S7_irreversible_irreversible_tree_TriTrueTrueTrue_i2,2834046233,4,7,irreversible,irreversible,True,6,102,979,0.28641812500427477,0.6685321249970002,4.685621088216464,4.685621088216464,True,0.4284283639729828
L4_S7_irreversible_irreversible_tree_TriTrueTrueTrue_i3,364548648,4,7,irreversible,irreversible,True,6,81,659,0.20172208300209604,0.34394204198906664,8.636750838148103,8.636750838148103,True,0.5865002174465436
L4_S7_irreversible_irreversible_tree_TriTrueTrueTrue_i4,1312349403,4,7,irreversible,irreversible,True,6,102,971,0.35995875000662636,0.46217970800353214,7.598821313986711,7.598821313986711,True,0.7788285443831015
L4_S7_irreversible_irreversible_tree_TriTrueTrueFalse_i0,489443603,4,7,irreversible,irreversible,False,7,140,1399,0.8229903750034282,3.1141752499970607,7.447203697649265,7.447203697649265,True,0.2642723381543581
L4_S7_irreversible_irreversible_tree_TriTrueTrueFalse_i1,458993787,4,7,irreversible,irreversible,False,6,100,937,0.3379438330011908,0.1323991249955725,6.370296097616034,6.370296097616034,True,2.5524627180128956
L4_S7_irreversible_irreversible_tree_TriTrueTrueFalse_i2,2203297617,4,7,irreversible,irreversible,False,7,151,1614,0.5301257919927593,0.6117164169991156,4.956958207835187,4.956958207835187,True,0.8666201795380385
L4_S7_irreversible_irreversible_tree_TriTrueTrueFalse_i3,3339585105,4,7,irreversible,irreversible,False,7,151,1615,1.1565093749959487,137.2964385420055,10.03284310233765,,False,0.008423447740297315
L4_S7_irreversible_irreversible_tree_TriTrueTrueFalse_i4,1336453833,4,7,irreversible,irreversible,False,7,151,1620,1.287313416993129,2.1753891249973094,1.8994579224519659,1.8994579224519659,True,0.5917623663779963
L4_S7_irreversible_irreversible_tree_TriTrueFalseTrue_i0,576839595,4,7,irreversible,irreversible,True,5,53,339,0.12907529099902604,0.13984970899764448,7.540995077104667,7.540995077104667,True,0.9229571588042627
L4_S7_irreversible_irreversible_tree_TriTrueFalseTrue_i1,1557301657,4,7,irreversible,irreversible,True,6,102,980,0.4247855419962434,8.830691499999375,4.493572167509332,4.493572167509331,True,0.04810331579901417
L4_S7_irreversible_irreversible_tree_TriTrueFalseTrue_i2,4049919669,4,7,irreversible,irreversible,True,7,95,730,0.5542390420014272,2.221043041005032,9.782502989922081,9.782502989922081,True,0.24953998257552518
L4_S7_irreversible_irreversible_tree_TriTrueFalseTrue_i3,2649605410,4,7,irreversible,irreversible,True,6,74,594,0.2623623330000555,0.058107791002839804,8.014715762775069,8.014715762775069,True,4.515097269351304
L4_S7_irreversible_irreversible_tree_TriTrueFalseTrue_i4,1985307762,4,7,irreversible,irreversible,True,6,69,508,0.17253837500174996,0.16288533300394192,6.8394086268106005,6.8394086268106005,True,1.0592628001583888
L4_S7_irreversible_irreversible_tree_TriTrueFalseFalse_i0,1846171016,4,7,irreversible,irreversible,False,5,46,276,0.12186612500227056,0.1768364589952398,4.64648443847074,4.64648443847074,True,0.6891459205050307
L4_S7_irreversible_irreversible_tree_TriTrueFalseFalse_i1,127788474,4,7,irreversible,irreversible,False,5,53,338,0.12312104199372698,0.20779741699516308,4.448906420748873,4.448906420748873,True,0.5925051580602069
L4_S7_irreversible_irreversible_tree_TriTrueFalseFalse_i2,3447244730,4,7,irreversible,irreversible,False,6,88,771,0.27895141699991655,95.60800945899973,6.690287017197489,,False,0.0029176574073181975
L4_S7_irreversible_irreversible_tree_TriTrueFalseFalse_i3,4102021134,4,7,irreversible,irreversible,False,6,102,975,0.749548291991232,0.10072533298807684,2.9902370685471062,2.9902370685471062,True,7.44150713940505
L4_S7_irreversible_irreversible_tree_TriTrueFalseFalse_i4,1176750040,4,7,irreversible,irreversible,False,6,88,779,0.29615504200046416,0.23309491699910723,7.029574516415598,7.029574516415598,True,1.2705341006259023
L4_S7_irreversible_irreversible_tree_TriFalseTrueTrue_i0,408080837,4,7,irreversible,irreversible,True,6,102,974,0.4291170409996994,0.4725554999895394,4.634030884843069,4.634030884843069,True,0.9080775487770661
L4_S7_irreversible_irreversible_tree_TriFalseTrueTrue_i1,1349505990,4,7,irreversible,irreversible,True,6,84,711,0.3275459579890594,0.4319835000060266,7.08702759275898,7.08702759275898,True,0.7582371947684404
L4_S7_irreversible_irreversible_tree_TriFalseTrueTrue_i2,2564883048,4,7,irreversible,irreversible,True,6,102,965,0.4551197079999838,0.1545650409971131,5.255781816711722,5.255781816711721,True,2.9445190330196676
L4_S7_irreversible_irreversible_tree_TriFalseTrueTrue_i3,2811556211,4,7,irreversible,irreversible,True,5,53,335,0.126065499993274,0.04884695800137706,6.252925803071238,6.252925803071238,True,2.580825962773241
L4_S7_irreversible_irreversible_tree_TriFalseTrueTrue_i4,741881975,4,7,irreversible,irreversible,True,5,45,260,0.15715562499826774,0.23901508300332353,7.019083509383516,7.019083509383516,True,0.6575134186764651
L4_S7_irreversible_irreversible_tree_TriFalseTrueFalse_i0,428901772,4,7,irreversible,irreversible,False,6,102,971,0.4617878749995725,0.2198237090051407,9.320557198656894,9.320557198656894,True,2.100719139845167
L4_S7_irreversible_irreversible_tree_TriFalseTrueFalse_i1,628172676,4,7,irreversible,irreversible,False,7,151,1615,0.7182645419961773,276.5717685000127,5.327287059522228,,False,0.002597027693350948
L4_S7_irreversible_irreversible_tree_TriFalseTrueFalse_i2,1830420112,4,7,irreversible,irreversible,False,6,99,910,0.5492714580032043,0.38113208299910184,6.072139187745522,6.072139187745522,True,1.4411577536056992
L4_S7_irreversible_irreversible_tree_TriFalseTrueFalse_i3,209383647,4,7,irreversible,irreversible,False,5,46,272,0.12443766699288972,0.2777697910059942,8.953503312947161,8.953503312947161,True,0.44798848029595806
L4_S7_irreversible_irreversible_tree_TriFalseTrueFalse_i4,1879978275,4,7,irreversible,irreversible,False,6,102,972,0.39018920800299384,1.1131583329988644,3.6151729407416973,3.6151729407416973,True,0.35052444570153296
L4_S7_irreversible_irreversible_tree_TriFalseFalseTrue_i0,1268497761,4,7,irreversible,irreversible,True,5,46,271,0.11999183399893809,0.13710791699122638,6.914526309049266,6.914526309049266,True,0.8751634169415106
L4_S7_irreversible_irreversible_tree_TriFalseFalseTrue_i1,961866667,4,7,irreversible,irreversible,True,5,33,154,0.10106595899560489,0.054433875004178844,8.94961102499176,8.94961102499176,True,1.8566739393653713
L4_S7_irreversible_irreversible_tree_TriFalseFalseTrue_i2,276130673,4,7,irreversible,irreversible,True,7,151,1606,0.6818963330006227,2.6579881250072503,6.975449912463888,6.975449912463888,True,0.25654604184592306
L4_S7_irreversible_irreversible_tree_TriFalseFalseTrue_i3,2585244545,4,7,irreversible,irreversible,True,7,130,1281,0.5996431249950547,0.3386438330053352,5.808068850484054,5.808068850484055,True,1.770719159131678
L4_S7_irreversible_irreversible_tree_TriFalseFalseTrue_i4,219103326,4,7,irreversible,irreversible,True,6,102,974,0.497670458003995,0.19032841599255335,6.212689401225933,6.212689401225933,True,2.6147984934034656
L4_S7_irreversible_irreversible_tree_TriFalseFalseFalse_i0,305894318,4,7,irreversible,irreversible,False,7,151,1601,0.6848682499985443,4.615426582997316,6.507593199081248,6.507593199081248,True,0.14838677152251342
L4_S7_irreversible_irreversible_tree_TriFalseFalseFalse_i1,3653830811,4,7,irreversible,irreversible,False,7,79,559,0.22531170799629763,0.17962712499138433,5.924067108303174,5.9240671083031735,True,1.2543300837931601
L4_S7_irreversible_irreversible_tree_TriFalseFalseFalse_i2,1814938808,4,7,irreversible,irreversible,False,6,86,701,0.3045431670034304,1.2524614580033813,6.7358406453429485,6.7358406453429485,True,0.24315571933507954
L4_S7_irreversible_irreversible_tree_TriFalseFalseFalse_i3,2301030642,4,7,irreversible,irreversible,False,6,88,771,0.3377080830105115,0.4757103339943569,9.960605131823545,9.960605131823543,True,0.7099027668055972
L4_S7_irreversible_irreversible_tree_TriFalseFalseFalse_i4,152400513,4,7,irreversible,irreversible,False,6,88,772,0.3738601670047501,0.19704458299383987,8.566683463345527,8.566683463345527,True,1.8973379497527219
L4_S7_irreversible_tree_tree_TriTrueTrueTrue_i0,2031569228,4,7,irreversible,tree,True,7,67,459,0.14121187500131782,0.3591437080031028,2.91194969327951,2.91194969327951,True,0.3931904456666894
L4_S7_irreversible_tree_tree_TriTrueTrueTrue_i1,3360441416,4,7,irreversible,tree,True,6,46,276,0.11232787500193808,93.7010513330024,,,False,0.0011987899111349282
L4_S7_irreversible_tree_tree_TriTrueTrueTrue_i2,278561758,4,7,irreversible,tree,True,6,32,191,0.4488368329912191,0.06147541600512341,,8.860763137539017,False,7.30107829856303
L4_S7_irreversible_tree_tree_TriTrueTrueTrue_i3,943483182,4,7,irreversible,tree,True,6,34,148,0.11743366700829938,0.018486249988200143,,3.255940313595503,False,6.352486887863733
L4_S7_irreversible_tree_tree_TriTrueTrueTrue_i4,3565109793,4,7,irreversible,tree,True,6,38,150,0.1752093329996569,0.2202703329967335,,,False,0.7954286436150553
L4_S7_irreversible_tree_tree_TriTrueTrueFalse_i0,1608399458,4,7,irreversible,tree,False,5,25,107,0.11112291600147728,0.22454966700752266,,12.983889430864592,False,0.4948700970591261
L4_S7_irreversible_tree_tree_TriTrueTrueFalse_i1,3145607249,4,7,irreversible,tree,False,6,26,112,0.10994429199490696,0.04678804198920261,,,False,2.349837372344876
L4_S7_irreversible_tree_tree_TriTrueTrueFalse_i2,306429272,4,7,irreversible,tree,False,7,79,429,0.1735519999929238,0.6454220410087146,8.67030661573323,8.67030661573323,True,0.2688969212343394
L4_S7_irreversible_tree_tree_TriTrueTrueFalse_i3,3268366889,4,7,irreversible,tree,False,7,60,391,0.1813474170048721,38.63583812500292,,,False,0.004693761693830595
L4_S7_irreversible_tree_tree_TriTrueTrueFalse_i4,4174846471,4,7,irreversible,tree,False,6,46,278,0.7471032920002472,0.0049679160001687706,,1.8349640975171466,False,150.38562278211703
L4_S7_irreversible_tree_tree_TriTrueFalseTrue_i0,2719991571,4,7,irreversible,tree,True,7,37,193,0.12926020901068114,0.19255570899986196,,,False,0.6712873329530129
L4_S7_irreversible_tree_tree_TriTrueFalseTrue_i1,698682911,4,7,irreversible,tree,True,6,52,303,0.16328429199347738,0.15382304199738428,7.90204451367463,7.902044513674628,True,1.0615073581417447
L4_S7_irreversible_tree_tree_TriTrueFalseTrue_i2,166148024,4,7,irreversible,tree,True,6,41,207,0.13262029200268444,0.30467779099126346,,,False,0.4352804683791567
L4_S7_irreversible_tree_tree_TriTrueFalseTrue_i3,3492611644,4,7,irreversible,tree,True,5,24,73,0.11980549999861978,0.06532008299836889,,16.585884716712627,False,1.8341296070839628
L4_S7_irreversible_tree_tree_TriTrueFalseTrue_i4,3668878599,4,7,irreversible,tree,True,7,46,300,0.22284545899310615,0.214712207991397,5.00467728393288,5.00467728393288,True,1.0378797742332158
L4_S7_irreversible_tree_tree_TriTrueFalseFalse_i0,1749742341,4,7,irreversible,tree,False,6,32,182,0.12813274998916313,0.15768549998756498,,,False,0.8125842210392421
L4_S7_irreversible_tree_tree_TriTrueFalseFalse_i1,2931723718,4,7,irreversible,tree,False,5,32,134,0.12876408398733474,0.02264366700546816,3.655849492005372,3.655849492005372,True,5.686538239133335
L4_S7_irreversible_tree_tree_TriTrueFalseFalse_i2,1161958763,4,7,irreversible,tree,False,6,32,186,0.1273970000038389,21.777824958000565,,,False,0.005849849571464526
L4_S7_irreversible_tree_tree_TriTrueFalseFalse_i3,3539877242,4,7,irreversible,tree,False,5,25,107,0.29927137499907985,0.15609016698726919,,11.815120437457264,False,1.9172980518765834
L4_S7_irreversible_tree_tree_TriTrueFalseFalse_i4,2550231559,4,7,irreversible,tree,False,6,46,283,0.14438991699717008,12.624696582992328,,,False,0.011437099975951217
L4_S7_irreversible_tree_tree_TriFalseTrueTrue_i0,2827276518,4,7,irreversible,tree,True,6,38,193,0.26864312498946674,0.6187790830008453,,,False,0.4341503000594309
L4_S7_irreversible_tree_tree_TriFalseTrueTrue_i1,3071383506,4,7,irreversible,tree,True,5,25,105,0.13063995901029557,0.25896737500443123,,14.922474513848309,False,0.5044649292351796
L4_S7_irreversible_tree_tree_TriFalseTrueTrue_i2,2845925308,4,7,irreversible,tree,True,6,14,34,0.1246931659989059,0.007212292010081001,,5.014789892368089,False,17.288976726904426
L4_S7_irreversible_tree_tree_TriFalseTrueTrue_i3,784464362,4,7,irreversible,tree,True,6,18,51,0.12277404101041611,0.00501599999552127,,6.038789242957357,False,24.476478597201165
L4_S7_irreversible_tree_tree_TriFalseTrueTrue_i4,594103139,4,7,irreversible,tree,True,6,22,90,0.12828962500498164,0.006374374992446974,4.589733552090222,4.589733552090222,True,20.12583273358719
L4_S7_irreversible_tree_tree_TriFalseTrueFalse_i0,2004387573,4,7,irreversible,tree,False,7,23,119,0.1292708330001915,0.025192500004777685,2.7210792535597585,2.7210792535597585,True,5.131321934875606
L4_S7_irreversible_tree_tree_TriFalseTrueFalse_i1,2087170759,4,7,irreversible,tree,False,5,18,78,0.1259273340110667,0.0038790830003563315,3.501968452320384,3.501968452320384,True,32.46316243718854
L4_S7_irreversible_tree_tree_TriFalseTrueFalse_i2,2688169788,4,7,irreversible,tree,False,7,58,369,0.14928541699191555,0.09623024999746121,,4.035621471902349,False,1.5513356293319245
L4_S7_irreversible_tree_tree_TriFalseTrueFalse_i3,162120827,4,7,irreversible,tree,False,7,52,276,0.14595583300979342,0.27866391600400675,,,False,0.5237701191421019
L4_S7_irreversible_tree_tree_TriFalseTrueFalse_i4,208417741,4,7,irreversible,tree,False,5,18,76,0.12415995800984092,0.03448350001417566,,8.02781016222817,False,3.6005612643217573
L4_S7_irreversible_tree_tree_TriFalseFalseTrue_i0,2676433481,4,7,irreversible,tree,True,6,41,223,0.14060545800020918,0.02730783300648909,,8.076262467109743,False,5.148905547279856
L4_S7_irreversible_tree_tree_TriFalseFalseTrue_i1,2526094733,4,7,irreversible,tree,True,6,45,231,0.14204337498813402,0.1462689160107402,,11.01849551383552,False,0.9711111416631606
L4_S7_irreversible_tree_tree_TriFalseFalseTrue_i2,977546206,4,7,irreversible,tree,True,5,32,113,0.13826595900172833,0.04050412499054801,6.831661056830269,6.831661056830269,True,3.413626528665102
L4_S7_irreversible_tree_tree_TriFalseFalseTrue_i3,1319179691,4,7,irreversible,tree,True,6,28,142,0.13309545900847297,0.11734416599210817,,,False,1.1342315721362113
L4_S7_irreversible_tree_tree_TriFalseFalseTrue_i4,2061896319,4,7,irreversible,tree,True,6,32,193,0.14588833299058024,0.00792037500650622,0.5732610374191507,0.5732610374191507,True,18.41936959441569
L4_S7_irreversible_tree_tree_TriFalseFalseFalse_i0,3869668497,4,7,irreversible,tree,False,7,88,610,0.35300858299888205,0.24391200000536628,2.7007218281282954,2.7007218281282954,True,1.4472784510144523
L4_S7_irreversible_tree_tree_TriFalseFalseFalse_i1,1682836756,4,7,irreversible,tree,False,6,34,155,0.13446966600895394,0.19604870899638627,,,False,0.6858992645829325
L4_S7_irreversible_tree_tree_TriFalseFalseFalse_i2,2865443776,4,7,irreversible,tree,False,6,46,279,0.14535925000382122,8.346089499988011,,,False,0.017416449941809704
L4_S7_irreversible_tree_tree_TriFalseFalseFalse_i3,3979017844,4,7,irreversible,tree,False,6,40,215,0.15303299999504816,1.7199925419990905,,,False,0.0889730601553713
L4_S7_irreversible_tree_tree_TriFalseFalseFalse_i4,3623043728,4,7,irreversible,tree,False,6,51,293,0.20166154099570122,0.04787154200312216,8.40978075298338,8.40978075298338,True,4.212555692690937
L4_S7_tree_tree_tree_TriTrueTrueTrue_i0,1862462775,4,7,tree,tree,True,7,16,33,0.13904741700389422,0.003619084003730677,,,False,38.4205999197475
L4_S7_tree_tree_tree_TriTrueTrueTrue_i1,1676019440,4,7,tree,tree,True,5,12,21,0.13080666698806453,0.007304166007088497,,3.3932008994309855,False,17.908498924123748
L4_S7_tree_tree_tree_TriTrueTrueTrue_i2,2497109945,4,7,tree,tree,True,5,8,15,0.13262666600348894,0.05894362500112038,,0.5720789627802081,False,2.2500595060264534
L4_S7_tree_tree_tree_TriTrueTrueTrue_i3,1842621520,4,7,tree,tree,True,6,25,62,0.12998983298894018,0.014991666001151316,,3.911758688436331,False,8.670805786905309
L4_S7_tree_tree_tree_TriTrueTrueTrue_i4,3811055333,4,7,tree,tree,True,7,28,78,0.13206487499701325,0.18810350001149345,,,False,0.7020862147001924
L4_S7_tree_tree_tree_TriTrueTrueFalse_i0,1495540324,4,7,tree,tree,False,6,17,38,0.13486854099028278,0.004816041997401044,,,False,28.00401513505257
L4_S7_tree_tree_tree_TriTrueTrueFalse_i1,2353315882,4,7,tree,tree,False,6,16,36,0.13019179199181963,0.0030986250058049336,2.4174997380507905,2.4174997380507905,True,42.015974741036736
L4_S7_tree_tree_tree_TriTrueTrueFalse_i2,1685685608,4,7,tree,tree,False,7,16,38,0.130449584001326,0.005443250003736466,2.515650044196086,2.515650044196086,True,23.965380966591503
L4_S7_tree_tree_tree_TriTrueTrueFalse_i3,3659458525,4,7,tree,tree,False,5,10,16,0.12707112499629147,0.002861041997675784,,3.9659872643292386,False,44.41426609090455
L4_S7_tree_tree_tree_TriTrueTrueFalse_i4,2453936208,4,7,tree,tree,False,5,8,14,0.13338416699843947,0.002570416996604763,,0.8039524769625787,False,51.892014129462666
L4_S7_tree_tree_tree_TriTrueFalseTrue_i0,582434397,4,7,tree,tree,True,7,35,100,0.13867533300071955,0.1885695829987526,,,False,0.7354066868049988
L4_S7_tree_tree_tree_TriTrueFalseTrue_i1,2854689301,4,7,tree,tree,True,7,28,75,0.13659995900525246,0.013471375001245178,,,False,10.140015317858127
L4_S7_tree_tree_tree_TriTrueFalseTrue_i2,4075009206,4,7,tree,tree,True,5,7,9,0.12488670799939428,0.0013962080120109022,,1.367501223345286,False,89.4470003595845
L4_S7_tree_tree_tree_TriTrueFalseTrue_i3,3180779439,4,7,tree,tree,True,7,18,41,0.12989179100259207,0.00564795799436979,,,False,22.998005320519443
L4_S7_tree_tree_tree_TriTrueFalseTrue_i4,4045497183,4,7,tree,tree,True,6,18,41,0.13110570899152663,0.11230741698818747,,6.114744934378916,False,1.1673824520239293
L4_S7_tree_tree_tree_TriTrueFalseFalse_i0,2192613492,4,7,tree,tree,False,5,7,9,0.12771612500364427,0.0013069160049781203,,0.06063412317828662,False,97.72321005631296
L4_S7_tree_tree_tree_TriTrueFalseFalse_i1,2662640725,4,7,tree,tree,False,6,11,17,0.1267161669966299,0.004147334009758197,,,False,30.553636660284617
L4_S7_tree_tree_tree_TriTrueFalseFalse_i2,2048958098,4,7,tree,tree,False,6,16,38,0.1302155000012135,0.011933417001273483,,,False,10.911835987586915
L4_S7_tree_tree_tree_TriTrueFalseFalse_i3,191328062,4,7,tree,tree,False,5,11,17,0.12512387499737088,0.0021860419947188348,,3.813933801031519,False,57.2376093698304
L4_S7_tree_tree_tree_TriTrueFalseFalse_i4,1795266468,4,7,tree,tree,False,6,22,56,0.13056975000654347,0.018511333008063957,,1.7995981375042098,False,7.053503002520744
L4_S7_tree_tree_tree_TriFalseTrueTrue_i0,1837713943,4,7,tree,tree,True,7,40,121,0.13557774999935646,0.3774695839965716,,,False,0.35917529620456135
L4_S7_tree_tree_tree_TriFalseTrueTrue_i1,3894479194,4,7,tree,tree,True,6,22,53,0.13747366699681152,0.05855149999842979,,,False,2.3479102098594917
L4_S7_tree_tree_tree_TriFalseTrueTrue_i2,2069030687,4,7,tree,tree,True,6,11,17,0.12375874999270309,0.001945916999829933,,,False,63.599159884187934
L4_S7_tree_tree_tree_TriFalseTrueTrue_i3,1549894537,4,7,tree,tree,True,7,35,93,0.13470354200399015,0.06661479199829046,,,False,2.02212655689626
L4_S7_tree_tree_tree_TriFalseTrueTrue_i4,2260890058,4,7,tree,tree,True,6,19,42,0.13459379199775867,0.1296200829965528,,12.619233605993863,False,1.0383714301661626
L4_S7_tree_tree_tree_TriFalseTrueFalse_i0,3272773581,4,7,tree,tree,False,6,16,38,0.1355888749967562,0.0069703750050393865,,0.5780440404225393,False,19.452160815819582
L4_S7_tree_tree_tree_TriFalseTrueFalse_i1,1853688233,4,7,tree,tree,False,7,13,22,0.12868800001160707,0.007701624999754131,,,False,16.709198812785164
L4_S7_tree_tree_tree_TriFalseTrueFalse_i2,583074248,4,7,tree,tree,False,6,20,50,0.12949075001233723,0.050807291991077363,,,False,2.5486646185829667
L4_S7_tree_tree_tree_TriFalseTrueFalse_i3,3084572202,4,7,tree,tree,False,7,20,49,0.12761433300329372,0.009645625003031455,,,False,13.23028002155451
L4_S7_tree_tree_tree_TriFalseTrueFalse_i4,24850852,4,7,tree,tree,False,6,30,78,0.13601254198874813,0.25186599999142345,,,False,0.5400194605598221
L4_S7_tree_tree_tree_TriFalseFalseTrue_i0,2418882866,4,7,tree,tree,True,6,12,28,0.13427020898961928,0.0018469999922672287,0.0,0.0,True,72.69633830829731
L4_S7_tree_tree_tree_TriFalseFalseTrue_i1,3362195063,4,7,tree,tree,True,6,10,16,0.13548387499758974,0.0022687500022584572,,,False,59.71738408609873
L4_S7_tree_tree_tree_TriFalseFalseTrue_i2,2391656432,4,7,tree,tree,True,6,20,45,0.14170266600558534,0.019426250000833534,,,False,7.294390770483982
L4_S7_tree_tree_tree_TriFalseFalseTrue_i3,401294869,4,7,tree,tree,True,7,16,31,0.14046420800150372,0.010408375004772097,,,False,13.495304929136191
L4_S7_tree_tree_tree_TriFalseFalseTrue_i4,2989563116,4,7,tree,tree,True,6,8,12,0.1285384999937378,0.0018334170017624274,,,False,70.10867127418643
L4_S7_tree_tree_tree_TriFalseFalseFalse_i0,2708667606,4,7,tree,tree,False,5,18,32,0.12985820800531656,0.01987037500657607,,6.8565724912988095,False,6.5352667691009065
L4_S7_tree_tree_tree_TriFalseFalseFalse_i1,1646754059,4,7,tree,tree,False,6,18,30,0.13398975000018254,0.0025192079920088872,,,False,53.18723076378645
L4_S7_tree_tree_tree_TriFalseFalseFalse_i2,2406706226,4,7,tree,tree,False,6,22,53,0.13412170800438616,0.00314866699045524,,1.919613596998421,False,42.5963322938328
L4_S7_tree_tree_tree_TriFalseFalseFalse_i3,4249250187,4,7,tree,tree,False,7,19,42,0.13236408299417235,0.026431917009176686,,,False,5.007736591352089
L4_S7_tree_tree_tree_TriFalseFalseFalse_i4,473668738,4,7,tree,tree,False,5,11,18,0.12914466600341257,0.004507917008595541,,4.771595719650723,False,28.64840615050318
L10_S4_reversible_reversible_reversible_TriTrueTrueTrue_i0,1961974771,10,4,reversible,reversible,True,16,106,1206,1.4274260840029456,0.39232620800612494,9.194963933997563,9.194963933997565,True,3.638365348109233
L10_S4_reversible_reversible_reversible_TriTrueTrueTrue_i1,3727265400,10,4,reversible,reversible,True,18,138,1622,82.29482291601016,11.425985958005185,17.984819580037026,17.984819580037026,True,7.202426399898643
L10_S4_reversible_reversible_reversible_TriTrueTrueTrue_i2,1170839422,10,4,reversible,reversible,True,19,154,1830,10.996086833998561,2.2645524170075078,11.928721726931489,11.928721726931489,True,4.855744007760082
L10_S4_reversible_reversible_reversible_TriTrueTrueTrue_i3,688813994,10,4,reversible,reversible,True,17,122,1414,3.195366375002777,1.9762400839972543,13.733482648383932,13.733482648383932,True,1.6168917932899922
L10_S4_reversible_reversible_reversible_TriTrueTrueTrue_i4,501250722,10,4,reversible,reversible,True,16,106,1206,2.896776833993499,0.2582395420031389,7.527353705213125,7.527353705213126,True,11.217402262666985
L10_S4_reversible_reversible_reversible_TriTrueTrueFalse_i0,1725613959,10,4,reversible,reversible,False,16,106,1206,6.038196959008928,0.4258264579984825,10.323758474529656,10.323758474529658,True,14.179947796598627
L10_S4_reversible_reversible_reversible_TriTrueTrueFalse_i1,63000501,10,4,reversible,reversible,False,16,106,1206,4.77294375000929,0.1396337920014048,9.949659891559698,9.949659891559698,True,34.18186706395114
L10_S4_reversible_reversible_reversible_TriTrueTrueFalse_i2,3753257662,10,4,reversible,reversible,False,16,106,1206,8.648980625002878,0.32011783300549723,14.233981994710591,14.233981994710593,True,27.01811553821257
L10_S4_reversible_reversible_reversible_TriTrueTrueFalse_i3,2930853456,10,4,reversible,reversible,False,17,122,1414,12.069210040994221,0.5713462919957237,16.421157615359895,16.421157615359895,True,21.124159181487077
L10_S4_reversible_reversible_reversible_TriTrueTrueFalse_i4,137464538,10,4,reversible,reversible,False,15,90,998,4.689543542001047,0.5194269999919925,11.312648689665714,11.312648689665714,True,9.02830144186775
L10_S4_reversible_reversible_reversible_TriTrueFalseTrue_i0,872999208,10,4,reversible,reversible,True,17,122,1414,67.8629629999923,0.636144707998028,9.675752817751746,9.675752817751745,True,106.67849946733216
L10_S4_reversible_reversible_reversible_TriTrueFalseTrue_i1,3531048836,10,4,reversible,reversible,True,17,122,1414,19.61458137498994,0.5130621659918688,9.357113271436154,9.357113271436152,True,38.23041852801592
L10_S4_reversible_reversible_reversible_TriTrueFalseTrue_i2,3916809021,10,4,reversible,reversible,True,18,138,1622,93.467043208002,0.4650067500042496,10.038077998245976,10.038077998245976,True,201.00147579824664
L10_S4_reversible_reversible_reversible_TriTrueFalseTrue_i3,2366078513,10,4,reversible,reversible,True,17,122,1414,27.056879499999923,4.945562916997005,13.970208569275531,13.97020856927553,True,5.470940305205578
L10_S4_reversible_reversible_reversible_TriTrueFalseTrue_i4,2995943459,10,4,reversible,reversible,True,14,74,790,4.0341984999977285,0.5533380000124453,9.640316604102138,9.640316604102138,True,7.290658679896078
L10_S4_reversible_reversible_reversible_TriTrueFalseFalse_i0,2414626599,10,4,reversible,reversible,False,18,138,1622,10.415039250001428,0.9677340830094181,11.161300779263367,11.16130077926337,True,10.762294541544811
L10_S4_reversible_reversible_reversible_TriTrueFalseFalse_i1,2889814407,10,4,reversible,reversible,False,11,26,166,0.1956080829986604,0.03468774999782909,8.79043128322835,8.79043128322835,True,5.639111137845242
L10_S4_reversible_reversible_reversible_TriTrueFalseFalse_i2,627845295,10,4,reversible,reversible,False,19,154,1830,21.930780624999898,4.246584583001095,12.158821151594708,12.158821075602516,True,5.164333876128026
L10_S4_reversible_reversible_reversible_TriTrueFalseFalse_i3,1704781680,10,4,reversible,reversible,False,14,74,790,6.816817208004068,1.2878401659982046,9.402339161070469,9.402339161070469,True,5.293216800259632
L10_S4_reversible_reversible_reversible_TriTrueFalseFalse_i4,630220125,10,4,reversible,reversible,False,19,154,1830,19.10899220900319,3.9717802079976536,14.898023787588958,14.898023787588958,True,4.811190751621593
L10_S4_reversible_reversible_reversible_TriFalseTrueTrue_i0,3256981996,10,4,reversible,reversible,True,16,106,1206,14.7027506250015,1.060476833008579,14.081236991862557,14.081236991862557,True,13.864282701419725
L10_S4_reversible_reversible_reversible_TriFalseTrueTrue_i1,1955913269,10,4,reversible,reversible,True,18,138,1622,104.53692820799188,0.6682901670137653,11.8523399141069,11.852339914106903,True,156.42445933132245
L10_S4_reversible_reversible_reversible_TriFalseTrueTrue_i2,3267285711,10,4,reversible,reversible,True,18,138,1622,191.80999241699465,13.923888999997871,14.039493238117217,14.039493238117217,True,13.775604818685956
L10_S4_reversible_reversible_reversible_TriFalseTrueTrue_i3,2472166588,10,4,reversible,reversible,True,17,122,1414,22.13135450000118,1.4906541249947622,14.251244629093941,14.251244629093943,True,14.846740175379182
L10_S4_reversible_reversible_reversible_TriFalseTrueTrue_i4,3369970836,10,4,reversible,reversible,True,17,122,1414,8.415565999996033,8.66687083299621,8.932465978782831,8.932465978782831,True,0.9710039714663311
L10_S4_reversible_reversible_reversible_TriFalseTrueFalse_i0,3079624658,10,4,reversible,reversible,False,18,138,1622,7.038967708998825,0.4336419160099467,11.496266607601891,11.496266607601893,True,16.23221241510508
L10_S4_reversible_reversible_reversible_TriFalseTrueFalse_i1,4003621969,10,4,reversible,reversible,False,15,90,998,28.25626366698998,0.29534683300880715,7.17132368854562,7.17132368854562,True,95.67146288132341
L10_S4_reversible_reversible_reversible_TriFalseTrueFalse_i2,3322188443,10,4,reversible,reversible,False,19,154,1830,30.63507220799511,9.491404041997157,13.4044206114524,13.404420611452402,True,3.2276649554917998
L10_S4_reversible_reversible_reversible_TriFalseTrueFalse_i3,1350463859,10,4,reversible,reversible,False,16,106,1206,3.1042003339971416,0.4060593330068514,11.788916591934587,11.788916591934587,True,7.6446964126300925
L10_S4_reversible_reversible_reversible_TriFalseTrueFalse_i4,352054972,10,4,reversible,reversible,False,19,154,1830,24.603014583000913,10.909161999996286,14.461305468022363,14.461305468022365,True,2.2552616397807665
L10_S4_reversible_reversible_reversible_TriFalseFalseTrue_i0,2714642596,10,4,reversible,reversible,True,17,122,1414,8.196224666986382,0.548728708003182,11.342912833272882,11.34291283327288,True,14.936752046153382
L10_S4_reversible_reversible_reversible_TriFalseFalseTrue_i1,3785858645,10,4,reversible,reversible,True,13,58,582,1.7910132919932948,0.17301066700019874,11.328065962807345,11.328065962807345,True,10.352039632557442
L10_S4_reversible_reversible_reversible_TriFalseFalseTrue_i2,1028605334,10,4,reversible,reversible,True,19,154,1830,212.20611199999985,5.567926333009382,12.795176666312635,12.795176666312637,True,38.112234119159645
L10_S4_reversible_reversible_reversible_TriFalseFalseTrue_i3,1109483680,10,4,reversible,reversible,True,18,138,1622,17.997586874989793,3.042657749989303,11.973462346208791,11.973462346208791,True,5.915087514899755
L10_S4_reversible_reversible_reversible_TriFalseFalseTrue_i4,1106599341,10,4,reversible,reversible,True,19,154,1830,65.57709391700337,11.81942075000552,14.829843374458463,14.829843374458465,True,5.548249385353719
L10_S4_reversible_reversible_reversible_TriFalseFalseFalse_i0,2466738212,10,4,reversible,reversible,False,16,106,1206,7.540616334008519,0.12232462500105612,7.094343355532708,7.094343355532708,True,61.64430319977774
L10_S4_reversible_reversible_reversible_TriFalseFalseFalse_i1,150429965,10,4,reversible,reversible,False,16,106,1206,3.369518249994144,0.5735846250026952,11.93390777892054,11.93390777892054,True,5.874491918439793
L10_S4_reversible_reversible_reversible_TriFalseFalseFalse_i2,4077792725,10,4,reversible,reversible,False,19,154,1830,25.34664120900561,1.3954700829926878,8.348223237827957,8.348223237827959,True,18.163514574590067
L10_S4_reversible_reversible_reversible_TriFalseFalseFalse_i3,1270192343,10,4,reversible,reversible,False,18,138,1622,24.035436582998955,0.7297545839974191,8.705473487519852,8.705473487519852,True,32.93632829053614
L10_S4_reversible_reversible_reversible_TriFalseFalseFalse_i4,1267661875,10,4,reversible,reversible,False,18,138,1622,8.433014291003929,5.689102125004865,13.542170863972146,13.542170863972146,True,1.4823102317774628
L10_S4_reversible_reversible_irreversible_TriTrueTrueTrue_i0,2689334342,10,4,reversible,reversible,True,12,42,374,0.35918291700363625,0.03234104199509602,5.6675955803013345,5.6675955803013345,True,11.106101836545603
L10_S4_reversible_reversible_irreversible_TriTrueTrueTrue_i1,509253849,10,4,reversible,reversible,True,15,90,998,2.185629458006588,0.1854016249999404,11.432484737538969,11.432484737538969,True,11.788620764346966
L10_S4_reversible_reversible_irreversible_TriTrueTrueTrue_i2,1084683009,10,4,reversible,reversible,True,13,58,582,0.7110836249921704,0.1329817920050118,10.178415459198286,10.178415459198288,True,5.347225427810039
L10_S4_reversible_reversible_irreversible_TriTrueTrueTrue_i3,2627252175,10,4,reversible,reversible,True,13,58,582,2.3094389170000795,0.20879087499633897,9.823206501735893,9.823206501735894,True,11.06101454855036
L10_S4_reversible_reversible_irreversible_TriTrueTrueTrue_i4,2113624659,10,4,reversible,reversible,True,11,26,166,0.2545744579983875,0.007380042006843723,5.547218767067136,5.547218767067136,True,34.49498299160498
L10_S4_reversible_reversible_irreversible_TriTrueTrueFalse_i0,1261923279,10,4,reversible,reversible,False,12,42,374,1.026203457993688,0.06845820799935609,9.579800701837504,9.579800701837504,True,14.990217725435096
L10_S4_reversible_reversible_irreversible_TriTrueTrueFalse_i1,2694354201,10,4,reversible,reversible,False,14,74,790,2.4378355420049047,0.5005049169994891,7.913155433865191,7.913155433865191,True,4.870752422871084
L10_S4_reversible_reversible_irreversible_TriTrueTrueFalse_i2,3850651867,10,4,reversible,reversible,False,14,74,790,1.5078891670127632,0.12321916699875146,10.777540579258547,10.777540579258547,True,12.237456164515265
L10_S4_reversible_reversible_irreversible_TriTrueTrueFalse_i3,2473078199,10,4,reversible,reversible,False,13,58,582,1.6176539580046665,0.11026891600340605,7.825913855738712,7.825913855738712,True,14.670081124989188
L10_S4_reversible_reversible_irreversible_TriTrueTrueFalse_i4,4142099546,10,4,reversible,reversible,False,15,90,998,2.7272305410006084,1.0569318330090027,12.826644829010755,12.826644829010755,True,2.58032774985693
L10_S4_reversible_reversible_irreversible_TriTrueFalseTrue_i0,3372770901,10,4,reversible,reversible,True,12,42,374,0.5540455419977661,0.20056837500305846,8.155429573434356,8.155429573434356,True,2.762377364960653
L10_S4_reversible_reversible_irreversible_TriTrueFalseTrue_i1,2663379164,10,4,reversible,reversible,True,13,58,582,1.035423624998657,0.20944525000231806,5.640540148028385,5.6405401480283865,True,4.943648137370264
L10_S4_reversible_reversible_irreversible_TriTrueFalseTrue_i2,2240535041,10,4,reversible,reversible,True,12,42,374,0.7739784579898696,0.06849445799889509,8.556989393026749,8.556989393026749,True,11.299869643504374
L10_S4_reversible_reversible_irreversible_TriTrueFalseTrue_i3,1981309909,10,4,reversible,reversible,True,12,42,374,0.6730605420016218,0.06668941599491518,7.284830291705999,7.284830291705999,True,10.092464026982574
L10_S4_reversible_reversible_irreversible_TriTrueFalseTrue_i4,1110178684,10,4,reversible,reversible,True,12,42,374,0.8820627910026815,0.1641725840017898,6.4579305868228865,6.457930586822887,True,5.372777622969543
L10_S4_reversible_reversible_irreversible_TriTrueFalseFalse_i0,2726947176,10,4,reversible,reversible,False,13,58,582,0.7075217910023639,0.0546581660019001,6.853344267251886,6.853344267251886,True,12.944484416716135
L10_S4_reversible_reversible_irreversible_TriTrueFalseFalse_i1,2406132058,10,4,reversible,reversible,False,14,74,790,3.7177994160010712,0.7157569999981206,12.86370638590696,12.86370638590696,True,5.194220120538972
L10_S4_reversible_reversible_irreversible_TriTrueFalseFalse_i2,93341109,10,4,reversible,reversible,False,14,74,790,7.782139875009307,0.48021804200834595,9.288981910425678,9.28898191042568,True,16.20542998813157
L10_S4_reversible_reversible_irreversible_TriTrueFalseFalse_i3,3978180617,10,4,reversible,reversible,False,14,74,790,3.8560225830005948,0.27261316700605676,11.629485504267297,11.629485504267297,True,14.144667373202322
L10_S4_reversible_reversible_irreversible_TriTrueFalseFalse_i4,706710628,10,4,reversible,reversible,False,12,42,374,0.5272192499978701,0.058949500002199784,5.1699656601147135,5.169965660114714,True,8.943574432940427
L10_S4_reversible_reversible_irreversible_TriFalseTrueTrue_i0,1273202070,10,4,reversible,reversible,True,13,58,582,0.9472653749980964,0.0754223750118399,9.59658200634496,9.59658200634496,True,12.559474059122632
L10_S4_reversible_reversible_irreversible_TriFalseTrueTrue_i1,1568434138,10,4,reversible,reversible,True,12,42,374,1.4347714999894379,0.04832224998972379,7.317001043586122,7.317001043586123,True,29.691735600118392
L10_S4_reversible_reversible_irreversible_TriFalseTrueTrue_i2,1557185434,10,4,reversible,reversible,True,13,58,582,0.9508510409941664,0.2910229999979492,8.71489375781809,8.71489375781809,True,3.2672711013686055
L10_S4_reversible_reversible_irreversible_TriFalseTrueTrue_i3,3921072016,10,4,reversible,reversible,True,16,106,1206,5.116821791001712,0.8050299579917919,13.07750668120753,13.07750668120753,True,6.356063813339254
L10_S4_reversible_reversible_irreversible_TriFalseTrueTrue_i4,3624811256,10,4,reversible,reversible,True,13,58,582,1.997893457999453,0.16323750000447035,12.316234181181043,12.316234181181043,True,12.239181840603768
L10_S4_reversible_reversible_irreversible_TriFalseTrueFalse_i0,1277527812,10,4,reversible,reversible,False,16,106,1206,5.0723845419997815,0.7359367919998476,11.95178488873764,11.95178488873764,True,6.892418737923913
L10_S4_reversible_reversible_irreversible_TriFalseTrueFalse_i1,3928966880,10,4,reversible,reversible,False,15,90,998,2.2701407919958,0.49763783399248496,12.665422294249668,12.665422294249668,True,4.561833189452089
L10_S4_reversible_reversible_irreversible_TriFalseTrueFalse_i2,2560824722,10,4,reversible,reversible,False,13,58,582,1.845043583001825,0.11228412500349805,8.158346308919384,8.158346308919384,True,16.431918283305205
L10_S4_reversible_reversible_irreversible_TriFalseTrueFalse_i3,1077792323,10,4,reversible,reversible,False,15,90,998,2.4264151660026982,0.81198804199812,13.353916020022519,13.353916020022517,True,2.9882400201899477
L10_S4_reversible_reversible_irreversible_TriFalseTrueFalse_i4,3629522961,10,4,reversible,reversible,False,14,74,790,2.6747311660001287,0.21284462499897927,13.345047128955892,13.34504712895589,True,12.566590081597624
L10_S4_reversible_reversible_irreversible_TriFalseFalseTrue_i0,2492854806,10,4,reversible,reversible,True,12,42,374,0.46927441700245254,0.047923374993843026,6.337989859581017,6.337989859581017,True,9.792181941913748
L10_S4_reversible_reversible_irreversible_TriFalseFalseTrue_i1,865344838,10,4,reversible,reversible,True,14,74,790,1.3907104170066305,0.1710045829968294,6.536736371263655,6.536736371263656,True,8.13259144580835
L10_S4_reversible_reversible_irreversible_TriFalseFalseTrue_i2,1412501009,10,4,reversible,reversible,True,13,58,582,3.0242586670065066,0.5120568340062164,12.006458871999403,12.0064588719994,True,5.906099597264027
L10_S4_reversible_reversible_irreversible_TriFalseFalseTrue_i3,3579710398,10,4,reversible,reversible,True,13,58,582,0.7971530000068014,0.22870441700797528,9.808079361419678,9.80807936141968,True,3.4855164012572923
L10_S4_reversible_reversible_irreversible_TriFalseFalseTrue_i4,1819958838,10,4,reversible,reversible,True,15,90,998,11.780755374988075,0.7329423339979257,13.025642054446843,13.025642054446841,True,16.0732363413302
L10_S4_reversible_reversible_irreversible_TriFalseFalseFalse_i0,2623163030,10,4,reversible,reversible,False,13,58,582,3.19297866600391,0.17426929099019617,8.846077970020481,8.846077970020481,True,18.322095818140678
L10_S4_reversible_reversible_irreversible_TriFalseFalseFalse_i1,4249309718,10,4,reversible,reversible,False,14,74,790,1.2200150840071728,0.2709316660038894,10.139655928445345,10.139655928445345,True,4.503036125303354
L10_S4_reversible_reversible_irreversible_TriFalseFalseFalse_i2,2591083804,10,4,reversible,reversible,False,14,74,790,2.694040083006257,0.22748279200459365,9.749574885144007,9.749574885144007,True,11.842830164969248
L10_S4_reversible_reversible_irreversible_TriFalseFalseFalse_i3,1917144977,10,4,reversible,reversible,False,13,58,582,0.6910145839938195,0.09678287499991711,10.045995781376538,10.045995781376536,True,7.139843457373713
L10_S4_reversible_reversible_irreversible_TriFalseFalseFalse_i4,936507457,10,4,reversible,reversible,False,13,58,582,2.179554290996748,0.12007350000203587,8.326001741875421,8.326001741875421,True,18.151834274906278
L10_S4_reversible_reversible_tree_TriTrueTrueTrue_i0,2302139707,10,4,reversible,reversible,True,13,58,582,2.0507411250000587,0.17773624999972526,8.423647640777903,8.423647640777903,True,11.538113994557186
L10_S4_reversible_reversible_tree_TriTrueTrueTrue_i1,1701324400,10,4,reversible,reversible,True,14,74,790,3.920008000000962,0.7684968329995172,11.83675909740479,11.83675909740479,True,5.100877227561129
L10_S4_reversible_reversible_tree_TriTrueTrueTrue_i2,1932835264,10,4,reversible,reversible,True,13,58,582,1.572630458002095,0.07045850000577047,9.484011842951805,9.484011842951805,True,22.31995338466395
L10_S4_reversible_reversible_tree_TriTrueTrueTrue_i3,3150683441,10,4,reversible,reversible,True,12,42,374,0.3910775420081336,0.05181766700115986,10.125647295470651,10.125647295470651,True,7.54718529593767
L10_S4_reversible_reversible_tree_TriTrueTrueTrue_i4,644557723,10,4,reversible,reversible,True,12,42,374,0.9385014169965871,0.06319887501013,6.913542723734011,6.913542723734011,True,14.849970066653668
L10_S4_reversible_reversible_tree_TriTrueTrueFalse_i0,3662578319,10,4,reversible,reversible,False,12,42,374,0.5150221660005627,0.013814459001878276,5.554009208366994,5.554009208366994,True,37.281382401522606
L10_S4_reversible_reversible_tree_TriTrueTrueFalse_i1,3647780519,10,4,reversible,reversible,False,16,106,1206,7.560008165994077,1.6822887089947471,17.34796195822014,17.34796195822014,True,4.493882721246868
L10_S4_reversible_reversible_tree_TriTrueTrueFalse_i2,3992630419,10,4,reversible,reversible,False,16,106,1206,2.681619958006195,0.9683241659949999,15.635107281477609,15.635107281477609,True,2.7693411456703236
L10_S4_reversible_reversible_tree_TriTrueTrueFalse_i3,1908207066,10,4,reversible,reversible,False,13,58,582,1.2056437080027536,0.12322874998790212,9.31640138220526,9.31640138220526,True,9.783785831937196
L10_S4_reversible_reversible_tree_TriTrueTrueFalse_i4,1879025246,10,4,reversible,reversible,False,12,42,374,0.7707700000028126,0.06841887500195298,8.633068130316087,8.633068130316087,True,11.265458379947829
L10_S4_reversible_reversible_tree_TriTrueFalseTrue_i0,1856585313,10,4,reversible,reversible,True,16,106,1206,4.379562791989883,2.868966875001206,14.54184332773926,14.54184332773926,True,1.5265295771187712
L10_S4_reversible_reversible_tree_TriTrueFalseTrue_i1,1110807328,10,4,reversible,reversible,True,12,42,374,0.7302785840001889,0.07094437499472406,8.989812675186986,8.989812675186986,True,10.293678304457815
L10_S4_reversible_reversible_tree_TriTrueFalseTrue_i2,3396765125,10,4,reversible,reversible,True,15,90,998,1.6289889589970699,0.41389991699543316,10.058163109771211,10.058163109771211,True,3.9357073731409713
L10_S4_reversible_reversible_tree_TriTrueFalseTrue_i3,1006803088,10,4,reversible,reversible,True,11,26,166,0.2670269580121385,0.008275707994471304,8.512698412545179,8.512698412545179,True,32.26635424113262
L10_S4_reversible_reversible_tree_TriTrueFalseTrue_i4,2357284721,10,4,reversible,reversible,True,14,74,790,1.8772787079942646,0.3657948329928331,14.400167750815092,14.400167750815092,True,5.132053636468374
L10_S4_reversible_reversible_tree_TriTrueFalseFalse_i0,3971066852,10,4,reversible,reversible,False,12,42,374,0.39314804099558387,0.11976904199400451,10.534024570118902,10.534024570118902,True,3.2825514103445275
L10_S4_reversible_reversible_tree_TriTrueFalseFalse_i1,2001369456,10,4,reversible,reversible,False,12,42,374,0.46055270900251344,0.12249708299350459,7.406863347583068,7.406863347583068,True,3.759703447528059
L10_S4_reversible_reversible_tree_TriTrueFalseFalse_i2,2869330522,10,4,reversible,reversible,False,13,58,582,1.4787387500109617,0.11175583399017341,7.7993857634068435,7.799385763406845,True,13.231870623497965
L10_S4_reversible_reversible_tree_TriTrueFalseFalse_i3,802634918,10,4,reversible,reversible,False,12,42,374,0.5539235409960384,0.14335870899958536,9.654493099456325,9.654493099456325,True,3.8638987543738397
L10_S4_reversible_reversible_tree_TriTrueFalseFalse_i4,2290840783,10,4,reversible,reversible,False,11,26,166,0.22973008301050868,0.011276334000285715,7.794376603222058,7.794376603222058,True,20.372761451720606
L10_S4_reversible_reversible_tree_TriFalseTrueTrue_i0,3430968580,10,4,reversible,reversible,True,17,122,1414,11.898052042000927,7.902556165994611,13.09274527887873,13.09274527887873,True,1.5055953783275453
L10_S4_reversible_reversible_tree_TriFalseTrueTrue_i1,545711146,10,4,reversible,reversible,True,13,58,582,1.4698545840074075,0.17677599999296945,9.56697618649255,9.56697618649255,True,8.314785806620126
L10_S4_reversible_reversible_tree_TriFalseTrueTrue_i2,3641077809,10,4,reversible,reversible,True,13,58,582,2.147237541998038,0.13637191700399853,7.538501000817079,7.538501000817079,True,15.745452388042818
L10_S4_reversible_reversible_tree_TriFalseTrueTrue_i3,1630274040,10,4,reversible,reversible,True,13,58,582,0.768401207998977,0.22642729099607095,9.929919730354225,9.929919730354223,True,3.3935891792245196
L10_S4_reversible_reversible_tree_TriFalseTrueTrue_i4,4196449448,10,4,reversible,reversible,True,16,106,1206,7.255537417004234,0.37954637499933597,13.513448869252587,13.513448869252585,True,19.116339598555218
L10_S4_reversible_reversible_tree_TriFalseTrueFalse_i0,2648633898,10,4,reversible,reversible,False,12,42,374,0.359761832994991,0.02523470899905078,8.307788266479761,8.307788266479761,True,14.256626408963037
L10_S4_reversible_reversible_tree_TriFalseTrueFalse_i1,2477426545,10,4,reversible,reversible,False,11,26,166,0.2280341660080012,0.03255591599736363,5.901240415770202,5.901240415770202,True,7.004384672269172
L10_S4_reversible_reversible_tree_TriFalseTrueFalse_i2,1933531188,10,4,reversible,reversible,False,13,58,582,1.8072316250036238,0.21596583299105987,10.716385688193885,10.716385688193885,True,8.368136716840294
L10_S4_reversible_reversible_tree_TriFalseTrueFalse_i3,3367039680,10,4,reversible,reversible,False,16,106,1206,7.634235583012924,0.6338235000002896,13.10878279741383,13.10878279741383,True,12.044734174363528
L10_S4_reversible_reversible_tree_TriFalseTrueFalse_i4,2084866854,10,4,reversible,reversible,False,12,42,374,1.134788541996386,0.052702999993925914,7.633512137543919,7.633512137543919,True,21.531763288530225
L10_S4_reversible_reversible_tree_TriFalseFalseTrue_i0,1322476728,10,4,reversible,reversible,True,12,42,374,0.860761417003232,0.06794654199620709,8.711588178405938,8.711588178405938,True,12.668215026793659
L10_S4_reversible_reversible_tree_TriFalseFalseTrue_i1,3937849236,10,4,reversible,reversible,True,13,58,582,3.815940832995693,0.24068550000083633,8.382764535630468,8.382764535630468,True,15.854469077397535
L10_S4_reversible_reversible_tree_TriFalseFalseTrue_i2,2804480239,10,4,reversible,reversible,True,17,122,1414,17.647149124997668,5.877290333999554,11.29045850812029,11.290458508120294,True,3.002599517656636
L10_S4_reversible_reversible_tree_TriFalseFalseTrue_i3,583652674,10,4,reversible,reversible,True,13,58,582,4.102917083000648,0.14370883299852721,8.505168164652861,8.505168164652861,True,28.550207867128726
L10_S4_reversible_reversible_tree_TriFalseFalseTrue_i4,4186350502,10,4,reversible,reversible,True,15,90,998,4.528781291999621,1.0863837500073714,11.615011045910979,11.615011045910979,True,4.168675468314228
L10_S4_reversible_reversible_tree_TriFalseFalseFalse_i0,4232138413,10,4,reversible,reversible,False,15,90,998,17.029777916002786,0.29760183399775997,11.456371195165001,11.456371195165003,True,57.22336327708116
L10_S4_reversible_reversible_tree_TriFalseFalseFalse_i1,2791538766,10,4,reversible,reversible,False,14,74,790,2.3110737910028547,0.19467354199150577,5.720513433436212,5.720513433436212,True,11.871535060640953
L10_S4_reversible_reversible_tree_TriFalseFalseFalse_i2,3928946482,10,4,reversible,reversible,False,12,42,374,0.6764971249940572,0.054176125006051734,8.58913560471493,8.58913560471493,True,12.486997038483137
L10_S4_reversible_reversible_tree_TriFalseFalseFalse_i3,496560527,10,4,reversible,reversible,False,13,58,582,0.8728505420003785,0.14716495900938753,8.212489861100002,8.212489861100002,True,5.9311030420876
L10_S4_reversible_reversible_tree_TriFalseFalseFalse_i4,883475733,10,4,reversible,reversible,False,13,58,582,2.6809211670042714,0.11506587499752641,9.834336535168838,9.834336535168838,True,23.29901149026931
L10_S4_reversible_irreversible_irreversible_TriTrueTrueTrue_i0,766723945,10,4,reversible,irreversible,True,12,42,294,0.31662374999723397,0.07949879200896248,11.22155609815908,11.22155609815908,True,3.982749146412055
L10_S4_reversible_irreversible_irreversible_TriTrueTrueTrue_i1,3011167072,10,4,reversible,irreversible,True,12,42,297,0.27914341700670775,0.08384287499939092,7.525984669654469,7.52598466965447,True,3.3293635706000306
L10_S4_reversible_irreversible_irreversible_TriTrueTrueTrue_i2,1960226284,10,4,reversible,irreversible,True,12,42,302,0.2714934999967227,0.0500664169958327,5.810982568163457,5.810982568163457,True,5.42266674678665
L10_S4_reversible_irreversible_irreversible_TriTrueTrueTrue_i3,3187423318,10,4,reversible,irreversible,True,13,58,459,0.5490667910053162,0.11371179200068582,5.276703587038686,5.276703587038686,True,4.828582651950661
L10_S4_reversible_irreversible_irreversible_TriTrueTrueTrue_i4,2772749389,10,4,reversible,irreversible,True,14,74,622,1.0333450409962097,0.06781312500243075,3.3563229032607773,3.3563229032607773,True,15.23812721683365
L10_S4_reversible_irreversible_irreversible_TriTrueTrueFalse_i0,1512759188,10,4,reversible,irreversible,False,14,70,561,1.6223911660054,0.1481276670092484,9.477892161575047,9.477892161575047,True,10.952654475760095
L10_S4_reversible_irreversible_irreversible_TriTrueTrueFalse_i1,3287654346,10,4,reversible,irreversible,False,15,90,780,7.947526959003881,0.23054804099956527,5.786407429280391,5.78640742928039,True,34.47232468371545
L10_S4_reversible_irreversible_irreversible_TriTrueTrueFalse_i2,126975142,10,4,reversible,irreversible,False,15,90,781,1.7394897920021322,2.2546855000109645,8.372851076813044,8.372851076813044,True,0.7714999680541579
L10_S4_reversible_irreversible_irreversible_TriTrueTrueFalse_i3,2147257227,10,4,reversible,irreversible,False,14,62,475,0.40605275001144037,0.10323920799419284,12.719789770298306,12.719789770298306,True,3.933125350023562
L10_S4_reversible_irreversible_irreversible_TriTrueTrueFalse_i4,2457966135,10,4,reversible,irreversible,False,14,74,613,1.8318104170029983,0.1504806250013644,7.746492262337263,7.746492262337263,True,12.173064836840787
L10_S4_reversible_irreversible_irreversible_TriTrueFalseTrue_i0,2617602087,10,4,reversible,irreversible,True,14,74,622,2.082737041011569,0.29954566700325813,8.120322528262584,8.120322528262584,True,6.952986684450783
L10_S4_reversible_irreversible_irreversible_TriTrueFalseTrue_i1,3493798176,10,4,reversible,irreversible,True,12,42,302,0.5758584160066675,0.19747274999099318,4.037802120377879,4.037802120377879,True,2.916141154244277
L10_S4_reversible_irreversible_irreversible_TriTrueFalseTrue_i2,1230654865,10,4,reversible,irreversible,True,13,58,449,1.1290884160116548,0.037969582990626805,8.24543493663594,8.24543493663594,True,29.736654904893935
L10_S4_reversible_irreversible_irreversible_TriTrueFalseTrue_i3,3455124075,10,4,reversible,irreversible,True,12,42,298,0.48510483400605153,0.1162514169991482,11.077649082274773,11.077649082274771,True,4.172893908353066
L10_S4_reversible_irreversible_irreversible_TriTrueFalseTrue_i4,928989319,10,4,reversible,irreversible,True,12,42,294,0.48757333400135394,0.029969791998155415,10.125777743680192,10.125777743680192,True,16.268825548156546
L10_S4_reversible_irreversible_irreversible_TriTrueFalseFalse_i0,2972598697,10,4,reversible,irreversible,False,12,42,294,0.3636469170014607,0.10288745899742935,8.324000289328017,8.324000289328017,True,3.5344143689672816
L10_S4_reversible_irreversible_irreversible_TriTrueFalseFalse_i1,3515759422,10,4,reversible,irreversible,False,13,58,453,1.0301580419909442,0.09482458300772123,4.953223046045677,4.953223046045677,True,10.863828750433138
L10_S4_reversible_irreversible_irreversible_TriTrueFalseFalse_i2,3354353367,10,4,reversible,irreversible,False,13,34,205,0.3693806660012342,0.025809583996306174,7.291848463576147,7.291848463576147,True,14.311763093211278
L10_S4_reversible_irreversible_irreversible_TriTrueFalseFalse_i3,2782904740,10,4,reversible,irreversible,False,15,90,779,1.3509060830110684,0.5667453749920242,13.933344937126485,13.933344937126485,True,2.3836208291006504
L10_S4_reversible_irreversible_irreversible_TriTrueFalseFalse_i4,371949182,10,4,reversible,irreversible,False,13,58,460,1.3679597500013188,0.2451956660079304,7.323442242795062,7.323442242795062,True,5.579053523637816
L10_S4_reversible_irreversible_irreversible_TriFalseTrueTrue_i0,3152932440,10,4,reversible,irreversible,True,14,74,622,1.8720481250056764,0.45357874999172054,5.685076264783674,5.685076264783673,True,4.127283566332339
L10_S4_reversible_irreversible_irreversible_TriFalseTrueTrue_i1,3162615224,10,4,reversible,irreversible,True,13,58,458,0.556656375003513,0.22825554199516773,6.456398909037221,6.456398909037221,True,2.4387419805848816
L10_S4_reversible_irreversible_irreversible_TriFalseTrueTrue_i2,120484130,10,4,reversible,irreversible,True,14,70,564,3.4528641249926295,0.2288504589960212,8.573188670383736,8.573188670383736,True,15.087861851152326
L10_S4_reversible_irreversible_irreversible_TriFalseTrueTrue_i3,2987173183,10,4,reversible,irreversible,True,13,58,457,0.8843705829931423,0.18698433399549685,7.054724848161354,7.054724848161354,True,4.729650657711196
L10_S4_reversible_irreversible_irreversible_TriFalseTrueTrue_i4,2354769532,10,4,reversible,irreversible,True,13,58,460,0.6002790829952573,0.055414458009181544,6.606869635938291,6.606869635938291,True,10.832535293645977
L10_S4_reversible_irreversible_irreversible_TriFalseTrueFalse_i0,2647927011,10,4,reversible,irreversible,False,13,54,400,0.5506583329988644,0.139261666990933,9.781913166695722,9.78191316669572,True,3.9541270828001025
L10_S4_reversible_irreversible_irreversible_TriFalseTrueFalse_i1,527367994,10,4,reversible,irreversible,False,13,58,460,1.549391792010283,0.04319812500034459,2.356630817508466,2.356630817508466,True,35.86710664249472
L10_S4_reversible_irreversible_irreversible_TriFalseTrueFalse_i2,937844765,10,4,reversible,irreversible,False,16,106,942,1.6631746670027496,0.34064150000631344,3.056193633292029,3.056193633292029,True,4.882478095268621
L10_S4_reversible_irreversible_irreversible_TriFalseTrueFalse_i3,2920387975,10,4,reversible,irreversible,False,16,106,938,1.3951511660125107,2.6458328750013607,11.886192235163358,11.88619223516336,True,0.527301319243186
L10_S4_reversible_irreversible_irreversible_TriFalseTrueFalse_i4,3241172003,10,4,reversible,irreversible,False,17,106,887,2.292847332995734,1.0386529579991475,7.326513887701959,7.32651388770196,True,2.207520147254128
L10_S4_reversible_irreversible_irreversible_TriFalseFalseTrue_i0,1481240103,10,4,reversible,irreversible,True,12,42,296,0.5325474169949302,0.09098566700413357,4.961287807798932,4.961287807798932,True,5.853091246972392
L10_S4_reversible_irreversible_irreversible_TriFalseFalseTrue_i1,970300701,10,4,reversible,irreversible,True,13,58,449,0.7005004579987144,0.04963329200109001,10.468406950459972,10.468406950459972,True,14.113519688958187
L10_S4_reversible_irreversible_irreversible_TriFalseFalseTrue_i2,2265932398,10,4,reversible,irreversible,True,15,90,777,2.6897107909899205,0.3161282079963712,7.372419574201193,7.372419574201193,True,8.508290985891724
L10_S4_reversible_irreversible_irreversible_TriFalseFalseTrue_i3,1219951695,10,4,reversible,irreversible,True,12,42,296,0.577780708001228,0.04894104099366814,4.840848037645573,4.840848037645573,True,11.805647866589759
L10_S4_reversible_irreversible_irreversible_TriFalseFalseTrue_i4,3168283888,10,4,reversible,irreversible,True,12,42,295,0.532158291011001,0.045512584008974954,7.1916919499722045,7.1916919499722045,True,11.692552530383868
L10_S4_reversible_irreversible_irreversible_TriFalseFalseFalse_i0,1195480067,10,4,reversible,irreversible,False,14,74,621,2.8005065839970484,0.3005032079963712,8.899655014274444,8.899655014274444,True,9.319389943788808
L10_S4_reversible_irreversible_irreversible_TriFalseFalseFalse_i1,1052409194,10,4,reversible,irreversible,False,14,74,619,1.232861333002802,0.19680579200212378,9.74034763214461,9.740347632144609,True,6.264354896247886
L10_S4_reversible_irreversible_irreversible_TriFalseFalseFalse_i2,3287922987,10,4,reversible,irreversible,False,12,42,302,0.3882821250008419,0.05331462499452755,4.3833738884494275,4.3833738884494275,True,7.282844393219544
L10_S4_reversible_irreversible_irreversible_TriFalseFalseFalse_i3,3935515772,10,4,reversible,irreversible,False,12,42,293,0.4528396249952493,0.1511848330119392,6.013658620921798,6.013658620921799,True,2.9952715029570243
L10_S4_reversible_irreversible_irreversible_TriFalseFalseFalse_i4,1763311884,10,4,reversible,irreversible,False,13,58,459,1.010444750005263,0.2750612079980783,8.379535249040098,8.379535249040096,True,3.6735268985614113
L10_S4_reversible_irreversible_tree_TriTrueTrueTrue_i0,3629375878,10,4,reversible,irreversible,True,15,90,778,1.9439656249887776,1.5126337910041912,10.262890184212935,10.262890184212935,True,1.2851528474800802
L10_S4_reversible_irreversible_tree_TriTrueTrueTrue_i1,1071482908,10,4,reversible,irreversible,True,12,42,302,0.2833885830041254,0.019637541990960017,3.4726899413802714,3.472689941380271,True,14.430959266878807
L10_S4_reversible_irreversible_tree_TriTrueTrueTrue_i2,647025629,10,4,reversible,irreversible,True,12,42,296,0.3416774159995839,0.09759525000117719,5.048154156299231,5.048154156299231,True,3.500963545812927
L10_S4_reversible_irreversible_tree_TriTrueTrueTrue_i3,1529340525,10,4,reversible,irreversible,True,13,58,459,0.8190134580072481,0.06320350000169128,7.1019029965618214,7.1019029965618214,True,12.958355866794973
L10_S4_reversible_irreversible_tree_TriTrueTrueTrue_i4,677839565,10,4,reversible,irreversible,True,15,90,781,2.2377719999931287,0.3077969169971766,6.4450053849944,6.4450053849944,True,7.270287222348521
L10_S4_reversible_irreversible_tree_TriTrueTrueFalse_i0,451968462,10,4,reversible,irreversible,False,12,42,300,0.5827508749935078,0.07821950000652578,6.330361045433877,6.330361045433877,True,7.4501993428069735
L10_S4_reversible_irreversible_tree_TriTrueTrueFalse_i1,4187463310,10,4,reversible,irreversible,False,14,74,622,0.7347279999958118,0.3220264169940492,7.501887457394961,7.501887457394961,True,2.2815767866889387
L10_S4_reversible_irreversible_tree_TriTrueTrueFalse_i2,229613480,10,4,reversible,irreversible,False,14,74,619,4.767177916000946,0.474756666997564,7.655315779468043,7.655315779468044,True,10.041307973846944
L10_S4_reversible_irreversible_tree_TriTrueTrueFalse_i3,2550849926,10,4,reversible,irreversible,False,15,90,782,0.8947923749947222,0.18449891699128784,5.689481436741718,5.689481436741718,True,4.849851612880325
L10_S4_reversible_irreversible_tree_TriTrueTrueFalse_i4,2717439466,10,4,reversible,irreversible,False,13,58,460,0.5525892500008922,0.17184795800130814,4.5650692225113385,4.5650692225113385,True,3.2155706312269077
L10_S4_reversible_irreversible_tree_TriTrueFalseTrue_i0,2003267076,10,4,reversible,irreversible,True,16,106,940,2.717630958999507,0.1556403330032481,6.062988693126943,6.062988693126944,True,17.460968433431866
L10_S4_reversible_irreversible_tree_TriTrueFalseTrue_i1,2481987601,10,4,reversible,irreversible,True,14,74,621,2.322379874996841,0.04388804100744892,5.374646722674545,5.374646722674545,True,52.91600556257839
L10_S4_reversible_irreversible_tree_TriTrueFalseTrue_i2,2173470340,10,4,reversible,irreversible,True,13,58,462,0.5013323750026757,0.015014750009868294,3.384921279626714,3.384921279626714,True,33.38932325106025
L10_S4_reversible_irreversible_tree_TriTrueFalseTrue_i3,1135922102,10,4,reversible,irreversible,True,13,58,461,1.1394244999974035,0.211577333000605,7.181666486841175,7.181666486841174,True,5.385380742126873
L10_S4_reversible_irreversible_tree_TriTrueFalseTrue_i4,2874249235,10,4,reversible,irreversible,True,14,74,618,0.5032220410066657,0.1391576250025537,9.351476697366902,9.3514766973669,True,3.6162016805132264
L10_S4_reversible_irreversible_tree_TriTrueFalseFalse_i0,1125868904,10,4,reversible,irreversible,False,15,90,782,2.8570023749925895,0.07973687499179505,6.308393465913289,6.308393465913289,True,35.83037759450942
L10_S4_reversible_irreversible_tree_TriTrueFalseFalse_i1,1105602658,10,4,reversible,irreversible,False,11,26,142,0.1992574159958167,0.01616387499962002,2.791718551864063,2.791718551864063,True,12.327328915447065
L10_S4_reversible_irreversible_tree_TriTrueFalseFalse_i2,3087181098,10,4,reversible,irreversible,False,12,42,293,0.4252879170089727,0.10029208300693426,7.91561907922219,7.91561907922219,True,4.240493367149177
L10_S4_reversible_irreversible_tree_TriTrueFalseFalse_i3,3188887689,10,4,reversible,irreversible,False,11,26,138,0.21344600000884384,0.008890959012205712,7.375381561587677,7.375381561587677,True,24.007081318082673
L10_S4_reversible_irreversible_tree_TriTrueFalseFalse_i4,2846337386,10,4,reversible,irreversible,False,13,58,454,1.0732754170021508,0.16518920799717307,7.32263794033739,7.32263794033739,True,6.497248963886728
L10_S4_reversible_irreversible_tree_TriFalseTrueTrue_i0,1007595907,10,4,reversible,irreversible,True,15,90,775,2.258840958995279,0.5701142080069985,10.082284082237189,10.082284082237189,True,3.962085005616042
L10_S4_reversible_irreversible_tree_TriFalseTrueTrue_i1,3713597977,10,4,reversible,irreversible,True,14,74,613,0.7088205000036396,0.2054721669992432,6.628738280506923,6.628738280506923,True,3.449715389221232
L10_S4_reversible_irreversible_tree_TriFalseTrueTrue_i2,3849947594,10,4,reversible,irreversible,True,13,54,399,0.44820658399839886,0.06107366699143313,6.982445926001635,6.982445926001635,True,7.338786071622049
L10_S4_reversible_irreversible_tree_TriFalseTrueTrue_i3,343353399,10,4,reversible,irreversible,True,12,42,302,0.34941383299883455,0.049005125008989125,3.919317170833129,3.919317170833129,True,7.130148648831977
L10_S4_reversible_irreversible_tree_TriFalseTrueTrue_i4,45327130,10,4,reversible,irreversible,True,14,66,520,0.9537928750069113,0.07992504199501127,8.385989386981358,8.385989386981358,True,11.933592266774818
L10_S4_reversible_irreversible_tree_TriFalseTrueFalse_i0,2053598434,10,4,reversible,irreversible,False,12,42,294,0.7082536660018377,0.076636709010927,5.127018742014395,5.127018742014395,True,9.241702389114218
L10_S4_reversible_irreversible_tree_TriFalseTrueFalse_i1,1862697346,10,4,reversible,irreversible,False,14,74,619,1.2496361249941401,0.2262227500032168,5.75664095278886,5.75664095278886,True,5.523918878417188
L10_S4_reversible_irreversible_tree_TriFalseTrueFalse_i2,559877058,10,4,reversible,irreversible,False,13,58,461,0.8924542500026291,0.22209891700185835,8.015948483880083,8.015948483880084,True,4.0182737405103515
L10_S4_reversible_irreversible_tree_TriFalseTrueFalse_i3,1916113499,10,4,reversible,irreversible,False,14,74,619,4.38946125000075,0.1039343329903204,4.978909649798808,4.978909649798808,True,42.23302427097429
L10_S4_reversible_irreversible_tree_TriFalseTrueFalse_i4,3135123793,10,4,reversible,irreversible,False,13,58,455,0.5959589170088293,0.09899895900161937,8.980630615344092,8.980630615344092,True,6.019850279225973
L10_S4_reversible_irreversible_tree_TriFalseFalseTrue_i0,2933137815,10,4,reversible,irreversible,True,14,66,510,0.639917249995051,0.14034600000013597,12.126572390714491,12.126572390714491,True,4.559568818739844
L10_S4_reversible_irreversible_tree_TriFalseFalseTrue_i1,424011744,10,4,reversible,irreversible,True,14,74,622,1.0164810410060454,0.4838947499956703,7.258292220205108,7.258292220205109,True,2.100624234742196
L10_S4_reversible_irreversible_tree_TriFalseFalseTrue_i2,2707932862,10,4,reversible,irreversible,True,14,74,616,1.2755495830060681,0.056973124999785796,6.494639059154108,6.494639059154108,True,22.388618504290317
L10_S4_reversible_irreversible_tree_TriFalseFalseTrue_i3,1740114895,10,4,reversible,irreversible,True,12,42,302,0.3199838330037892,0.020028666011057794,3.997971252852475,3.997971252852475,True,15.9762920231849
L10_S4_reversible_irreversible_tree_TriFalseFalseTrue_i4,2119772664,10,4,reversible,irreversible,True,12,42,292,0.3798584580072202,0.12166308300220408,4.859751260824025,4.859751260824025,True,3.1222162509076177
L10_S4_reversible_irreversible_tree_TriFalseFalseFalse_i0,2781167512,10,4,reversible,irreversible,False,13,58,450,0.7505527920002351,0.051765416996204294,8.132739645506023,8.132739645506023,True,14.499115839367306
L10_S4_reversible_irreversible_tree_TriFalseFalseFalse_i1,943030505,10,4,reversible,irreversible,False,12,42,300,0.6365753330028383,0.03958487500494812,5.476301215314022,5.476301215314022,True,16.081276417873994
L10_S4_reversible_irreversible_tree_TriFalseFalseFalse_i2,3955973648,10,4,reversible,irreversible,False,12,42,299,0.5112797500041779,0.035773499999777414,3.7670404957688026,3.7670404957688026,True,14.2921362381434
L10_S4_reversible_irreversible_tree_TriFalseFalseFalse_i3,31184057,10,4,reversible,irreversible,False,15,90,781,2.5723996670130873,0.4008869160024915,9.722400578784264,9.722400578784265,True,6.416771308595984
L10_S4_reversible_irreversible_tree_TriFalseFalseFalse_i4,1393360694,10,4,reversible,irreversible,False,14,74,622,0.6147777080041124,0.09079274999385234,2.4899255213187828,2.4899255213187828,True,6.771220183048969
L10_S4_reversible_tree_tree_TriTrueTrueTrue_i0,3730424258,10,4,reversible,tree,True,16,62,411,0.4250912079878617,0.21299279198865406,14.590712321148791,14.590712321148791,True,1.9958009002234454
L10_S4_reversible_tree_tree_TriTrueTrueTrue_i1,3114536452,10,4,reversible,tree,True,14,74,518,0.9756970419985009,0.3698524999927031,6.2694887416583835,6.2694887416583835,True,2.6380706886655623
L10_S4_reversible_tree_tree_TriTrueTrueTrue_i2,2886140961,10,4,reversible,tree,True,13,46,288,0.3098273330106167,0.03321091699763201,9.346302440085319,9.346302440085319,True,9.329080666565973
L10_S4_reversible_tree_tree_TriTrueTrueTrue_i3,487069947,10,4,reversible,tree,True,12,34,194,0.2823780420003459,0.10968716700153891,5.8139207223944505,5.8139207223944505,True,2.5743944997867403
L10_S4_reversible_tree_tree_TriTrueTrueTrue_i4,1796420597,10,4,reversible,tree,True,15,70,494,0.8084660829917993,0.09570316701137926,5.6526368147744215,5.6526368147744215,True,8.447641805291873
L10_S4_reversible_tree_tree_TriTrueTrueFalse_i0,1465471138,10,4,reversible,tree,False,15,82,579,1.1407670000044163,0.25425779199576937,12.939094140343197,12.939094140343197,True,4.486655006965303
L10_S4_reversible_tree_tree_TriTrueTrueFalse_i1,3195270492,10,4,reversible,tree,False,14,42,270,0.29303250000521075,0.02927908299898263,6.487918819114764,6.487918819114764,True,10.00825367403546
L10_S4_reversible_tree_tree_TriTrueTrueFalse_i2,1035534678,10,4,reversible,tree,False,14,42,269,0.303523666007095,0.04927324999880511,9.62422928281207,9.62422928281207,True,6.160008926840559
L10_S4_reversible_tree_tree_TriTrueTrueFalse_i3,4096152812,10,4,reversible,tree,False,12,42,245,0.4457090420037275,0.5278301250073127,6.532795481367154,6.532795481367154,True,0.8444175882404116
L10_S4_reversible_tree_tree_TriTrueTrueFalse_i4,1951806739,10,4,reversible,tree,False,12,34,193,0.3350740830064751,0.15948204099549912,5.471085688391051,5.471085688391052,True,2.101014501782787
L10_S4_reversible_tree_tree_TriTrueFalseTrue_i0,3071078818,10,4,reversible,tree,True,11,22,94,0.20533070800593123,0.010122583000338636,3.027875287026063,3.027875287026063,True,20.284416310999465
L10_S4_reversible_tree_tree_TriTrueFalseTrue_i1,927039813,10,4,reversible,tree,True,14,42,264,0.25770537499920465,0.034621500002685934,10.077192614366528,10.077192614366528,True,7.443506709290619
L10_S4_reversible_tree_tree_TriTrueFalseTrue_i2,3550969147,10,4,reversible,tree,True,12,42,246,0.33756020800501574,0.04646791699633468,10.22756894381622,10.22756894381622,True,7.264371260008723
L10_S4_reversible_tree_tree_TriTrueFalseTrue_i3,358488246,10,4,reversible,tree,True,13,58,381,1.0173809999978403,0.13839283300330862,6.486281237181992,6.4862812371819905,True,7.351399422700725
L10_S4_reversible_tree_tree_TriTrueFalseTrue_i4,1634456000,10,4,reversible,tree,True,15,50,334,0.4539455000049202,0.08043516700854525,5.3755001308276915,5.3755001308276915,True,5.643619715653407
L10_S4_reversible_tree_tree_TriTrueFalseFalse_i0,2477456406,10,4,reversible,tree,False,13,42,257,0.303275208993,0.03482804200029932,4.624205172576064,4.624205172576063,True,8.7077878303525
L10_S4_reversible_tree_tree_TriTrueFalseFalse_i1,1493169131,10,4,reversible,tree,False,12,34,194,0.3633477080002194,0.03247575000568759,4.947157640561868,4.947157640561868,True,11.188277306861515
L10_S4_reversible_tree_tree_TriTrueFalseFalse_i2,2318994721,10,4,reversible,tree,False,12,26,140,0.20393899999908172,0.011603291990468279,7.208219909079798,7.208219909079798,True,17.575958839151166
L10_S4_reversible_tree_tree_TriTrueFalseFalse_i3,1502146337,10,4,reversible,tree,False,12,30,158,0.22330616699764505,0.013464167001075111,3.974141008395902,3.974141008395902,True,16.58521840932274
L10_S4_reversible_tree_tree_TriTrueFalseFalse_i4,4109749522,10,4,reversible,tree,False,12,42,246,0.38182737499300856,0.06044433399802074,7.169965392224123,7.169965392224122,True,6.317008450924501
L10_S4_reversible_tree_tree_TriFalseTrueTrue_i0,2423056753,10,4,reversible,tree,True,16,58,370,0.30647725000744686,0.1419794169923989,9.856924706440893,9.856924706440893,True,2.1586033690027846
L10_S4_reversible_tree_tree_TriFalseTrueTrue_i1,2471078060,10,4,reversible,tree,True,14,58,394,0.45074025000212714,0.07134766699164174,7.826809177283328,7.826809177283328,True,6.317519026058855
L10_S4_reversible_tree_tree_TriFalseTrueTrue_i2,2258719231,10,4,reversible,tree,True,12,26,134,0.20893799999612384,0.019863416004227474,9.39372662946497,9.39372662946497,True,10.518734009946836
L10_S4_reversible_tree_tree_TriFalseTrueTrue_i3,952195886,10,4,reversible,tree,True,12,38,210,0.23360820800007787,0.04601229200488888,4.369393526962985,4.369393526962985,True,5.077082508695158
L10_S4_reversible_tree_tree_TriFalseTrueTrue_i4,1069692365,10,4,reversible,tree,True,14,58,394,0.46715083401068114,0.036731208994751796,6.554042310290926,6.554042310290926,True,12.718089986075283
L10_S4_reversible_tree_tree_TriFalseTrueFalse_i0,2503924446,10,4,reversible,tree,False,14,70,482,0.5562185840099119,0.047558917009155266,10.23753045004338,10.23753045004338,True,11.695358248117373
L10_S4_reversible_tree_tree_TriFalseTrueFalse_i1,4090585461,10,4,reversible,tree,False,13,30,142,0.2085996670066379,0.009567000000970438,10.979949165893068,10.979949165893066,True,21.80408123564306
L10_S4_reversible_tree_tree_TriFalseTrueFalse_i2,2751640088,10,4,reversible,tree,False,12,26,139,0.21206683400669135,0.018822541998815723,5.957737049401708,5.9577370494017075,True,11.26664096450911
L10_S4_reversible_tree_tree_TriFalseTrueFalse_i3,2429630102,10,4,reversible,tree,False,12,42,245,0.32900991599308327,0.15590079200046603,6.608757402318406,6.608757402318405,True,2.110380002955468
L10_S4_reversible_tree_tree_TriFalseTrueFalse_i4,617430593,10,4,reversible,tree,False,15,70,474,0.537238624994643,0.23193058399192523,7.065109973167129,7.065109973167129,True,2.316376794433331
L10_S4_reversible_tree_tree_TriFalseFalseTrue_i0,254173160,10,4,reversible,tree,True,14,74,514,0.5483283329958795,0.13197141700948123,7.110219769073077,7.110219769073076,True,4.154902184626719
L10_S4_reversible_tree_tree_TriFalseFalseTrue_i1,1937364336,10,4,reversible,tree,True,14,62,410,0.8038035409990698,0.32713891701132525,6.29064180029698,6.29064180029698,True,2.457070977324816
L10_S4_reversible_tree_tree_TriFalseFalseTrue_i2,3848894327,10,4,reversible,tree,True,14,74,518,1.2446414169971831,0.12047374999383464,5.898577451377473,5.898577451377473,True,10.33122490774674
L10_S4_reversible_tree_tree_TriFalseFalseTrue_i3,2734616277,10,4,reversible,tree,True,15,46,292,0.3624379999964731,0.07193095800175797,8.13264963626304,8.13264963626304,True,5.038692727391765
L10_S4_reversible_tree_tree_TriFalseFalseTrue_i4,596155901,10,4,reversible,tree,True,16,82,593,1.0013505410024663,0.3221908749983413,5.7121041384970885,5.712104138497089,True,3.107941954903842
L10_S4_reversible_tree_tree_TriFalseFalseFalse_i0,2441565727,10,4,reversible,tree,False,16,106,789,3.6123294999997597,0.2488980839989381,6.835350009843024,6.835350009843024,True,14.513287637448764
L10_S4_reversible_tree_tree_TriFalseFalseFalse_i1,1118968447,10,4,reversible,tree,False,13,54,342,0.3767774159932742,0.3261270410002908,8.81946573041173,8.819465730411729,True,1.1553087216635602
L10_S4_reversible_tree_tree_TriFalseFalseFalse_i2,4078505317,10,4,reversible,tree,False,14,62,409,0.46805983400554396,0.2239431659982074,11.136393682428809,11.136393682428809,True,2.090083123676154
L10_S4_reversible_tree_tree_TriFalseFalseFalse_i3,476720045,10,4,reversible,tree,False,11,22,94,0.2476785830076551,0.005147999996552244,2.2619174581528636,2.2619174581528636,True,48.11160354738318
L10_S4_reversible_tree_tree_TriFalseFalseFalse_i4,212342045,10,4,reversible,tree,False,13,34,201,0.2610657089971937,0.03451479200157337,8.824779790250847,8.824779790250847,True,7.56387873991575
L10_S4_irreversible_irreversible_irreversible_TriTrueTrueTrue_i0,296469781,10,4,irreversible,irreversible,True,13,58,336,0.9726513330097077,0.21878650000144262,4.121831433187823,4.121831433187823,True,4.4456642825660175
L10_S4_irreversible_irreversible_irreversible_TriTrueTrueTrue_i1,2047552619,10,4,irreversible,irreversible,True,13,46,232,0.28345370799070224,0.11867145799624268,4.953287220571591,4.953287220571591,True,2.3885583811662485
L10_S4_irreversible_irreversible_irreversible_TriTrueTrueTrue_i2,3810547456,10,4,irreversible,irreversible,True,14,70,408,1.0180209160025697,0.4364511659950949,7.302696959615957,7.302696959615957,True,2.3324967212517747
L10_S4_irreversible_irreversible_irreversible_TriTrueTrueTrue_i3,332563659,10,4,irreversible,irreversible,True,13,58,340,0.7883880830049748,0.4555611669929931,5.212510269521093,5.212510269521093,True,1.7305866662829803
L10_S4_irreversible_irreversible_irreversible_TriTrueTrueTrue_i4,3547763638,10,4,irreversible,irreversible,True,12,42,223,0.24781941699620802,0.16171820799354464,5.666800742912942,5.666800742912942,True,1.5324150479931442
L10_S4_irreversible_irreversible_irreversible_TriTrueTrueFalse_i0,1881493248,10,4,irreversible,irreversible,False,12,42,225,0.4003677080036141,0.22199945800821297,4.324272385893652,4.324272385893652,True,1.8034625390181798
L10_S4_irreversible_irreversible_irreversible_TriTrueTrueFalse_i1,2063248353,10,4,irreversible,irreversible,False,13,58,322,0.38120312499813735,0.3937583749939222,4.4970153413185345,4.4970153413185345,True,0.9681143265483738
L10_S4_irreversible_irreversible_irreversible_TriTrueTrueFalse_i2,2788499036,10,4,irreversible,irreversible,False,14,74,454,0.5478606250107987,0.077423082999303,1.1028607493607638,1.1028607493607638,True,7.076192224734044
L10_S4_irreversible_irreversible_irreversible_TriTrueTrueFalse_i3,3510787920,10,4,irreversible,irreversible,False,13,58,340,0.3660856660135323,0.11972866699215956,3.5740669495325275,3.5740669495325275,True,3.0576274851525573
L10_S4_irreversible_irreversible_irreversible_TriTrueTrueFalse_i4,1971055737,10,4,irreversible,irreversible,False,12,42,219,0.2777801250049379,0.01430083300510887,4.688401481531514,4.688401481531515,True,19.42405071660177
L10_S4_irreversible_irreversible_irreversible_TriTrueFalseTrue_i0,1129640253,10,4,irreversible,irreversible,True,12,42,222,0.41601458299555816,0.4072407500061672,4.267340778269389,4.267340778269389,True,1.02154458257852
L10_S4_irreversible_irreversible_irreversible_TriTrueFalseTrue_i1,774950878,10,4,irreversible,irreversible,True,12,42,217,0.33172391600965057,0.0699114169983659,7.485432547822164,7.485432547822164,True,4.744917575801485
L10_S4_irreversible_irreversible_irreversible_TriTrueFalseTrue_i2,2047770439,10,4,irreversible,irreversible,True,12,34,159,0.2217752919968916,0.12279587499506306,3.929050671280417,3.929050671280417,True,1.8060483725512733
L10_S4_irreversible_irreversible_irreversible_TriTrueFalseTrue_i3,2207680738,10,4,irreversible,irreversible,True,12,42,226,0.33906675000616815,0.0759962500014808,3.474449350471599,3.474449350471599,True,4.461624692507021
L10_S4_irreversible_irreversible_irreversible_TriTrueFalseTrue_i4,247725782,10,4,irreversible,irreversible,True,14,74,453,0.7053367090120446,2.0774173329991754,4.004751825782727,4.004751825782727,True,0.3395257647408869
L10_S4_irreversible_irreversible_irreversible_TriTrueFalseFalse_i0,937495010,10,4,irreversible,irreversible,False,14,74,446,0.8137419999984559,0.13028916700568516,8.811958463087151,8.811958463087151,True,6.245661189293559
L10_S4_irreversible_irreversible_irreversible_TriTrueFalseFalse_i1,2086982552,10,4,irreversible,irreversible,False,15,90,561,0.7385622919973684,0.4999201250029728,5.79659479950059,5.79659479950059,True,1.4773605893853863
L10_S4_irreversible_irreversible_irreversible_TriTrueFalseFalse_i2,2764019693,10,4,irreversible,irreversible,False,13,58,340,0.3848443339957157,0.21631575000355951,6.550774532861564,6.550774532861563,True,1.7790860453309432
L10_S4_irreversible_irreversible_irreversible_TriTrueFalseFalse_i3,241372969,10,4,irreversible,irreversible,False,13,58,337,0.8227515420003328,0.1468138330092188,7.567940687298634,7.567940687298635,True,5.60404642759122
L10_S4_irreversible_irreversible_irreversible_TriTrueFalseFalse_i4,2060251589,10,4,irreversible,irreversible,False,14,74,450,1.0004672500072047,0.40025458300078753,3.9829963447843046,3.9829963447843046,True,2.499577244080323
L10_S4_irreversible_irreversible_irreversible_TriFalseTrueTrue_i0,1934030756,10,4,irreversible,irreversible,True,13,58,331,0.5593208750069607,0.0356221660040319,8.135488682705882,8.135488682705883,True,15.701483712196788
L10_S4_irreversible_irreversible_irreversible_TriFalseTrueTrue_i1,3015347001,10,4,irreversible,irreversible,True,13,58,338,0.6022371250001015,0.028491582997958176,3.5378631613008453,3.5378631613008453,True,21.1373690224896
L10_S4_irreversible_irreversible_irreversible_TriFalseTrueTrue_i2,649348068,10,4,irreversible,irreversible,True,13,58,339,0.6546574170060921,0.29582733298593666,5.855465015326095,5.855465015326095,True,2.212971357938188
L10_S4_irreversible_irreversible_irreversible_TriFalseTrueTrue_i3,2805507048,10,4,irreversible,irreversible,True,12,42,228,0.31661312498908956,0.2453984999883687,3.6777163130972763,3.6777163130972763,True,1.2901999144815324
L10_S4_irreversible_irreversible_irreversible_TriFalseTrueTrue_i4,381418489,10,4,irreversible,irreversible,True,13,46,221,0.42014512499736156,0.05500649999885354,7.628524575135329,7.628524575135328,True,7.638099449483586
L10_S4_irreversible_irreversible_irreversible_TriFalseTrueFalse_i0,4050722242,10,4,irreversible,irreversible,False,13,46,225,0.2835499159991741,0.014495124996756203,4.573677153638678,4.573677153638677,True,19.561742068515198
L10_S4_irreversible_irreversible_irreversible_TriFalseTrueFalse_i1,3192716202,10,4,irreversible,irreversible,False,14,74,447,1.0237008339900058,0.19446258299285546,2.765538564596098,2.765538564596098,True,5.2642560484931975
L10_S4_irreversible_irreversible_irreversible_TriFalseTrueFalse_i2,4015749168,10,4,irreversible,irreversible,False,12,42,225,0.26842483298969455,0.04811833299754653,3.241916041047989,3.241916041047989,True,5.578431560065672
L10_S4_irreversible_irreversible_irreversible_TriFalseTrueFalse_i3,2895065433,10,4,irreversible,irreversible,False,14,74,447,1.097163875005208,0.15727204199356493,2.8520931000783687,2.8520931000783687,True,6.976216841349867
L10_S4_irreversible_irreversible_irreversible_TriFalseTrueFalse_i4,1864696694,10,4,irreversible,irreversible,False,14,70,411,0.7430295829981333,0.15412558399839327,3.0741506044333313,3.0741506044333313,True,4.820936011408354
L10_S4_irreversible_irreversible_irreversible_TriFalseFalseTrue_i0,1594310263,10,4,irreversible,irreversible,True,14,70,409,0.5928977499861503,0.08688166599313263,4.093100020834727,4.0931000208347275,True,6.824198596845691
L10_S4_irreversible_irreversible_irreversible_TriFalseFalseTrue_i1,2085142790,10,4,irreversible,irreversible,True,13,58,336,0.7687905829952797,0.21892162499716505,3.277164563449304,3.277164563449304,True,3.5117160284806
L10_S4_irreversible_irreversible_irreversible_TriFalseFalseTrue_i2,1014356390,10,4,irreversible,irreversible,True,12,42,220,0.37352324998937547,0.12336204100574832,6.993404887995509,6.993404887995509,True,3.0278620872048334
L10_S4_irreversible_irreversible_irreversible_TriFalseFalseTrue_i3,437293761,10,4,irreversible,irreversible,True,14,74,453,0.8418710830010241,0.15939754201099277,3.1416788384627994,3.141678838462799,True,5.281581303564791
L10_S4_irreversible_irreversible_irreversible_TriFalseFalseTrue_i4,973753561,10,4,irreversible,irreversible,True,16,106,670,2.7271193329943344,0.7851762910140678,5.787839797769083,5.787839797769083,True,3.4732573572731784
L10_S4_irreversible_irreversible_irreversible_TriFalseFalseFalse_i0,1301685542,10,4,irreversible,irreversible,False,14,74,445,0.4765001670020865,0.22734604199649766,6.290414791320061,6.290414791320061,True,2.0959246121975705
L10_S4_irreversible_irreversible_irreversible_TriFalseFalseFalse_i1,2797372629,10,4,irreversible,irreversible,False,14,70,406,0.8956631670007482,0.46761824999703094,12.193845867470579,12.193845867470579,True,1.9153725610389725
L10_S4_irreversible_irreversible_irreversible_TriFalseFalseFalse_i2,992455272,10,4,irreversible,irreversible,False,13,58,341,0.44511862500803545,0.13189741599489935,5.453577582484383,5.453577582484383,True,3.374733449293012
L10_S4_irreversible_irreversible_irreversible_TriFalseFalseFalse_i3,4278404170,10,4,irreversible,irreversible,False,13,58,338,0.5223085420002462,0.039444375011953525,3.324657958546427,3.324657958546427,True,13.241647981500883
L10_S4_irreversible_irreversible_irreversible_TriFalseFalseFalse_i4,3085883914,10,4,irreversible,irreversible,False,12,42,222,0.29115733299113344,0.027266082994174212,5.3850627595190765,5.3850627595190765,True,10.678369987173198
L10_S4_irreversible_irreversible_tree_TriTrueTrueTrue_i0,1591748228,10,4,irreversible,irreversible,True,13,58,339,0.6302192080038367,0.03673854201042559,2.129192867272298,2.129192867272298,True,17.15416988161437
L10_S4_irreversible_irreversible_tree_TriTrueTrueTrue_i1,33111647,10,4,irreversible,irreversible,True,15,78,461,0.42699504100892227,2.1145023749995744,2.9151402914110385,2.9151402914110385,True,0.20193642052876473
L10_S4_irreversible_irreversible_tree_TriTrueTrueTrue_i2,3095123132,10,4,irreversible,irreversible,True,13,50,254,0.3166445420065429,0.38011874999210704,9.181290945188815,9.181290945188815,True,0.8330147912464277
L10_S4_irreversible_irreversible_tree_TriTrueTrueTrue_i3,2495973267,10,4,irreversible,irreversible,True,12,34,140,0.2090417500003241,0.033655124992947094,5.3812260644031165,5.381226064403116,True,6.21129007343879
L10_S4_irreversible_irreversible_tree_TriTrueTrueTrue_i4,3170686612,10,4,irreversible,irreversible,True,15,90,563,1.0200195419893134,0.3830617089988664,4.469656065029623,4.469656065029623,True,2.6628073633157747
L10_S4_irreversible_irreversible_tree_TriTrueTrueFalse_i0,1645262976,10,4,irreversible,irreversible,False,13,50,256,0.3048032910010079,0.03320308300317265,3.8760503281189402,3.8760503281189402,True,9.179969275501128
L10_S4_irreversible_irreversible_tree_TriTrueTrueFalse_i1,2546210619,10,4,irreversible,irreversible,False,13,58,339,0.4264187920052791,0.019308041999465786,3.6372875827293067,3.6372875827293067,True,22.0850343049825
L10_S4_irreversible_irreversible_tree_TriTrueTrueFalse_i2,1933025881,10,4,irreversible,irreversible,False,16,106,671,1.4522624999954132,0.0995838339877082,4.777251940775223,4.777251940775223,True,14.583315657352104
L10_S4_irreversible_irreversible_tree_TriTrueTrueFalse_i3,1242484120,10,4,irreversible,irreversible,False,12,42,228,0.32568895899748895,0.03591279200918507,2.0961629202104515,2.0961629202104515,True,9.06888414148659
L10_S4_irreversible_irreversible_tree_TriTrueTrueFalse_i4,1426187745,10,4,irreversible,irreversible,False,12,42,229,0.2812026669998886,0.42629249999299645,3.429711568515524,3.429711568515524,True,0.659647228944589
L10_S4_irreversible_irreversible_tree_TriTrueFalseTrue_i0,1110492271,10,4,irreversible,irreversible,True,12,42,227,0.3086760830046842,0.14606470899889246,2.1400565558093003,2.1400565558093003,True,2.113283099025252
L10_S4_irreversible_irreversible_tree_TriTrueFalseTrue_i1,2154663081,10,4,irreversible,irreversible,True,15,90,565,1.4050884159951238,0.36889408399292734,2.150421102593496,2.150421102593496,True,3.8089209698823523
L10_S4_irreversible_irreversible_tree_TriTrueFalseTrue_i2,1641111208,10,4,irreversible,irreversible,True,15,78,451,0.6646552500023972,0.1508689579932252,11.10213774936782,11.10213774936782,True,4.405513595624688
L10_S4_irreversible_irreversible_tree_TriTrueFalseTrue_i3,210150233,10,4,irreversible,irreversible,True,14,74,447,0.7870262079959502,0.12539258299511857,5.027954471201925,5.027954471201925,True,6.27649724505708
L10_S4_irreversible_irreversible_tree_TriTrueFalseTrue_i4,2858814505,10,4,irreversible,irreversible,True,12,34,152,0.27410750000854023,0.043896457995288074,5.3610616433846445,5.3610616433846445,True,6.244410284619163
L10_S4_irreversible_irreversible_tree_TriTrueFalseFalse_i0,2372572952,10,4,irreversible,irreversible,False,16,106,673,1.6115123339986894,0.365331207998679,8.455070742050054,8.455070742050054,True,4.411099556524656
L10_S4_irreversible_irreversible_tree_TriTrueFalseFalse_i1,3512924310,10,4,irreversible,irreversible,False,12,42,222,0.3711046249954961,0.06186724999861326,9.161049841452087,9.161049841452087,True,5.998401723131586
L10_S4_irreversible_irreversible_tree_TriTrueFalseFalse_i2,3318244188,10,4,irreversible,irreversible,False,13,38,161,0.2701771670108428,0.027753083006246015,3.8591686675921992,3.8591686675921992,True,9.735032220204344
L10_S4_irreversible_irreversible_tree_TriTrueFalseFalse_i3,3148831635,10,4,irreversible,irreversible,False,14,74,449,0.8398455830028979,0.5284117910050554,2.2391373160443155,2.2391373160443155,True,1.589377064838218
L10_S4_irreversible_irreversible_tree_TriTrueFalseFalse_i4,941941691,10,4,irreversible,irreversible,False,13,58,333,0.4373732500098413,0.12887224998848978,2.7854043874553276,2.7854043874553276,True,3.393851249241431
L10_S4_irreversible_irreversible_tree_TriFalseTrueTrue_i0,3138922523,10,4,irreversible,irreversible,True,13,58,332,0.6443975410074927,0.1845716249954421,6.45018607206406,6.45018607206406,True,3.4913142122040237
L10_S4_irreversible_irreversible_tree_TriFalseTrueTrue_i1,3449319745,10,4,irreversible,irreversible,True,15,86,522,0.9732614170061424,2.782980166011839,9.195161381576845,9.195161381576844,True,0.3497191350993922
L10_S4_irreversible_irreversible_tree_TriFalseTrueTrue_i2,1443775180,10,4,irreversible,irreversible,True,13,58,332,0.5371735410008114,0.11589537499821745,5.540514074973152,5.540514074973152,True,4.634986826472469
L10_S4_irreversible_irreversible_tree_TriFalseTrueTrue_i3,3117748238,10,4,irreversible,irreversible,True,14,74,449,0.7384056669980055,0.16252804099349305,2.5969066464911608,2.5969066464911608,True,4.543250862688472
L10_S4_irreversible_irreversible_tree_TriFalseTrueTrue_i4,1762446891,10,4,irreversible,irreversible,True,15,86,522,0.46085391599626746,0.2005403329967521,3.6837050581362947,3.6837050581362947,True,2.2980609776172574
L10_S4_irreversible_irreversible_tree_TriFalseTrueFalse_i0,2469012891,10,4,irreversible,irreversible,False,13,46,232,0.3926836250029737,0.20167624999885447,7.717894484123894,7.717894484123894,True,1.9470989918649577
L10_S4_irreversible_irreversible_tree_TriFalseTrueFalse_i1,1384149427,10,4,irreversible,irreversible,False,14,74,453,0.42407720800838433,0.3650613339996198,2.9605202700836077,2.9605202700836077,True,1.1616601577617798
L10_S4_irreversible_irreversible_tree_TriFalseTrueFalse_i2,2157487912,10,4,irreversible,irreversible,False,14,66,374,0.6865478750114562,0.37684520799666643,6.543157201858001,6.5431572018579995,True,1.8218299148325627
L10_S4_irreversible_irreversible_tree_TriFalseTrueFalse_i3,2180185674,10,4,irreversible,irreversible,False,15,90,557,1.1888360419980017,0.36115462498855777,9.277280474295958,9.277280474295958,True,3.2917646804160463
L10_S4_irreversible_irreversible_tree_TriFalseTrueFalse_i4,808631789,10,4,irreversible,irreversible,False,14,70,408,0.4054854590067407,0.13941675001115073,7.975855801343403,7.975855801343402,True,2.9084414610573552
L10_S4_irreversible_irreversible_tree_TriFalseFalseTrue_i0,3953121015,10,4,irreversible,irreversible,True,13,58,333,0.6027505829988513,0.14756483300880063,4.363498595875505,4.363498595875505,True,4.084649212311002
L10_S4_irreversible_irreversible_tree_TriFalseFalseTrue_i1,3353378982,10,4,irreversible,irreversible,True,12,42,221,0.31326512500527315,0.03755687500233762,3.2782784565898444,3.2782784565898444,True,8.341085797066158
L10_S4_irreversible_irreversible_tree_TriFalseFalseTrue_i2,3769134585,10,4,irreversible,irreversible,True,12,42,222,0.4069584590033628,0.13877833301376086,2.9239760004007866,2.9239760004007866,True,2.932435108804592
L10_S4_irreversible_irreversible_tree_TriFalseFalseTrue_i3,3297133689,10,4,irreversible,irreversible,True,11,26,111,0.20496295799966902,0.028712833998724818,2.5687756627319245,2.5687756627319245,True,7.138374110698987
L10_S4_irreversible_irreversible_tree_TriFalseFalseTrue_i4,2250534660,10,4,irreversible,irreversible,True,13,58,335,0.6813144999905489,0.7067641250032466,3.6080553722119655,3.6080553722119655,True,0.9639913443872493
L10_S4_irreversible_irreversible_tree_TriFalseFalseFalse_i0,3128782805,10,4,irreversible,irreversible,False,14,74,447,1.0817608749930514,0.4418144170049345,5.424880448407691,5.424880448407691,True,2.448450822129959
L10_S4_irreversible_irreversible_tree_TriFalseFalseFalse_i1,2458989282,10,4,irreversible,irreversible,False,13,58,337,0.8661594169971067,0.07235083299747203,2.4108636068513594,2.4108636068513594,True,11.971657673322339
L10_S4_irreversible_irreversible_tree_TriFalseFalseFalse_i2,3165102923,10,4,irreversible,irreversible,False,15,86,519,0.6380804590007756,1.9082871669961605,6.636950070188179,6.636950024381631,True,0.3343733950015532
L10_S4_irreversible_irreversible_tree_TriFalseFalseFalse_i3,3955791053,10,4,irreversible,irreversible,False,13,58,340,0.34385937500337604,0.10218462499324232,2.5694114137994273,2.5694114137994273,True,3.3650793518206563
L10_S4_irreversible_irreversible_tree_TriFalseFalseFalse_i4,2815576698,10,4,irreversible,irreversible,False,12,42,229,0.30649829100002535,0.17331445899617393,3.9729425587372353,3.9729425587372353,True,1.7684519284010785
L10_S4_irreversible_tree_tree_TriTrueTrueTrue_i0,3009516374,10,4,irreversible,tree,True,13,38,151,0.2208610840025358,0.062096042005578056,5.20083000692347,5.20083000692347,True,3.5567658309998262
L10_S4_irreversible_tree_tree_TriTrueTrueTrue_i1,1099683814,10,4,irreversible,tree,True,15,82,386,0.4314867919893004,0.16406141700281296,9.720713774040048,9.72071377404005,True,2.630032077266955
L10_S4_irreversible_tree_tree_TriTrueTrueTrue_i2,1199523021,10,4,irreversible,tree,True,13,34,139,0.22726562499883585,0.009431249985937029,5.404413368316438,5.404413368316438,True,24.097081642479075
L10_S4_irreversible_tree_tree_TriTrueTrueTrue_i3,2884170907,10,4,irreversible,tree,True,13,46,202,0.307218791989726,0.09110604200395755,2.6801197429094152,2.6801197429094152,True,3.3721011456548577
L10_S4_irreversible_tree_tree_TriTrueTrueTrue_i4,2492208787,10,4,irreversible,tree,True,13,42,180,0.3148042499960866,0.14668816699122544,5.19291026656448,5.19291026656448,True,2.1460779987034635
L10_S4_irreversible_tree_tree_TriTrueTrueFalse_i0,2821079518,10,4,irreversible,tree,False,14,26,89,0.18412491701019462,0.05475512500561308,,,False,3.3626973480312974
L10_S4_irreversible_tree_tree_TriTrueTrueFalse_i1,3007580703,10,4,irreversible,tree,False,14,74,350,0.6760020000074292,0.05262116699304897,2.701608438009185,2.701608438009185,True,12.846579157967875
L10_S4_irreversible_tree_tree_TriTrueTrueFalse_i2,4060816970,10,4,irreversible,tree,False,13,46,195,0.274853124996298,0.8479317500023171,4.333635473168611,4.333635473168611,True,0.32414533914009186
L10_S4_irreversible_tree_tree_TriTrueTrueFalse_i3,2025430041,10,4,irreversible,tree,False,13,50,207,0.31911637500161305,0.035888208003598265,9.173741050501686,9.173741050501686,True,8.891955989489958
L10_S4_irreversible_tree_tree_TriTrueTrueFalse_i4,457851496,10,4,irreversible,tree,False,11,26,86,0.2576314579928294,0.009825333996559493,1.7108713776050892,1.7108713776050892,True,26.221137303007318
L10_S4_irreversible_tree_tree_TriTrueFalseTrue_i0,1263809726,10,4,irreversible,tree,True,12,34,137,0.21081625000806525,0.021250874997349456,3.322277568647595,3.322277568647595,True,9.920355755422017
L10_S4_irreversible_tree_tree_TriTrueFalseTrue_i1,288777488,10,4,irreversible,tree,True,12,29,108,0.21401566700660624,0.017872415992314927,4.907538803630645,4.907538803630645,True,11.974634829672572
L10_S4_irreversible_tree_tree_TriTrueFalseTrue_i2,3889668760,10,4,irreversible,tree,True,11,22,73,0.18118416699871887,0.00671620799403172,1.0600801946919183,1.0600801946919183,True,26.9771484418853
L10_S4_irreversible_tree_tree_TriTrueFalseTrue_i3,4142956089,10,4,irreversible,tree,True,13,46,190,0.31856029100890737,0.15390666699386202,4.587750015520707,4.587750015520707,True,2.069827741456997
L10_S4_irreversible_tree_tree_TriTrueFalseTrue_i4,2461416903,10,4,irreversible,tree,True,14,58,268,0.5257126250071451,0.15790429100161418,0.9194424297475299,0.9194424297475299,True,3.329311815044084
L10_S4_irreversible_tree_tree_TriTrueFalseFalse_i0,2079484765,10,4,irreversible,tree,False,15,70,328,0.4850017499993555,0.08687033400929067,6.357567863155826,6.357567863155826,True,5.583053754166888
L10_S4_irreversible_tree_tree_TriTrueFalseFalse_i1,191674785,10,4,irreversible,tree,False,13,46,202,0.27683883399004117,0.012307750002946705,4.120742736710329,4.120742736710329,True,22.49304799258295
L10_S4_irreversible_tree_tree_TriTrueFalseFalse_i2,4015081436,10,4,irreversible,tree,False,11,22,76,0.18116141700011212,0.023409166999044828,2.2371340640118333,2.2371340640118333,True,7.738908832962544
L10_S4_irreversible_tree_tree_TriTrueFalseFalse_i3,868102324,10,4,irreversible,tree,False,12,28,104,0.24958362500183284,0.04323862500314135,4.423412060090196,4.423412060090196,True,5.772237651207979
L10_S4_irreversible_tree_tree_TriTrueFalseFalse_i4,291156392,10,4,irreversible,tree,False,12,42,174,0.2550340000016149,0.06346595801005606,4.357162681450596,4.357162681450596,True,4.018437662955748
L10_S4_irreversible_tree_tree_TriFalseTrueTrue_i0,2222852572,10,4,irreversible,tree,True,15,50,224,0.24911366699961945,0.10718079200887587,2.184502209664467,2.184502209664467,True,2.324237953520178
L10_S4_irreversible_tree_tree_TriFalseTrueTrue_i1,2506177184,10,4,irreversible,tree,True,12,42,167,0.2444914579973556,0.029244999997899868,7.712163902571236,7.712163902571235,True,8.360111118304046
L10_S4_irreversible_tree_tree_TriFalseTrueTrue_i2,160681984,10,4,irreversible,tree,True,16,82,395,0.8228603750030743,0.16209574999811593,5.880518752588767,5.880518752588767,True,5.076384605618926
L10_S4_irreversible_tree_tree_TriFalseTrueTrue_i3,3958438144,10,4,irreversible,tree,True,14,58,246,0.26785429200390354,2.283169791000546,8.251647883821672,8.25164788382167,True,0.1173168517481154
L10_S4_irreversible_tree_tree_TriFalseTrueTrue_i4,323155612,10,4,irreversible,tree,True,15,78,364,0.589297540995176,0.09679808300279547,7.0262752799003,7.0262752799003,True,6.087905014505839
L10_S4_irreversible_tree_tree_TriFalseTrueFalse_i0,3612433653,10,4,irreversible,tree,False,13,34,146,0.24078212499443907,0.0423626670090016,1.5309507974681962,1.5309507974681962,True,5.683828151316521
L10_S4_irreversible_tree_tree_TriFalseTrueFalse_i1,634051634,10,4,irreversible,tree,False,14,46,192,0.2815359160013031,0.1181664999894565,7.218957534044646,7.218957534044646,True,2.3825357748929488
L10_S4_irreversible_tree_tree_TriFalseTrueFalse_i2,1925221378,10,4,irreversible,tree,False,12,34,139,0.23550116700062063,0.0170396249886835,2.8881744584265654,2.8881744584265654,True,13.820794374068049
L10_S4_irreversible_tree_tree_TriFalseTrueFalse_i3,4079884731,10,4,irreversible,tree,False,15,82,387,0.7796922500128858,0.18129291699733585,3.995385565738962,3.995385565738962,True,4.300731979085601
L10_S4_irreversible_tree_tree_TriFalseTrueFalse_i4,2558403027,10,4,irreversible,tree,False,16,82,396,0.45859070800361224,0.051228958007413894,2.4113925252003483,2.4113925252003483,True,8.951786584951778
L10_S4_irreversible_tree_tree_TriFalseFalseTrue_i0,134325736,10,4,irreversible,tree,True,13,58,258,0.3194479579979088,0.03784200000518467,2.602809367168698,2.602809367168698,True,8.441624372721247
L10_S4_irreversible_tree_tree_TriFalseFalseTrue_i1,2159427035,10,4,irreversible,tree,True,14,54,229,0.35446587500337046,0.3035749159898842,3.626339228591167,3.626339228591167,True,1.1676388764859056
L10_S4_irreversible_tree_tree_TriFalseFalseTrue_i2,3188394757,10,4,irreversible,tree,True,15,30,107,0.19271804198797327,0.028782209003111348,,,False,6.695734690530731
L10_S4_irreversible_tree_tree_TriFalseFalseTrue_i3,4021941889,10,4,irreversible,tree,True,14,50,215,0.26696158399863634,0.07289604199468158,4.720218086545135,4.720218086545135,True,3.6622232570033133
L10_S4_irreversible_tree_tree_TriFalseFalseTrue_i4,1410703180,10,4,irreversible,tree,True,12,42,168,0.2402898330037715,0.0066325000079814345,3.1248180402317507,3.1248180402317507,True,36.22914383497431
L10_S4_irreversible_tree_tree_TriFalseFalseFalse_i0,3280946934,10,4,irreversible,tree,False,11,22,76,0.18324395800300408,0.011808125011157244,2.2955198793002705,2.2955198793002705,True,15.518462271647577
L10_S4_irreversible_tree_tree_TriFalseFalseFalse_i1,83666738,10,4,irreversible,tree,False,15,45,169,0.22925375000340864,0.17462795799656305,5.981737143734925,5.981737143734925,True,1.312812400263584
L10_S4_irreversible_tree_tree_TriFalseFalseFalse_i2,1220615911,10,4,irreversible,tree,False,14,58,212,0.29847062499902677,0.02173354200203903,8.678686878143035,8.678686878143035,True,13.73317847766581
L10_S4_irreversible_tree_tree_TriFalseFalseFalse_i3,1947457008,10,4,irreversible,tree,False,11,22,76,0.18550212499394547,0.04357016700669192,2.8205490548664143,2.8205490548664143,True,4.257548994657407
L10_S4_irreversible_tree_tree_TriFalseFalseFalse_i4,2311836357,10,4,irreversible,tree,False,12,42,165,0.2557127500040224,0.062091084007988684,6.696350806492795,6.696350806492795,True,4.1183488736124065
L10_S4_tree_tree_tree_TriTrueTrueTrue_i0,2094636833,10,4,tree,tree,True,13,22,55,0.17897612499655224,0.054488499998115,,1.5078514629987536,False,3.2846586292169024
L10_S4_tree_tree_tree_TriTrueTrueTrue_i1,1266004160,10,4,tree,tree,True,13,28,77,0.17908304200682323,0.15757633300381713,,,False,1.1364843784377237
L10_S4_tree_tree_tree_TriTrueTrueTrue_i2,3235053867,10,4,tree,tree,True,12,22,50,0.18130604100588243,0.00497841599280946,4.343414547202227,4.343414547202227,True,36.41841197066266
L10_S4_tree_tree_tree_TriTrueTrueTrue_i3,777156275,10,4,tree,tree,True,12,25,60,0.181243833998451,0.0137649579992285,9.5579746112354,9.5579746112354,True,13.167044958768813
L10_S4_tree_tree_tree_TriTrueTrueTrue_i4,3707436923,10,4,tree,tree,True,11,21,44,0.17485549999400973,0.005617834001895972,4.480806011016238,4.480806011016238,True,31.12506863142073
L10_S4_tree_tree_tree_TriTrueTrueFalse_i0,993719785,10,4,tree,tree,False,13,17,30,0.16575458300940227,0.004488999999011867,,1.332089737102305,False,36.92460372494653
L10_S4_tree_tree_tree_TriTrueTrueFalse_i1,3380143923,10,4,tree,tree,False,14,26,53,0.17128045800200198,0.0044957920035813,,,False,38.09794131214711
L10_S4_tree_tree_tree_TriTrueTrueFalse_i2,1466692758,10,4,tree,tree,False,14,51,149,0.27884537499630824,0.03228829200088512,7.40886751376247,7.40886751376247,True,8.636113869155741
L10_S4_tree_tree_tree_TriTrueTrueFalse_i3,1461160881,10,4,tree,tree,False,14,34,97,0.1904483340040315,0.02518933299870696,,,False,7.560673657104541
L10_S4_tree_tree_tree_TriTrueTrueFalse_i4,4070796598,10,4,tree,tree,False,17,50,144,0.19462912500603124,0.16510399999970105,,,False,1.17882742893907
L10_S4_tree_tree_tree_TriTrueFalseTrue_i0,42972441,10,4,tree,tree,True,13,26,64,0.18769624999549706,0.02997579200018663,,11.124961047891826,False,6.261594146794664
L10_S4_tree_tree_tree_TriTrueFalseTrue_i1,3564392801,10,4,tree,tree,True,14,38,99,0.19300737501180265,0.05378379099420272,11.146677012356038,11.146677012356038,True,3.588578786572108
L10_S4_tree_tree_tree_TriTrueFalseTrue_i2,2005682730,10,4,tree,tree,True,14,30,81,0.17939133300387766,0.01572458300506696,,,False,11.408335695626166
L10_S4_tree_tree_tree_TriTrueFalseTrue_i3,667517214,10,4,tree,tree,True,14,57,173,0.24968000000808388,0.03350600000703707,5.585805537234827,5.585805537234827,True,7.451799453943938
L10_S4_tree_tree_tree_TriTrueFalseTrue_i4,175874934,10,4,tree,tree,True,16,41,97,0.18415312499564607,0.0392813750077039,,,False,4.688051787175932
L10_S4_tree_tree_tree_TriTrueFalseFalse_i0,735809193,10,4,tree,tree,False,13,22,43,0.17144829100288916,0.008239540999056771,,,False,20.807987995269137
L10_S4_tree_tree_tree_TriTrueFalseFalse_i1,3333308633,10,4,tree,tree,False,12,14,25,0.16717800000333227,0.0014662500034319237,0.0,0.0,True,114.01731327858161
L10_S4_tree_tree_tree_TriTrueFalseFalse_i2,3500327148,10,4,tree,tree,False,17,63,198,0.3265668329986511,0.1004823330004001,7.253309013801945,7.253309013801945,True,3.2499925110950425
L10_S4_tree_tree_tree_TriTrueFalseFalse_i3,1514060334,10,4,tree,tree,False,13,34,84,0.20635454199509695,0.008498167007928714,8.22850424147629,8.22850424147629,True,24.28223845451985
L10_S4_tree_tree_tree_TriTrueFalseFalse_i4,947698879,10,4,tree,tree,False,15,40,112,0.18678070799796842,0.03656591700564604,,11.434160142445535,False,5.108054663611293
L10_S4_tree_tree_tree_TriFalseTrueTrue_i0,2902004363,10,4,tree,tree,True,14,36,100,0.240885375009384,0.02341024999623187,6.95372362611163,6.95372362611163,True,10.289739099685736
L10_S4_tree_tree_tree_TriFalseTrueTrue_i1,1758847431,10,4,tree,tree,True,12,21,39,0.17406916599429678,0.004551457997877151,3.7125261084777366,3.7125261084777366,True,38.24469605800788
L10_S4_tree_tree_tree_TriFalseTrueTrue_i2,4130101171,10,4,tree,tree,True,15,58,170,0.23345091700321063,0.030662958000903018,7.68124122906273,7.68124122906273,True,7.613450384756916
L10_S4_tree_tree_tree_TriFalseTrueTrue_i3,466430865,10,4,tree,tree,True,12,26,66,0.18533787499472965,0.010402874991996214,3.4738867263352358,3.4738867263352358,True,17.81602271692225
L10_S4_tree_tree_tree_TriFalseTrueTrue_i4,1506347248,10,4,tree,tree,True,14,35,96,0.18330695800250396,0.006155208000564016,,2.8942760867097297,False,29.780785345502824
L10_S4_tree_tree_tree_TriFalseTrueFalse_i0,2754939622,10,4,tree,tree,False,12,22,48,0.17312633400433697,0.052409666997846216,5.013521413553098,5.013521413553098,True,3.3033281953141094
L10_S4_tree_tree_tree_TriFalseTrueFalse_i1,577901860,10,4,tree,tree,False,12,28,67,0.18417633400531486,0.009855417010840029,3.3868696436389376,3.3868696436389376,True,18.68782570183612
L10_S4_tree_tree_tree_TriFalseTrueFalse_i2,3403204766,10,4,tree,tree,False,14,58,180,0.23035179199359845,0.012578082998516038,6.816611430982574,6.816611430982574,True,18.313742539863412
L10_S4_tree_tree_tree_TriFalseTrueFalse_i3,1746748724,10,4,tree,tree,False,13,31,75,0.18764912498591002,0.025205125013599172,4.8691072392288275,4.8691072392288275,True,7.444879461608953
L10_S4_tree_tree_tree_TriFalseTrueFalse_i4,3631416517,10,4,tree,tree,False,12,42,118,0.23109083400049713,0.015264125002431683,3.736712683679983,3.7367126836799835,True,15.13947368907219
L10_S4_tree_tree_tree_TriFalseFalseTrue_i0,3602000991,10,4,tree,tree,True,14,58,184,0.2825607919949107,0.1340337909932714,2.7750450657910783,2.7750450657910783,True,2.1081310003457596
L10_S4_tree_tree_tree_TriFalseFalseTrue_i1,1215358221,10,4,tree,tree,True,11,16,36,0.17626454200944863,0.003335499990498647,1.8711968266682883,1.8711968266682883,True,52.84499765149152
L10_S4_tree_tree_tree_TriFalseFalseTrue_i2,2546809638,10,4,tree,tree,True,15,46,135,0.2339883750100853,0.06773066699679475,4.8060800707932465,4.8060800707932465,True,3.4546887241856
L10_S4_tree_tree_tree_TriFalseFalseTrue_i3,2067613774,10,4,tree,tree,True,14,64,201,0.3790659579972271,0.03966641599254217,5.380285768719851,5.380285768719851,True,9.556344805947477
L10_S4_tree_tree_tree_TriFalseFalseTrue_i4,3585208274,10,4,tree,tree,True,12,24,59,0.18480716699559707,0.005586749990470707,5.123866316747025,5.123866316747025,True,33.07954253032249
L10_S4_tree_tree_tree_TriFalseFalseFalse_i0,3149654685,10,4,tree,tree,False,15,23,42,0.16774358300608583,0.008321874993271194,,2.9121090532883556,False,20.156943355286476
L10_S4_tree_tree_tree_TriFalseFalseFalse_i1,1428511201,10,4,tree,tree,False,13,36,95,0.19144174999382813,0.035373457998503,3.9663744785757213,3.9663744785757213,True,5.412016676173227
L10_S4_tree_tree_tree_TriFalseFalseFalse_i2,1376942818,10,4,tree,tree,False,12,28,71,0.18206133399507962,0.01570987499144394,6.990258477161861,6.990258477161861,True,11.58897333716928
L10_S4_tree_tree_tree_TriFalseFalseFalse_i3,3982596636,10,4,tree,tree,False,13,40,113,0.2738162919995375,0.01873054201132618,3.164160916530967,3.164160916530967,True,14.618705492625784
L10_S4_tree_tree_tree_TriFalseFalseFalse_i4,1070040975,10,4,tree,tree,False,11,24,50,0.1758145830099238,0.009377708003739826,6.2924219445708705,6.2924219445708705,True,18.748138051608237
