id,seed,n_leaves,n_states,char_1,char_2,preserve_triangle,nodes_in_contracted_tree,expansion_nodes,expansion_edges,time_gur,time_cp,score_gur,score_cp,score_match,speedup_factor
L4_S4_reversible_reversible_reversible_TriTrueTrueTrue_i0,2680912462,4,4,reversible,reversible,True,5,20,124,0.009391750005306676,0.020608542021363974,5.497891954976675,5.497891954976675,True,0.45572120239507763
L4_S4_reversible_reversible_reversible_TriTrueTrueTrue_i1,59403227,4,4,reversible,reversible,True,7,52,540,0.037718749983469024,0.018626750010298565,2.7969889983804475,2.7969889983804475,True,2.02497740817036
L4_S4_reversible_reversible_reversible_TriTrueTrueTrue_i2,2207667835,4,4,reversible,reversible,True,7,52,540,0.037279416021192446,0.01698441698681563,2.3980115356081106,2.3980115356081106,True,2.194918663102325
L4_S4_reversible_reversible_reversible_TriTrueTrueTrue_i3,2928310807,4,4,reversible,reversible,True,6,36,332,0.021058082988020033,0.017999917006818578,3.3226172942964465,3.3226172942964465,True,1.1698988284303844
L4_S4_reversible_reversible_reversible_TriTrueTrueTrue_i4,3866793898,4,4,reversible,reversible,True,7,52,540,0.04083933398942463,0.08880358401802368,6.3332596078329,6.3332596078329,True,0.4598838434409583
L4_S4_reversible_reversible_reversible_TriTrueTrueFalse_i0,2416566774,4,4,reversible,reversible,False,7,52,540,0.04096487499191426,0.057197249989258125,5.026403331646142,5.026403331646142,True,0.7162035636923814
L4_S4_reversible_reversible_reversible_TriTrueTrueFalse_i1,3553624329,4,4,reversible,reversible,False,5,20,124,0.006640792009420693,0.010586416989099234,6.261748516009987,6.261748516009986,True,0.6272935771342747
L4_S4_reversible_reversible_reversible_TriTrueTrueFalse_i2,2774220237,4,4,reversible,reversible,False,6,36,332,0.022493083000881597,0.07350645799306221,4.505272921119626,4.505272921119626,True,0.30600144951894054
L4_S4_reversible_reversible_reversible_TriTrueTrueFalse_i3,2862768481,4,4,reversible,reversible,False,7,52,540,0.03760633399360813,0.0568467499979306,3.1833553852513092,3.1833553852513092,True,0.6615388449372792
L4_S4_reversible_reversible_reversible_TriTrueTrueFalse_i4,1006539268,4,4,reversible,reversible,False,7,52,540,0.04125262500019744,0.08813283298513852,5.504753044365146,5.504753044365146,True,0.4680732836431165
L4_S4_reversible_reversible_reversible_TriTrueFalseTrue_i0,1790475241,4,4,reversible,reversible,True,7,52,540,0.04086479201214388,0.16171816698624752,5.171549512487704,5.1715495124877044,True,0.25269141074872314
L4_S4_reversible_reversible_reversible_TriTrueFalseTrue_i1,4281569797,4,4,reversible,reversible,True,6,36,332,0.03178916600882076,0.07302491701557301,5.621143483768722,5.621143483768722,True,0.4353194344160924
L4_S4_reversible_reversible_reversible_TriTrueFalseTrue_i2,2719906458,4,4,reversible,reversible,True,7,52,540,0.04130070799146779,0.08106508300988935,4.899431794937534,4.8994317949375334,True,0.5094759167390661
L4_S4_reversible_reversible_reversible_TriTrueFalseTrue_i3,603809539,4,4,reversible,reversible,True,5,20,124,0.006306916999164969,0.002674207993550226,3.8003690637498826,3.8003690637498826,True,2.358423374678743
L4_S4_reversible_reversible_reversible_TriTrueFalseTrue_i4,3179541453,4,4,reversible,reversible,True,7,52,540,0.04350533298566006,0.09746016698773019,5.7569852779969555,5.7569852779969555,True,0.446390909064893
L4_S4_reversible_reversible_reversible_TriTrueFalseFalse_i0,3827009772,4,4,reversible,reversible,False,7,52,540,0.039552583009935915,0.08343616599449888,4.257117118632714,4.257117118632715,True,0.47404602146385394
L4_S4_reversible_reversible_reversible_TriTrueFalseFalse_i1,3840799754,4,4,reversible,reversible,False,7,52,540,0.04377720900811255,0.16187762501067482,7.986140920444685,7.986140920444685,True,0.2704339697026797
L4_S4_reversible_reversible_reversible_TriTrueFalseFalse_i2,776931648,4,4,reversible,reversible,False,6,36,332,0.02172870800131932,0.017850125004770234,3.8823201164976693,3.88232011649767,True,1.2172859729680665
L4_S4_reversible_reversible_reversible_TriTrueFalseFalse_i3,1525591362,4,4,reversible,reversible,False,7,52,540,0.042732874979265034,0.1126376670144964,4.7204847230238745,4.7204847230238745,True,0.37938352002959913
L4_S4_reversible_reversible_reversible_TriTrueFalseFalse_i4,115104064,4,4,reversible,reversible,False,7,52,540,0.04926670802524313,0.3991615420090966,7.391623974549139,7.391623974549139,True,0.12342548747017039
L4_S4_reversible_reversible_reversible_TriFalseTrueTrue_i0,2769434315,4,4,reversible,reversible,True,6,36,332,0.023525249998783693,0.03348720897338353,5.861475620743202,5.861475620743202,True,0.7025144829169748
L4_S4_reversible_reversible_reversible_TriFalseTrueTrue_i1,2267521420,4,4,reversible,reversible,True,7,52,540,0.037780000013299286,0.1318240840046201,5.903106795995048,5.903106795995049,True,0.28659406216986216
L4_S4_reversible_reversible_reversible_TriFalseTrueTrue_i2,1389973288,4,4,reversible,reversible,True,7,52,540,0.04781916699721478,0.09381474999827333,6.83116449239932,6.831164492399319,True,0.5097190632429958
L4_S4_reversible_reversible_reversible_TriFalseTrueTrue_i3,1362606708,4,4,reversible,reversible,True,6,36,332,0.059543415991356596,0.13292987499153242,5.643325624297445,5.643325624297446,True,0.44793102789887124
L4_S4_reversible_reversible_reversible_TriFalseTrueTrue_i4,2230822701,4,4,reversible,reversible,True,7,52,540,0.039710957993520424,0.051321249979082495,1.9284446393443844,1.9284446393443844,True,0.7737722139646559
L4_S4_reversible_reversible_reversible_TriFalseTrueFalse_i0,2372896939,4,4,reversible,reversible,False,7,52,540,0.03562741700443439,0.13539999999920838,2.950842048881052,2.950842048881052,True,0.2631271546640734
L4_S4_reversible_reversible_reversible_TriFalseTrueFalse_i1,2762713592,4,4,reversible,reversible,False,5,20,124,0.007067041005939245,0.004443499987246469,5.297805180046474,5.297805180046474,True,1.5904218376957133
L4_S4_reversible_reversible_reversible_TriFalseTrueFalse_i2,146522194,4,4,reversible,reversible,False,5,20,124,0.006397707998985425,0.00499991700053215,3.3099222572654385,3.3099222572654385,True,1.2795625844872864
L4_S4_reversible_reversible_reversible_TriFalseTrueFalse_i3,1841353053,4,4,reversible,reversible,False,5,20,124,0.006662666011834517,0.009240707993740216,5.371046258989863,5.371046258989863,True,0.7210124262486677
L4_S4_reversible_reversible_reversible_TriFalseTrueFalse_i4,169473167,4,4,reversible,reversible,False,7,52,540,0.04583374998765066,0.27161825000075623,5.951526465353394,5.951526465353394,True,0.1687432630862609
L4_S4_reversible_reversible_reversible_TriFalseFalseTrue_i0,2293964576,4,4,reversible,reversible,True,7,52,540,0.04257241601590067,0.11350358300842345,5.520929425842386,5.520929425842385,True,0.37507552195656874
L4_S4_reversible_reversible_reversible_TriFalseFalseTrue_i1,2024015037,4,4,reversible,reversible,True,7,52,540,0.045818125014193356,0.12509687501005828,4.736169507142763,4.736169507142763,True,0.3662611447667918
L4_S4_reversible_reversible_reversible_TriFalseFalseTrue_i2,2408874542,4,4,reversible,reversible,True,7,52,540,0.04339387500658631,0.13147150000440888,5.46394421247632,5.463944212476319,True,0.33006297695750125
L4_S4_reversible_reversible_reversible_TriFalseFalseTrue_i3,3977561672,4,4,reversible,reversible,True,6,36,332,0.024035582988290116,0.07870350001030602,3.704974096005494,3.704974096005494,True,0.30539407624500364
L4_S4_reversible_reversible_reversible_TriFalseFalseTrue_i4,53626877,4,4,reversible,reversible,True,6,36,332,0.023492334003094584,0.030385416001081467,5.1033463435193465,5.1033463435193465,True,0.7731450255317692
L4_S4_reversible_reversible_reversible_TriFalseFalseFalse_i0,3598234153,4,4,reversible,reversible,False,6,36,332,0.025446249986998737,0.2699553339916747,3.567028298507197,3.5670282985071964,True,0.09426096353229502
L4_S4_reversible_reversible_reversible_TriFalseFalseFalse_i1,2371724633,4,4,reversible,reversible,False,6,36,332,0.024271917005535215,0.07870187499793246,4.242598071637791,4.242598071637791,True,0.3084032838832565
L4_S4_reversible_reversible_reversible_TriFalseFalseFalse_i2,3392855319,4,4,reversible,reversible,False,7,52,540,0.03862708399537951,0.06481145799625665,7.588791133869786,7.588791133869785,True,0.5959915822541584
L4_S4_reversible_reversible_reversible_TriFalseFalseFalse_i3,2928787278,4,4,reversible,reversible,False,5,20,124,0.006814459018642083,0.0024421659763902426,1.732528125178356,1.732528125178356,True,2.790332964339117
L4_S4_reversible_reversible_reversible_TriFalseFalseFalse_i4,2363698989,4,4,reversible,reversible,False,6,36,332,0.024880125012714416,0.017948459018953145,5.36524584901745,5.36524584901745,True,1.3861983137517981
L4_S4_reversible_reversible_irreversible_TriTrueTrueTrue_i0,1643631027,4,4,reversible,reversible,True,6,36,332,0.022590999986277893,0.057354874996235594,3.799060526169436,3.799060526169436,True,0.39388107103153047
L4_S4_reversible_reversible_irreversible_TriTrueTrueTrue_i1,3851728830,4,4,reversible,reversible,True,6,36,332,0.025870208017295226,0.12334708301932551,7.706960912473979,7.7069609124739795,True,0.20973505959202077
L4_S4_reversible_reversible_irreversible_TriTrueTrueTrue_i2,2938335895,4,4,reversible,reversible,True,5,20,124,0.00726633399608545,0.01992729099583812,5.481072484982532,5.481072484982532,True,0.3646423205723611
L4_S4_reversible_reversible_irreversible_TriTrueTrueTrue_i3,741723989,4,4,reversible,reversible,True,6,36,332,0.022553499991772696,0.08996816698345356,5.364974727198326,5.364974727198327,True,0.25068310822913065
L4_S4_reversible_reversible_irreversible_TriTrueTrueTrue_i4,3281379667,4,4,reversible,reversible,True,7,52,540,0.04636366700287908,0.1222512919921428,6.823565443656248,6.823565443656248,True,0.37924888864659223
L4_S4_reversible_reversible_irreversible_TriTrueTrueFalse_i0,4032617749,4,4,reversible,reversible,False,7,52,540,0.040409334003925323,0.08797724999021739,4.810055445736994,4.810055445736994,True,0.45931571570039886
L4_S4_reversible_reversible_irreversible_TriTrueTrueFalse_i1,3957859168,4,4,reversible,reversible,False,7,52,540,0.045049707987345755,0.12116620800225064,6.202459697208783,6.202459697208782,True,0.37180092006104576
L4_S4_reversible_reversible_irreversible_TriTrueTrueFalse_i2,3623206906,4,4,reversible,reversible,False,6,36,332,0.025187874998664483,0.04370100001688115,5.610999832891499,5.610999832891499,True,0.5763683762972551
L4_S4_reversible_reversible_irreversible_TriTrueTrueFalse_i3,3617171877,4,4,reversible,reversible,False,6,36,332,0.023100457998225465,0.020033583015901968,5.264682653338668,5.264682653338668,True,1.1530866359154268
L4_S4_reversible_reversible_irreversible_TriTrueTrueFalse_i4,2740820714,4,4,reversible,reversible,False,6,36,332,0.023269541998161003,0.021239249996142462,2.717136546411395,2.717136546411395,True,1.095591459528742
L4_S4_reversible_reversible_irreversible_TriTrueFalseTrue_i0,677027462,4,4,reversible,reversible,True,6,36,332,0.02514970800257288,0.04955383299966343,5.304419291042222,5.304419291042222,True,0.5075229497427727
L4_S4_reversible_reversible_irreversible_TriTrueFalseTrue_i1,864976112,4,4,reversible,reversible,True,6,36,332,0.026222457992844284,0.0923203749989625,5.455165073033832,5.455165073033833,True,0.2840375995992366
L4_S4_reversible_reversible_irreversible_TriTrueFalseTrue_i2,2224920154,4,4,reversible,reversible,True,6,36,332,0.024791832984192297,0.03949545798241161,5.269624586427095,5.269624586427095,True,0.6277135048673005
L4_S4_reversible_reversible_irreversible_TriTrueFalseTrue_i3,1359988481,4,4,reversible,reversible,True,6,36,332,0.030712250008946285,0.2150798329967074,5.988914380798335,5.988914380798335,True,0.14279465181945625
L4_S4_reversible_reversible_irreversible_TriTrueFalseTrue_i4,1228923971,4,4,reversible,reversible,True,6,36,332,0.02666241698898375,0.029214832989964634,4.420656385336514,4.420656385336514,True,0.9126328425532849
L4_S4_reversible_reversible_irreversible_TriTrueFalseFalse_i0,1707361206,4,4,reversible,reversible,False,7,52,540,0.041944833006709814,0.2423859580012504,5.273281167432831,5.273281167432831,True,0.17304976401910077
L4_S4_reversible_reversible_irreversible_TriTrueFalseFalse_i1,2085277312,4,4,reversible,reversible,False,6,36,332,0.02369708300102502,0.072992166999029,5.356222836110717,5.356222836110717,True,0.3246524065614856
L4_S4_reversible_reversible_irreversible_TriTrueFalseFalse_i2,3543094699,4,4,reversible,reversible,False,7,52,540,0.04018312500556931,0.06630645800032653,4.201461275848412,4.201461275848413,True,0.6060212777366293
L4_S4_reversible_reversible_irreversible_TriTrueFalseFalse_i3,682988855,4,4,reversible,reversible,False,6,36,332,0.022364042000845075,0.01791912500630133,5.258249669835278,5.258249669835278,True,1.2480542852916305
L4_S4_reversible_reversible_irreversible_TriTrueFalseFalse_i4,156230933,4,4,reversible,reversible,False,7,52,540,0.03951504101860337,0.06162737499107607,3.625954988376585,3.625954988376585,True,0.6411929825525159
L4_S4_reversible_reversible_irreversible_TriFalseTrueTrue_i0,3111001320,4,4,reversible,reversible,True,7,52,540,0.04519737500231713,0.1604574589873664,7.446322734434119,7.446322734434119,True,0.2816782404873899
L4_S4_reversible_reversible_irreversible_TriFalseTrueTrue_i1,37193243,4,4,reversible,reversible,True,7,52,540,0.04238966599223204,0.14108129098895006,4.454629580487196,4.454629580487196,True,0.30046270057940877
L4_S4_reversible_reversible_irreversible_TriFalseTrueTrue_i2,2523570187,4,4,reversible,reversible,True,6,36,332,0.024657375004608184,0.08136195800034329,6.000314707479801,6.000314707479801,True,0.30305778409912854
L4_S4_reversible_reversible_irreversible_TriFalseTrueTrue_i3,2476341875,4,4,reversible,reversible,True,6,36,332,0.024656916997628286,0.14521208402584307,6.6049831837008615,6.6049831837008615,True,0.16979934551067255
L4_S4_reversible_reversible_irreversible_TriFalseTrueTrue_i4,1856224324,4,4,reversible,reversible,True,5,20,124,0.007322291989112273,0.006041457992978394,4.010074484390796,4.010074484390796,True,1.2120072316343635
L4_S4_reversible_reversible_irreversible_TriFalseTrueFalse_i0,4059661156,4,4,reversible,reversible,False,6,36,332,0.022697542008245364,0.04974116699304432,5.871819299288875,5.871819299288876,True,0.4563130084001914
L4_S4_reversible_reversible_irreversible_TriFalseTrueFalse_i1,199623447,4,4,reversible,reversible,False,7,52,540,0.046816499991109595,0.31637287500780076,8.492800243302618,8.492800243302618,True,0.147978867790029
L4_S4_reversible_reversible_irreversible_TriFalseTrueFalse_i2,3821762297,4,4,reversible,reversible,False,7,52,540,0.04414050001651049,0.13046329200733453,5.598211496488289,5.598211496488289,True,0.33833654661797435
L4_S4_reversible_reversible_irreversible_TriFalseTrueFalse_i3,1657678411,4,4,reversible,reversible,False,6,36,332,0.02232958300737664,0.013612541981274262,4.628331027718123,4.628331027718123,True,1.6403682278978842
L4_S4_reversible_reversible_irreversible_TriFalseTrueFalse_i4,3874054400,4,4,reversible,reversible,False,5,20,124,0.0067282090021763,0.02166995801962912,5.881574937323644,5.881574937323644,True,0.310485543423582
L4_S4_reversible_reversible_irreversible_TriFalseFalseTrue_i0,1941224055,4,4,reversible,reversible,True,6,36,332,0.02543149999110028,0.048533374996623024,4.669149738688596,4.669149738688596,True,0.5240002260067343
L4_S4_reversible_reversible_irreversible_TriFalseFalseTrue_i1,3555509368,4,4,reversible,reversible,True,6,36,332,0.0255227500165347,0.03000262498972006,3.283658034261776,3.283658034261776,True,0.8506838709811494
L4_S4_reversible_reversible_irreversible_TriFalseFalseTrue_i2,2479362516,4,4,reversible,reversible,True,6,36,332,0.022946750017581508,0.0504802500072401,4.87815167656847,4.87815167656847,True,0.4545688573198731
L4_S4_reversible_reversible_irreversible_TriFalseFalseTrue_i3,1318231783,4,4,reversible,reversible,True,7,52,540,0.04493358399486169,0.11206316700554453,4.4182617927215615,4.4182617927215615,True,0.4009665690750285
L4_S4_reversible_reversible_irreversible_TriFalseFalseTrue_i4,4285630571,4,4,reversible,reversible,True,7,52,540,0.04055762500502169,0.06499366599018686,3.1579548495149607,3.1579548495149607,True,0.6240242608736838
L4_S4_reversible_reversible_irreversible_TriFalseFalseFalse_i0,2441158502,4,4,reversible,reversible,False,6,36,332,0.024664541997481138,0.059846249991096556,6.388943441320359,6.38894344132036,True,0.41213178083871166
L4_S4_reversible_reversible_irreversible_TriFalseFalseFalse_i1,1911176832,4,4,reversible,reversible,False,7,52,540,0.039474458986660466,0.04657850001240149,4.811545510767547,4.811545510767546,True,0.847482381971683
L4_S4_reversible_reversible_irreversible_TriFalseFalseFalse_i2,4031693355,4,4,reversible,reversible,False,6,36,332,0.023540207999758422,0.14227891698828898,6.194512092019286,6.194512092019286,True,0.1654511317108556
L4_S4_reversible_reversible_irreversible_TriFalseFalseFalse_i3,849946644,4,4,reversible,reversible,False,6,36,332,0.024351917003514245,0.11946175000048243,5.66846220477526,5.66846220477526,True,0.2038469786318125
L4_S4_reversible_reversible_irreversible_TriFalseFalseFalse_i4,3940771646,4,4,reversible,reversible,False,6,36,332,0.02145050000399351,0.0032613340008538216,0.0,0.0,True,6.577214545079774
L4_S4_reversible_reversible_tree_TriTrueTrueTrue_i0,392759942,4,4,reversible,reversible,True,6,36,332,0.025142083002720028,0.2410401249944698,6.417968664535535,6.417968664535535,True,0.10430662902697314
L4_S4_reversible_reversible_tree_TriTrueTrueTrue_i1,2962909604,4,4,reversible,reversible,True,6,36,332,0.02203845899202861,0.010748708009487018,1.971476845798744,1.971476845798744,True,2.0503354377327585
L4_S4_reversible_reversible_tree_TriTrueTrueTrue_i2,2304562468,4,4,reversible,reversible,True,7,52,540,0.04779504201724194,0.15100720900227316,7.024577669372872,7.0245776693728725,True,0.31650834431364216
L4_S4_reversible_reversible_tree_TriTrueTrueTrue_i3,1730141096,4,4,reversible,reversible,True,6,36,332,0.022645041986834258,0.04109108398552053,4.033797979818725,4.033797979818725,True,0.5510937955231361
L4_S4_reversible_reversible_tree_TriTrueTrueTrue_i4,465224120,4,4,reversible,reversible,True,7,52,540,0.039473374985391274,0.1718978330027312,5.698944661812035,5.698944661812035,True,0.229632765382978
L4_S4_reversible_reversible_tree_TriTrueTrueFalse_i0,2394476193,4,4,reversible,reversible,False,7,52,540,0.03983091699774377,0.13286995797534473,8.207068548097823,8.207068548097823,True,0.29977368326827564
L4_S4_reversible_reversible_tree_TriTrueTrueFalse_i1,1056677902,4,4,reversible,reversible,False,5,20,124,0.006995250005275011,0.013965374993858859,6.380842283310745,6.380842283310745,True,0.5008995109298243
L4_S4_reversible_reversible_tree_TriTrueTrueFalse_i2,3024445456,4,4,reversible,reversible,False,5,20,124,0.006216040987055749,0.018103874986991286,5.869373498847214,5.869373498847214,True,0.3433541519795178
L4_S4_reversible_reversible_tree_TriTrueTrueFalse_i3,421328329,4,4,reversible,reversible,False,7,52,540,0.03971545898821205,0.10698912499356084,4.017681509336634,4.017681509336634,True,0.371210238605018
L4_S4_reversible_reversible_tree_TriTrueTrueFalse_i4,3079175284,4,4,reversible,reversible,False,7,52,540,0.03692725001019426,0.018829292006557807,3.567204269746161,3.5672042697461612,True,1.961159667404047
L4_S4_reversible_reversible_tree_TriTrueFalseTrue_i0,4233352299,4,4,reversible,reversible,True,6,36,332,0.025130542024271563,0.17161404198850505,5.519970108954851,5.519970108954851,True,0.14643639638485087
L4_S4_reversible_reversible_tree_TriTrueFalseTrue_i1,4231704725,4,4,reversible,reversible,True,6,36,332,0.02683158399304375,0.09157024999149144,4.540434477990005,4.540434477990005,True,0.2930163858078417
L4_S4_reversible_reversible_tree_TriTrueFalseTrue_i2,1446953931,4,4,reversible,reversible,True,6,36,332,0.025830541009781882,0.0436946660047397,6.760344102007291,6.760344102007291,True,0.5911600380655141
L4_S4_reversible_reversible_tree_TriTrueFalseTrue_i3,1796619572,4,4,reversible,reversible,True,7,52,540,0.04499508300796151,0.08188666601199657,5.163437613319889,5.163437613319888,True,0.5494799660287754
L4_S4_reversible_reversible_tree_TriTrueFalseTrue_i4,783479769,4,4,reversible,reversible,True,5,20,124,0.00785399999585934,0.0037059170135762542,1.6572750380955452,1.6572750380955452,True,2.119312938679973
L4_S4_reversible_reversible_tree_TriTrueFalseFalse_i0,3861152766,4,4,reversible,reversible,False,7,52,540,0.053355209005530924,0.23326029101735912,5.480910665686223,5.480910665686223,True,0.22873678389102015
L4_S4_reversible_reversible_tree_TriTrueFalseFalse_i1,2277070778,4,4,reversible,reversible,False,7,52,540,0.04171691698138602,0.2886097499867901,5.30036491571775,5.300364915717749,True,0.14454437813951557
L4_S4_reversible_reversible_tree_TriTrueFalseFalse_i2,1664836549,4,4,reversible,reversible,False,5,20,124,0.007547209010226652,0.024939749971963465,4.526348350343934,4.526348350343934,True,0.30261765719758
L4_S4_reversible_reversible_tree_TriTrueFalseFalse_i3,3520028782,4,4,reversible,reversible,False,5,20,124,0.006792708998546004,0.007085417018970475,3.3318099425075918,3.3318099425075918,True,0.958688531905842
L4_S4_reversible_reversible_tree_TriTrueFalseFalse_i4,1543044791,4,4,reversible,reversible,False,5,20,124,0.006618209008593112,0.006075625016819686,4.760249738511775,4.760249738511775,True,1.0893048700284294
L4_S4_reversible_reversible_tree_TriFalseTrueTrue_i0,2945283087,4,4,reversible,reversible,True,6,36,332,0.02316645800601691,0.021438042022055015,5.079887510615136,5.079887510615136,True,1.0806237296092622
L4_S4_reversible_reversible_tree_TriFalseTrueTrue_i1,1517757349,4,4,reversible,reversible,True,7,52,540,0.04390237500774674,0.26229395798873156,6.33128414492697,6.331284144926968,True,0.16737852132398073
L4_S4_reversible_reversible_tree_TriFalseTrueTrue_i2,644050335,4,4,reversible,reversible,True,6,36,332,0.028196125000249594,0.0411971659923438,5.076758440653828,5.076758440653828,True,0.6844190282669108
L4_S4_reversible_reversible_tree_TriFalseTrueTrue_i3,3032203736,4,4,reversible,reversible,True,6,36,332,0.024556917021982372,0.006319917010841891,2.723348277080878,2.723348277080878,True,3.8856385446543293
L4_S4_reversible_reversible_tree_TriFalseTrueTrue_i4,4140641716,4,4,reversible,reversible,True,7,52,540,0.04285820899531245,0.0759551250084769,4.8057383855637035,4.8057383855637035,True,0.564256966547976
L4_S4_reversible_reversible_tree_TriFalseTrueFalse_i0,1888804194,4,4,reversible,reversible,False,6,36,332,0.02542104199528694,0.07773366701439954,4.562904470566197,4.562904470566197,True,0.3270274341174521
L4_S4_reversible_reversible_tree_TriFalseTrueFalse_i1,3006973583,4,4,reversible,reversible,False,6,36,332,0.020883250021142885,0.04889995901612565,2.862040171270261,2.862040171270261,True,0.42706067682378995
L4_S4_reversible_reversible_tree_TriFalseTrueFalse_i2,1017124487,4,4,reversible,reversible,False,7,52,540,0.037111165991518646,0.10932087499531917,4.274492698370782,4.274492698370781,True,0.33947007516759786
L4_S4_reversible_reversible_tree_TriFalseTrueFalse_i3,748627109,4,4,reversible,reversible,False,7,52,540,0.041969083016738296,0.14190608300850727,7.548490221159997,7.548490221159997,True,0.2957525275253332
L4_S4_reversible_reversible_tree_TriFalseTrueFalse_i4,660035809,4,4,reversible,reversible,False,5,20,124,0.006994416995439678,0.013309083005879074,4.95696984974721,4.95696984974721,True,0.5255370686930827
L4_S4_reversible_reversible_tree_TriFalseFalseTrue_i0,2683285463,4,4,reversible,reversible,True,7,52,540,0.0376692499849014,0.11222300000372343,3.7441447858218355,3.7441447858218355,True,0.335664254635746
L4_S4_reversible_reversible_tree_TriFalseFalseTrue_i1,3289648406,4,4,reversible,reversible,True,7,52,540,0.04162145798909478,0.13480004199664108,5.718801454565933,5.718801454565933,True,0.30876442665624293
L4_S4_reversible_reversible_tree_TriFalseFalseTrue_i2,2513735112,4,4,reversible,reversible,True,5,20,124,0.007600500015541911,0.01908904200536199,5.374964826258566,5.374964826258566,True,0.39816034849976395
L4_S4_reversible_reversible_tree_TriFalseFalseTrue_i3,3870831581,4,4,reversible,reversible,True,6,36,332,0.026613916008500382,0.08099979200051166,7.142638766233276,7.142638766233276,True,0.3285677039734196
L4_S4_reversible_reversible_tree_TriFalseFalseTrue_i4,3895207623,4,4,reversible,reversible,True,7,52,540,0.04180054197786376,0.11401104100514203,3.176528429385379,3.176528429385379,True,0.3666359086164523
L4_S4_reversible_reversible_tree_TriFalseFalseFalse_i0,2292402289,4,4,reversible,reversible,False,6,36,332,0.02772545799962245,0.11746933299582452,6.976366460706739,6.976366460706739,True,0.23602294366126192
L4_S4_reversible_reversible_tree_TriFalseFalseFalse_i1,4147800523,4,4,reversible,reversible,False,5,20,124,0.006062999978894368,0.002762416988844052,3.1541648820678496,3.1541648820678496,True,2.1948162817428876
L4_S4_reversible_reversible_tree_TriFalseFalseFalse_i2,277371876,4,4,reversible,reversible,False,6,36,332,0.02139654097845778,0.004588707990478724,1.9683144747860517,1.9683144747860517,True,4.6628672733124334
L4_S4_reversible_reversible_tree_TriFalseFalseFalse_i3,4200410069,4,4,reversible,reversible,False,7,52,540,0.042861666996032,0.10469850001391023,6.519957051620747,6.519957051620747,True,0.40938185915706093
L4_S4_reversible_reversible_tree_TriFalseFalseFalse_i4,1900786190,4,4,reversible,reversible,False,6,36,332,0.026107541983947158,0.04615737500716932,3.73138331236703,3.73138331236703,True,0.5656201509351841
L4_S4_reversible_irreversible_irreversible_TriTrueTrueTrue_i0,1361560302,4,4,reversible,irreversible,True,6,36,260,0.016824749996885657,0.07091362500796095,2.2431894097680716,2.2431894097680716,True,0.23725694121179008
L4_S4_reversible_irreversible_irreversible_TriTrueTrueTrue_i1,2685233038,4,4,reversible,irreversible,True,5,20,100,0.005592166999122128,0.015394791989820078,2.786551583220672,2.786551583220672,True,0.36325054859912637
L4_S4_reversible_irreversible_irreversible_TriTrueTrueTrue_i2,4010264763,4,4,reversible,irreversible,True,6,36,258,0.019960291014285758,0.11779045799630694,6.16172181064155,6.16172181064155,True,0.1694559235473526
L4_S4_reversible_irreversible_irreversible_TriTrueTrueTrue_i3,4084787605,4,4,reversible,irreversible,True,6,36,260,0.018002583004999906,0.0140608339861501,2.280100238976355,2.280100238976355,True,1.2803352733128879
L4_S4_reversible_irreversible_irreversible_TriTrueTrueTrue_i4,2219744820,4,4,reversible,irreversible,True,5,16,70,0.004117000004043803,0.01562200000626035,5.065515109903362,5.065515109903362,True,0.26353858269462144
L4_S4_reversible_irreversible_irreversible_TriTrueTrueFalse_i0,4249100955,4,4,reversible,irreversible,False,6,36,260,0.01709808298619464,0.08544904200243764,1.8674474566118384,1.8674474566118384,True,0.20009683415303875
L4_S4_reversible_irreversible_irreversible_TriTrueTrueFalse_i1,2185092104,4,4,reversible,irreversible,False,7,52,419,0.02958341600606218,0.07081587502034381,4.919437721704877,4.919437721704877,True,0.4177511833301833
L4_S4_reversible_irreversible_irreversible_TriTrueTrueFalse_i2,3884723694,4,4,reversible,irreversible,False,6,28,180,0.012722915998892859,0.02789541700622067,3.1329673129494386,3.1329673129494386,True,0.4560933984231981
L4_S4_reversible_irreversible_irreversible_TriTrueTrueFalse_i3,2353684573,4,4,reversible,irreversible,False,6,32,205,0.012380375002976507,0.026277541008312255,4.4468183305011,4.4468183305011,True,0.47113900527911934
L4_S4_reversible_irreversible_irreversible_TriTrueTrueFalse_i4,3656158991,4,4,reversible,irreversible,False,6,36,258,0.01974016599706374,0.018684749986277893,5.039248810547383,5.039248810547383,True,1.0564853666800775
L4_S4_reversible_irreversible_irreversible_TriTrueFalseTrue_i0,3716631960,4,4,reversible,irreversible,True,6,20,109,0.006703291990561411,0.004679833014961332,3.3219176597667524,3.3219176597667524,True,1.4323781504068573
L4_S4_reversible_irreversible_irreversible_TriTrueFalseTrue_i1,207149863,4,4,reversible,irreversible,True,6,36,259,0.020364166994113475,0.03834470798028633,4.3598183556113685,4.3598183556113685,True,0.5310815373402115
L4_S4_reversible_irreversible_irreversible_TriTrueFalseTrue_i2,3759110586,4,4,reversible,irreversible,True,6,12,56,0.0038694579852744937,0.0016519589989911765,2.764042485618231,2.764042485618231,True,2.3423436327983156
L4_S4_reversible_irreversible_irreversible_TriTrueFalseTrue_i3,1653137816,4,4,reversible,irreversible,True,6,36,258,0.019540749985026196,0.07284870799048804,3.4240679527144446,3.4240679527144446,True,0.26823742322705624
L4_S4_reversible_irreversible_irreversible_TriTrueFalseTrue_i4,1178644610,4,4,reversible,irreversible,True,6,36,254,0.02086533300462179,0.07516616699285805,6.276975262775703,6.276975262775704,True,0.27758942037066886
L4_S4_reversible_irreversible_irreversible_TriTrueFalseFalse_i0,1993048114,4,4,reversible,irreversible,False,7,48,366,0.02973891599685885,0.5783306660014205,7.014049714375405,7.014049714375405,True,0.05142199384143294
L4_S4_reversible_irreversible_irreversible_TriTrueFalseFalse_i1,3422511518,4,4,reversible,irreversible,False,6,36,259,0.020956542022759095,0.05871500002103858,5.903194591578006,5.903194591578006,True,0.35691972508439557
L4_S4_reversible_irreversible_irreversible_TriTrueFalseFalse_i2,909765901,4,4,reversible,irreversible,False,6,36,258,0.020064790995093063,0.03634420898742974,4.8755558679730076,4.8755558679730076,True,0.5520766857233329
L4_S4_reversible_irreversible_irreversible_TriTrueFalseFalse_i3,1322162590,4,4,reversible,irreversible,False,6,36,252,0.017595042008906603,0.03189387498423457,6.924922025120398,6.924922025120398,True,0.551674622977903
L4_S4_reversible_irreversible_irreversible_TriTrueFalseFalse_i4,985274714,4,4,reversible,irreversible,False,6,28,179,0.012375542020890862,0.025496332993498072,5.255470574330053,5.255470574330053,True,0.48538515474604316
L4_S4_reversible_irreversible_irreversible_TriFalseTrueTrue_i0,1734941838,4,4,reversible,irreversible,True,6,36,256,0.018677542015211657,0.07688320800662041,4.373105774971273,4.373105774971274,True,0.24293395471569526
L4_S4_reversible_irreversible_irreversible_TriFalseTrueTrue_i1,644933759,4,4,reversible,irreversible,True,6,28,174,0.010514374997001141,0.010066041984828189,5.94053509995696,5.94053509995696,True,1.0445390520235898
L4_S4_reversible_irreversible_irreversible_TriFalseTrueTrue_i2,1685007418,4,4,reversible,irreversible,True,5,20,96,0.0052922500181011856,0.01975858400692232,6.857090116188353,6.857090116188353,True,0.26784559806519914
L4_S4_reversible_irreversible_irreversible_TriFalseTrueTrue_i3,22207931,4,4,reversible,irreversible,True,6,36,258,0.018978957989020273,0.02091141598066315,2.554205590776197,2.554205590776197,True,0.9075883287378456
L4_S4_reversible_irreversible_irreversible_TriFalseTrueTrue_i4,1962775961,4,4,reversible,irreversible,True,6,36,257,0.018216708005638793,0.06619949999731034,4.003256778056796,4.003256778056796,True,0.27517893233634694
L4_S4_reversible_irreversible_irreversible_TriFalseTrueFalse_i0,1730362149,4,4,reversible,irreversible,False,7,52,414,0.031247999984771013,0.05603191701811738,3.228818250138163,3.228818250138163,True,0.5576821406446817
L4_S4_reversible_irreversible_irreversible_TriFalseTrueFalse_i1,3558228904,4,4,reversible,irreversible,False,7,52,420,0.03342733299359679,0.11023108300287277,3.52893388956094,3.52893388956094,True,0.3032477934511252
L4_S4_reversible_irreversible_irreversible_TriFalseTrueFalse_i2,2981227652,4,4,reversible,irreversible,False,6,36,258,0.019575333019020036,0.048042540991446,6.937487671319559,6.937487671319559,True,0.40745831106325375
L4_S4_reversible_irreversible_irreversible_TriFalseTrueFalse_i3,2179399007,4,4,reversible,irreversible,False,7,52,420,0.028679999988526106,0.021844625007361174,1.6085260980564229,1.6085260980564229,True,1.3129087208387802
L4_S4_reversible_irreversible_irreversible_TriFalseTrueFalse_i4,3824203475,4,4,reversible,irreversible,False,6,36,260,0.019963832979556173,0.03516212498652749,2.12143268910875,2.12143268910875,True,0.567765242272478
L4_S4_reversible_irreversible_irreversible_TriFalseFalseTrue_i0,2447009817,4,4,reversible,irreversible,True,6,36,257,0.017600291990675032,0.012832167005399242,2.6353361423248725,2.6353361423248725,True,1.3715758695856821
L4_S4_reversible_irreversible_irreversible_TriFalseFalseTrue_i1,4146684288,4,4,reversible,irreversible,True,6,36,260,0.01970787500613369,0.030545709014404565,2.6274265903246774,2.6274265903246774,True,0.6451928927774135
L4_S4_reversible_irreversible_irreversible_TriFalseFalseTrue_i2,1233930438,4,4,reversible,irreversible,True,6,36,260,0.01980812498368323,0.01686800000607036,2.8911517198556163,2.8911517198556163,True,1.1743018616464864
L4_S4_reversible_irreversible_irreversible_TriFalseFalseTrue_i3,3375392719,4,4,reversible,irreversible,True,6,36,258,0.01957425000728108,0.04782341601094231,3.7790017749525417,3.7790017749525417,True,0.4093026226629177
L4_S4_reversible_irreversible_irreversible_TriFalseFalseTrue_i4,194045451,4,4,reversible,irreversible,True,7,28,176,0.011675334011670202,0.007170583005063236,2.297206471384032,2.297206471384032,True,1.6282263764605656
L4_S4_reversible_irreversible_irreversible_TriFalseFalseFalse_i0,141382436,4,4,reversible,irreversible,False,7,52,420,0.02916187501978129,0.11066058301366866,2.0874610882679523,2.0874610882679523,True,0.2635254031930579
L4_S4_reversible_irreversible_irreversible_TriFalseFalseFalse_i1,1556538282,4,4,reversible,irreversible,False,6,36,255,0.017250125005375594,0.042145041981711984,3.4695011622703142,3.4695011622703142,True,0.4093037706204487
L4_S4_reversible_irreversible_irreversible_TriFalseFalseFalse_i2,2234793587,4,4,reversible,irreversible,False,7,52,420,0.03354170898091979,0.1429401249915827,4.573427169640082,4.573427169640082,True,0.23465565563370888
L4_S4_reversible_irreversible_irreversible_TriFalseFalseFalse_i3,2291833020,4,4,reversible,irreversible,False,7,52,420,0.0678079999925103,0.10614637500839308,3.373652206967024,3.373652206967024,True,0.6388159684994679
L4_S4_reversible_irreversible_irreversible_TriFalseFalseFalse_i4,3348132865,4,4,reversible,irreversible,False,7,28,175,0.012143458996433765,0.05932212501647882,5.54577989603315,5.545779896033151,True,0.20470370520875278
L4_S4_reversible_irreversible_tree_TriTrueTrueTrue_i0,1065420440,4,4,reversible,irreversible,True,5,16,70,0.0041006249957717955,0.004144667007494718,4.157542877284787,4.157542877284787,True,0.9893735730718889
L4_S4_reversible_irreversible_tree_TriTrueTrueTrue_i1,1282571980,4,4,reversible,irreversible,True,6,20,112,0.0065376670099794865,0.010023124981671572,3.6400177051154534,3.6400177051154534,True,0.6522582896727385
L4_S4_reversible_irreversible_tree_TriTrueTrueTrue_i2,1281540246,4,4,reversible,irreversible,True,6,36,257,0.02006120901205577,0.04067474999465048,4.466561973463483,4.466561973463483,True,0.4932103705980697
L4_S4_reversible_irreversible_tree_TriTrueTrueTrue_i3,2539332122,4,4,reversible,irreversible,True,7,52,417,0.037806584005011246,0.20046649998403154,4.548636681489944,4.548636681489944,True,0.18859302586432028
L4_S4_reversible_irreversible_tree_TriTrueTrueTrue_i4,2807598519,4,4,reversible,irreversible,True,5,20,100,0.005924709024839103,0.018774333002511412,0.784360452748323,0.784360452748323,True,0.31557492393853037
L4_S4_reversible_irreversible_tree_TriTrueTrueFalse_i0,752364298,4,4,reversible,irreversible,False,6,36,258,0.019249082979513332,0.1035083329770714,4.822380959220133,4.822380959220134,True,0.18596650375782575
L4_S4_reversible_irreversible_tree_TriTrueTrueFalse_i1,1930212092,4,4,reversible,irreversible,False,5,20,99,0.009718417015392333,0.013229542004410177,2.858202793901701,2.858202793901701,True,0.7345996012222508
L4_S4_reversible_irreversible_tree_TriTrueTrueFalse_i2,893753397,4,4,reversible,irreversible,False,7,52,419,0.048744041996542364,0.1372287919803057,7.267739553717464,7.267739553717464,True,0.35520273069470076
L4_S4_reversible_irreversible_tree_TriTrueTrueFalse_i3,4155793806,4,4,reversible,irreversible,False,6,28,159,0.011805749993072823,0.01542800001334399,5.556188277997869,5.556188277997869,True,0.7652157906174488
L4_S4_reversible_irreversible_tree_TriTrueTrueFalse_i4,579980987,4,4,reversible,irreversible,False,6,36,260,0.020936999993864447,0.0788950829883106,2.7141594017694004,2.7141594017694004,True,0.26537775150814913
L4_S4_reversible_irreversible_tree_TriTrueFalseTrue_i0,3238324060,4,4,reversible,irreversible,True,6,28,179,0.012632083002245054,0.05976033300976269,4.652259132047778,4.652259132047778,True,0.21137905621781541
L4_S4_reversible_irreversible_tree_TriTrueFalseTrue_i1,659542762,4,4,reversible,irreversible,True,6,36,258,0.019543291011359543,0.05969629200990312,4.106365070338216,4.106365070338216,True,0.32737863652802485
L4_S4_reversible_irreversible_tree_TriTrueFalseTrue_i2,1688160990,4,4,reversible,irreversible,True,5,20,93,0.00632966699777171,0.030452665989287198,5.570417690862816,5.570417690862815,True,0.20785263241470425
L4_S4_reversible_irreversible_tree_TriTrueFalseTrue_i3,4077903214,4,4,reversible,irreversible,True,6,20,112,0.008163999998942018,0.009633999987272546,3.325836723747585,3.325836723747585,True,0.8474153168270854
L4_S4_reversible_irreversible_tree_TriTrueFalseTrue_i4,2120450255,4,4,reversible,irreversible,True,6,36,259,0.019770167011301965,0.055477791000157595,5.978967341762036,5.978967341762036,True,0.35636182152393164
L4_S4_reversible_irreversible_tree_TriTrueFalseFalse_i0,2459347394,4,4,reversible,irreversible,False,7,40,288,0.020552125002723187,0.07617004099301994,3.922736315244914,3.922736315244914,True,0.26981900580554413
L4_S4_reversible_irreversible_tree_TriTrueFalseFalse_i1,2483493591,4,4,reversible,irreversible,False,7,52,415,0.035741333005717024,0.09437312500085682,3.164729412479181,3.164729412479181,True,0.3787236316130137
L4_S4_reversible_irreversible_tree_TriTrueFalseFalse_i2,2100914998,4,4,reversible,irreversible,False,6,36,257,0.021536833024583757,0.1103269160084892,6.895412510012477,6.895412510012477,True,0.19520923459618278
L4_S4_reversible_irreversible_tree_TriTrueFalseFalse_i3,2468229790,4,4,reversible,irreversible,False,5,20,97,0.005879208008991554,0.00943500001449138,3.9311039736961386,3.9311039736961386,True,0.623127437926247
L4_S4_reversible_irreversible_tree_TriTrueFalseFalse_i4,1040209302,4,4,reversible,irreversible,False,7,48,366,0.028811916999984533,0.18645616600406356,5.501097248418063,5.501097248418063,True,0.15452380826511689
L4_S4_reversible_irreversible_tree_TriFalseTrueTrue_i0,2780926070,4,4,reversible,irreversible,True,7,52,419,0.07806095900014043,0.046722333994694054,2.5697991749679128,2.5697991749679123,True,1.670741819924139
L4_S4_reversible_irreversible_tree_TriFalseTrueTrue_i1,2795732880,4,4,reversible,irreversible,True,6,36,255,0.02287816599709913,0.05334587499964982,5.93425318912346,5.93425318912346,True,0.4288647541798603
L4_S4_reversible_irreversible_tree_TriFalseTrueTrue_i2,2371364045,4,4,reversible,irreversible,True,6,36,258,0.01818275000550784,0.008338249986991286,2.8375866152674316,2.8375866152674316,True,2.1806431629217213
L4_S4_reversible_irreversible_tree_TriFalseTrueTrue_i3,196490890,4,4,reversible,irreversible,True,6,28,179,0.012904000002890825,0.03240333398571238,5.65696547335138,5.65696547335138,True,0.3982306144901626
L4_S4_reversible_irreversible_tree_TriFalseTrueTrue_i4,1249819760,4,4,reversible,irreversible,True,6,28,156,0.011998667003354058,0.04681258401251398,5.630137052103765,5.630137052103764,True,0.2563128483536332
L4_S4_reversible_irreversible_tree_TriFalseTrueFalse_i0,3280220487,4,4,reversible,irreversible,False,5,16,69,0.004708166990894824,0.008554959000321105,4.534810886945165,4.534810886945165,True,0.5503435423097368
L4_S4_reversible_irreversible_tree_TriFalseTrueFalse_i1,2249461473,4,4,reversible,irreversible,False,7,28,147,0.009807333000935614,0.03992974999709986,5.032025051219432,5.032025051219432,True,0.24561467968202283
L4_S4_reversible_irreversible_tree_TriFalseTrueFalse_i2,71881601,4,4,reversible,irreversible,False,5,20,100,0.007923041994217783,0.010161792015423998,3.560383234584032,3.560383234584032,True,0.7796893699952219
L4_S4_reversible_irreversible_tree_TriFalseTrueFalse_i3,1527685906,4,4,reversible,irreversible,False,7,52,417,0.03340833299444057,0.042247540986863896,2.5707863256259404,2.5707863256259404,True,0.7907757806318835
L4_S4_reversible_irreversible_tree_TriFalseTrueFalse_i4,1569742556,4,4,reversible,irreversible,False,7,52,419,0.034240666980622336,0.2158488330023829,4.753064013800836,4.753064013800836,True,0.15863262425704988
L4_S4_reversible_irreversible_tree_TriFalseFalseTrue_i0,2635266177,4,4,reversible,irreversible,True,6,36,257,0.020381415990414098,0.09102650001295842,3.9592328206706844,3.9592328206706844,True,0.22390639828628175
L4_S4_reversible_irreversible_tree_TriFalseFalseTrue_i1,1959345232,4,4,reversible,irreversible,True,6,36,260,0.022002249985234812,0.20820374999311753,3.6174727909418296,3.6174727909418296,True,0.10567653022717217
L4_S4_reversible_irreversible_tree_TriFalseFalseTrue_i2,4025104919,4,4,reversible,irreversible,True,5,12,46,0.003743499983102083,0.002546834002714604,6.763898606160084,6.763898606160084,True,1.469863567569939
L4_S4_reversible_irreversible_tree_TriFalseFalseTrue_i3,3654873921,4,4,reversible,irreversible,True,5,20,97,0.00553487500292249,0.004206000012345612,5.628068455705958,5.628068455705958,True,1.315947139973651
L4_S4_reversible_irreversible_tree_TriFalseFalseTrue_i4,3806792243,4,4,reversible,irreversible,True,5,20,99,0.005817917000968009,0.01738712500082329,2.3406612116243393,2.3406612116243393,True,0.33461061941418774
L4_S4_reversible_irreversible_tree_TriFalseFalseFalse_i0,1938335911,4,4,reversible,irreversible,False,6,36,258,0.022367415978806093,0.02731500001391396,5.544874226162584,5.544874226162584,True,0.8188693080191496
L4_S4_reversible_irreversible_tree_TriFalseFalseFalse_i1,474100846,4,4,reversible,irreversible,False,6,36,259,0.021304708992829546,0.07471595899551176,5.916429970333719,5.916429970333719,True,0.28514267894181294
L4_S4_reversible_irreversible_tree_TriFalseFalseFalse_i2,2821279761,4,4,reversible,irreversible,False,7,52,420,0.0320835410093423,0.05018637498142198,2.8491371900605467,2.8491371900605467,True,0.6392878621325239
L4_S4_reversible_irreversible_tree_TriFalseFalseFalse_i3,1489070857,4,4,reversible,irreversible,False,7,52,414,0.030085915990639478,0.13881191599648446,6.378374043725232,6.378374043725232,True,0.2167387112116709
L4_S4_reversible_irreversible_tree_TriFalseFalseFalse_i4,3979347763,4,4,reversible,irreversible,False,6,32,204,0.023570833000121638,0.03467537500546314,4.960853579597588,4.960853579597587,True,0.6797570989975144
L4_S4_reversible_tree_tree_TriTrueTrueTrue_i0,721768567,4,4,reversible,tree,True,6,20,111,0.006950542010599747,0.004279624990886077,3.2307861137652805,3.2307861137652805,True,1.6241003361979929
L4_S4_reversible_tree_tree_TriTrueTrueTrue_i1,248517301,4,4,reversible,tree,True,7,40,264,0.01883141600410454,0.03328079200582579,5.0025229821105945,5.002522982110595,True,0.5658343537910322
L4_S4_reversible_tree_tree_TriTrueTrueTrue_i2,3630996474,4,4,reversible,tree,True,6,28,164,0.04960162501083687,0.021627709007589146,2.6896285556548176,2.6896285556548176,True,2.293429354907741
L4_S4_reversible_tree_tree_TriTrueTrueTrue_i3,1736131537,4,4,reversible,tree,True,7,28,174,0.012776500021573156,0.02887037498294376,7.584379763363941,7.584379763363941,True,0.44254706031959357
L4_S4_reversible_tree_tree_TriTrueTrueTrue_i4,4240693096,4,4,reversible,tree,True,6,12,56,0.0037259160017129034,0.008021375018870458,4.096214318505501,4.096214318505501,True,0.46449835950186186
L4_S4_reversible_tree_tree_TriTrueTrueFalse_i0,4285059671,4,4,reversible,tree,False,6,28,164,0.010241749987471849,0.005958082998404279,2.9701417385047444,2.9701417385047444,True,1.7189670354118605
L4_S4_reversible_tree_tree_TriTrueTrueFalse_i1,521980913,4,4,reversible,tree,False,5,12,45,0.002976874995511025,0.0031823330209590495,4.62454602381087,4.62454602381087,True,0.9354376303383434
L4_S4_reversible_tree_tree_TriTrueTrueFalse_i2,1644289774,4,4,reversible,tree,False,7,28,176,0.01003908400889486,0.020648540987167507,3.574668890443591,3.574668890443591,True,0.48618851709403366
L4_S4_reversible_tree_tree_TriTrueTrueFalse_i3,1217201799,4,4,reversible,tree,False,5,16,64,0.0038196670066099614,0.002527165983337909,1.6787539391925872,1.6787539391925872,True,1.5114422718378921
L4_S4_reversible_tree_tree_TriTrueTrueFalse_i4,2291910014,4,4,reversible,tree,False,7,36,228,0.01601570800994523,0.028100499999709427,6.329370179124597,6.329370179124597,True,0.5699438600796064
L4_S4_reversible_tree_tree_TriTrueFalseTrue_i0,3508510692,4,4,reversible,tree,True,6,28,162,0.01073629199527204,0.053410291991895065,3.902837068784991,3.902837068784991,True,0.2010154109602293
L4_S4_reversible_tree_tree_TriTrueFalseTrue_i1,2980398082,4,4,reversible,tree,True,6,28,163,0.011611124995397404,0.028933958004927263,5.339669938786484,5.339669938786485,True,0.4012974855400917
L4_S4_reversible_tree_tree_TriTrueFalseTrue_i2,2149078053,4,4,reversible,tree,True,5,16,64,0.004229665995808318,0.0020533330098260194,2.635035200015313,2.635035200015313,True,2.0599015920292
L4_S4_reversible_tree_tree_TriTrueFalseTrue_i3,2300596994,4,4,reversible,tree,True,6,28,163,0.010857959015993401,0.0043692079780157655,4.426272587673736,4.426272587673736,True,2.4851086479558684
L4_S4_reversible_tree_tree_TriTrueFalseTrue_i4,2524749939,4,4,reversible,tree,True,6,28,163,0.010840583010576665,0.005142041016370058,2.986211414914439,2.986211414914439,True,2.1082252879429797
L4_S4_reversible_tree_tree_TriTrueFalseFalse_i0,2158373979,4,4,reversible,tree,False,6,12,56,0.003785749984672293,0.002376374992309138,2.6835456970723266,2.6835456970723266,True,1.5930770201872213
L4_S4_reversible_tree_tree_TriTrueFalseFalse_i1,1105014955,4,4,reversible,tree,False,6,20,110,0.006553207989782095,0.0026714580017141998,1.1508110933729616,1.1508110933729616,True,2.453044566874164
L4_S4_reversible_tree_tree_TriTrueFalseFalse_i2,48201114,4,4,reversible,tree,False,6,28,163,0.011257583013502881,0.03911366700776853,6.047851569592698,6.047851569592699,True,0.2878171132215717
L4_S4_reversible_tree_tree_TriTrueFalseFalse_i3,1429184495,4,4,reversible,tree,False,5,12,47,0.003904707991750911,0.0016823750047478825,4.242329676645234,4.242329676645234,True,2.3209484566656444
L4_S4_reversible_tree_tree_TriTrueFalseFalse_i4,4200709551,4,4,reversible,tree,False,6,12,56,0.003794166987063363,0.004396124975755811,2.7997889029227707,2.7997889029227707,True,0.8630705780470826
L4_S4_reversible_tree_tree_TriFalseTrueTrue_i0,399549770,4,4,reversible,tree,True,6,20,112,0.007410791993606836,0.0038204170123208314,1.8075127566536904,1.8075127566536904,True,1.9397856385628651
L4_S4_reversible_tree_tree_TriFalseTrueTrue_i1,2040205896,4,4,reversible,tree,True,6,28,163,0.010994750016834587,0.036663000006228685,4.5313841446980065,4.5313841446980065,True,0.29988679909117877
L4_S4_reversible_tree_tree_TriFalseTrueTrue_i2,3532077633,4,4,reversible,tree,True,7,40,243,0.015422833006596193,0.045491083001252264,4.848246640642825,4.848246640642825,True,0.3390297977109457
L4_S4_reversible_tree_tree_TriFalseTrueTrue_i3,3981428459,4,4,reversible,tree,True,7,20,101,0.005910542007768527,0.01041912499931641,4.1638789178250075,4.163878917825008,True,0.5672781006925449
L4_S4_reversible_tree_tree_TriFalseTrueTrue_i4,2745797089,4,4,reversible,tree,True,6,28,162,0.011048041982576251,0.1503273750131484,3.3272390402198284,3.3272390402198284,True,0.07349321378169957
L4_S4_reversible_tree_tree_TriFalseTrueFalse_i0,3669286196,4,4,reversible,tree,False,7,36,228,0.018679375003557652,0.05159595800796524,5.787082348769691,5.787082348769691,True,0.36203174362306134
L4_S4_reversible_tree_tree_TriFalseTrueFalse_i1,2300546308,4,4,reversible,tree,False,7,40,264,0.02014862498617731,0.07147399999666959,3.6889510984973928,3.6889510984973928,True,0.28190145654664217
L4_S4_reversible_tree_tree_TriFalseTrueFalse_i2,2552352207,4,4,reversible,tree,False,5,8,28,0.0035843330260831863,0.0010774169932119548,1.3090775957894722,1.3090775957894722,True,3.3267803662696576
L4_S4_reversible_tree_tree_TriFalseTrueFalse_i3,1854351002,4,4,reversible,tree,False,6,20,109,0.0077085840166546404,0.013220833003288135,3.7867203149167894,3.78672031491679,True,0.5830633691291677
L4_S4_reversible_tree_tree_TriFalseTrueFalse_i4,148081653,4,4,reversible,tree,False,5,20,80,0.004373208008473739,0.003424958005780354,4.182822964527152,4.182822964527152,True,1.2768643365053454
L4_S4_reversible_tree_tree_TriFalseFalseTrue_i0,3882487124,4,4,reversible,tree,True,5,20,80,0.004736875009257346,0.002233709004940465,2.6255236091032,2.6255236091032,True,2.1206311467381362
L4_S4_reversible_tree_tree_TriFalseFalseTrue_i1,2505474073,4,4,reversible,tree,True,6,24,128,0.008896499988622963,0.010860125010367483,6.96653527265844,6.96653527265844,True,0.8191893887907039
L4_S4_reversible_tree_tree_TriFalseFalseTrue_i2,1068193096,4,4,reversible,tree,True,6,32,180,0.011831166018964723,0.021500750008272007,6.522000983437084,6.522000983437084,True,0.5502675703938391
L4_S4_reversible_tree_tree_TriFalseFalseTrue_i3,73556899,4,4,reversible,tree,True,6,28,163,0.011831624986371025,0.016291875013848767,7.1312445231738835,7.1312445231738835,True,0.7262285188221207
L4_S4_reversible_tree_tree_TriFalseFalseTrue_i4,4179865866,4,4,reversible,tree,True,7,24,137,0.009092249994864687,0.00817099999403581,4.400723351858404,4.400723351858404,True,1.1127461618841212
L4_S4_reversible_tree_tree_TriFalseFalseFalse_i0,2884174567,4,4,reversible,tree,False,5,12,46,0.002990957989823073,0.001494166994234547,3.0777501294268674,3.0777501294268674,True,2.0017548236638025
L4_S4_reversible_tree_tree_TriFalseFalseFalse_i1,3330877948,4,4,reversible,tree,False,5,12,45,0.0026093340129591525,0.0022204580018296838,4.904146490437515,4.904146490437515,True,1.1751327139159207
L4_S4_reversible_tree_tree_TriFalseFalseFalse_i2,2292240982,4,4,reversible,tree,False,6,28,164,0.01127275000908412,0.02044437499716878,2.4894682940981285,2.4894682940981285,True,0.5513863573358863
L4_S4_reversible_tree_tree_TriFalseFalseFalse_i3,61764251,4,4,reversible,tree,False,7,28,176,0.01026745798299089,0.004900041007203981,0.6841073070461238,0.6841073070461238,True,2.09538162487093
L4_S4_reversible_tree_tree_TriFalseFalseFalse_i4,1313003404,4,4,reversible,tree,False,6,28,164,0.010994165990268812,0.034061041980748996,7.010358168634122,7.010358168634122,True,0.32277831293899656
L4_S4_irreversible_irreversible_irreversible_TriTrueTrueTrue_i0,812321603,4,4,irreversible,irreversible,True,5,20,76,0.004813000006834045,0.06345316697843373,1.2391933550035696,1.2391933550035696,True,0.07585121689227357
L4_S4_irreversible_irreversible_irreversible_TriTrueTrueTrue_i1,476860243,4,4,irreversible,irreversible,True,6,28,119,0.007095333014149219,0.01033537500188686,3.93824869260522,3.93824869260522,True,0.6865094228651064
L4_S4_irreversible_irreversible_irreversible_TriTrueTrueTrue_i2,2356104591,4,4,irreversible,irreversible,True,5,16,52,0.003623415977926925,0.006296500010648742,2.547523498965645,2.547523498965645,True,0.5754650037852683
L4_S4_irreversible_irreversible_irreversible_TriTrueTrueTrue_i3,70249526,4,4,irreversible,irreversible,True,6,32,143,0.009554124990245327,0.07117933299741708,8.17338213131704,8.17338213131704,True,0.13422610824922895
L4_S4_irreversible_irreversible_irreversible_TriTrueTrueTrue_i4,1913044622,4,4,irreversible,irreversible,True,6,36,181,0.012119084014557302,0.04052520901313983,4.264262575784663,4.264262575784663,True,0.29905049253607396
L4_S4_irreversible_irreversible_irreversible_TriTrueTrueFalse_i0,925252360,4,4,irreversible,irreversible,False,7,40,195,0.012676249985815957,0.027713374991435558,5.61623072327242,5.61623072327242,True,0.4574054777640003
L4_S4_irreversible_irreversible_irreversible_TriTrueTrueFalse_i1,489626765,4,4,irreversible,irreversible,False,6,13,27,0.0014597499975934625,0.0023381249920930713,,,False,0.6243247808415603
L4_S4_irreversible_irreversible_irreversible_TriTrueTrueFalse_i2,719786198,4,4,irreversible,irreversible,False,7,28,113,0.009097791975364089,0.012347792013315484,3.146222148129497,3.146222148129497,True,0.7367949855940497
L4_S4_irreversible_irreversible_irreversible_TriTrueTrueFalse_i3,4187534872,4,4,irreversible,irreversible,False,7,52,296,0.027754834009101614,0.07291766698472202,4.894403089896105,4.894403089896105,True,0.38063249657019904
L4_S4_irreversible_irreversible_irreversible_TriTrueTrueFalse_i4,3263002461,4,4,irreversible,irreversible,False,7,52,298,0.028536792000522837,0.03354708300321363,2.5884878882637583,2.5884878882637583,True,0.8506489564872216
L4_S4_irreversible_irreversible_irreversible_TriTrueFalseTrue_i0,2146184656,4,4,irreversible,irreversible,True,6,32,145,0.011995291977655143,0.007025708007859066,1.8349040456327839,1.8349040456327839,True,1.7073425563508287
L4_S4_irreversible_irreversible_irreversible_TriTrueFalseTrue_i1,3331928902,4,4,irreversible,irreversible,True,7,52,300,0.02753229098743759,0.15734108400647528,2.9745179620001156,2.9745179620001156,True,0.17498475357726506
L4_S4_irreversible_irreversible_irreversible_TriTrueFalseTrue_i2,3749894386,4,4,irreversible,irreversible,True,6,36,188,0.015630666981451213,0.08418183302273974,2.5474018219027457,2.5474018219027457,True,0.1856774346022083
L4_S4_irreversible_irreversible_irreversible_TriTrueFalseTrue_i3,2831336852,4,4,irreversible,irreversible,True,6,36,179,0.011977209011092782,0.025813375017605722,3.408732586021255,3.408732586021255,True,0.4639923504358307
L4_S4_irreversible_irreversible_irreversible_TriTrueFalseTrue_i4,1096886470,4,4,irreversible,irreversible,True,7,52,295,0.0263074999966193,0.09844208401045762,5.709850245082388,5.709850245082388,True,0.26723834621975573
L4_S4_irreversible_irreversible_irreversible_TriTrueFalseFalse_i0,2088420084,4,4,irreversible,irreversible,False,6,31,138,0.01081254199380055,0.01396483401185833,4.061333697490744,4.061333697490744,True,0.7742692258532959
L4_S4_irreversible_irreversible_irreversible_TriTrueFalseFalse_i1,2635795734,4,4,irreversible,irreversible,False,6,36,187,0.01721754198661074,0.019655415992019698,1.4800918251891455,1.4800918251891455,True,0.8759693062528889
L4_S4_irreversible_irreversible_irreversible_TriTrueFalseFalse_i2,1184613210,4,4,irreversible,irreversible,False,6,29,126,0.009112416999414563,0.03134675000910647,5.434048326714221,5.43404832671422,True,0.290697335643089
L4_S4_irreversible_irreversible_irreversible_TriTrueFalseFalse_i3,3816829706,4,4,irreversible,irreversible,False,7,36,160,0.009311083005741239,0.13287225001840852,5.376008288178403,5.376008288178403,True,0.07007545167915649
L4_S4_irreversible_irreversible_irreversible_TriTrueFalseFalse_i4,1577569312,4,4,irreversible,irreversible,False,7,34,144,0.009642999997595325,0.04312512499745935,3.230393130928277,3.2303931309282774,True,0.22360514374296384
L4_S4_irreversible_irreversible_irreversible_TriFalseTrueTrue_i0,2366272062,4,4,irreversible,irreversible,True,7,40,197,0.01646554100443609,0.07854724998469464,3.4962277194191267,3.4962277194191267,True,0.2096259359559826
L4_S4_irreversible_irreversible_irreversible_TriFalseTrueTrue_i1,2320846599,4,4,irreversible,irreversible,True,6,34,158,0.008799333008937538,0.020639791997382417,5.761715186712882,5.761715186712881,True,0.42632854942166754
L4_S4_irreversible_irreversible_irreversible_TriFalseTrueTrue_i2,2427581637,4,4,irreversible,irreversible,True,5,8,22,0.0017289170064032078,0.0014528750034514815,0.5057418978448316,0.5057418978448316,True,1.1899962572827674
L4_S4_irreversible_irreversible_irreversible_TriFalseTrueTrue_i3,614986308,4,4,irreversible,irreversible,True,6,36,185,0.01870120901730843,0.027444332983577624,3.8290387153702277,3.8290387153702277,True,0.6814233141346778
L4_S4_irreversible_irreversible_irreversible_TriFalseTrueTrue_i4,3020560300,4,4,irreversible,irreversible,True,5,15,43,0.011281084007350728,0.009222541993949562,8.18555889803957,8.18555889803957,True,1.2232075268992153
L4_S4_irreversible_irreversible_irreversible_TriFalseTrueFalse_i0,3852182214,4,4,irreversible,irreversible,False,6,28,123,0.00977537501603365,0.06140120801865123,2.950014730610702,2.950014730610702,True,0.15920492726884714
L4_S4_irreversible_irreversible_irreversible_TriFalseTrueFalse_i1,158746157,4,4,irreversible,irreversible,False,6,12,33,0.0020293749985285103,0.0013300839927978814,1.8903070405508988,1.8903070405508988,True,1.5257483615837568
L4_S4_irreversible_irreversible_irreversible_TriFalseTrueFalse_i2,2202373679,4,4,irreversible,irreversible,False,7,52,296,0.020792499999515712,0.25588833302026615,5.735796057137506,5.735796057137506,True,0.08125614666696357
L4_S4_irreversible_irreversible_irreversible_TriFalseTrueFalse_i3,2582125492,4,4,irreversible,irreversible,False,6,36,184,0.012967957998625934,0.08233404098427854,3.941117332839018,3.941117332839018,True,0.15750420708243779
L4_S4_irreversible_irreversible_irreversible_TriFalseTrueFalse_i4,1147889053,4,4,irreversible,irreversible,False,6,28,122,0.007648833008715883,0.07249554200097919,5.11573367991411,5.11573367991411,True,0.1055076311189582
L4_S4_irreversible_irreversible_irreversible_TriFalseFalseTrue_i0,994174460,4,4,irreversible,irreversible,True,6,36,179,0.013881917024264112,0.12087725001038052,2.3190946753656934,2.319094675365693,True,0.11484309006226474
L4_S4_irreversible_irreversible_irreversible_TriFalseFalseTrue_i1,3321794445,4,4,irreversible,irreversible,True,6,28,125,0.010287709010299295,0.02684649999719113,1.9999161472174005,1.9999161472174003,True,0.3832048359440088
L4_S4_irreversible_irreversible_irreversible_TriFalseFalseTrue_i2,3037291943,4,4,irreversible,irreversible,True,6,36,188,0.014807416999246925,0.06296929201926105,1.9391292037790322,1.9391292037790322,True,0.23515298154479253
L4_S4_irreversible_irreversible_irreversible_TriFalseFalseTrue_i3,357847836,4,4,irreversible,irreversible,True,7,40,195,0.013179208996007219,0.04610779200447723,4.132367911147116,4.132367911147116,True,0.2858347393623345
L4_S4_irreversible_irreversible_irreversible_TriFalseFalseTrue_i4,3974498269,4,4,irreversible,irreversible,True,6,29,127,0.010978500009514391,0.21537216700380668,4.5169793764901,4.5169793764901,True,0.050974553078373376
L4_S4_irreversible_irreversible_irreversible_TriFalseFalseFalse_i0,3773842138,4,4,irreversible,irreversible,False,6,36,183,0.014248124993173406,0.05328216700581834,5.752491890619928,5.752491890619927,True,0.2674088823040671
L4_S4_irreversible_irreversible_irreversible_TriFalseFalseFalse_i1,3129090624,4,4,irreversible,irreversible,False,5,12,32,0.0024335829948540777,0.0014410419971682131,3.7514040478214006,3.751404047821401,True,1.6887650123114304
L4_S4_irreversible_irreversible_irreversible_TriFalseFalseFalse_i2,4008625355,4,4,irreversible,irreversible,False,6,12,34,0.0020245419873390347,0.002741459000390023,5.534925197333198,5.534925197333198,True,0.73849043467751
L4_S4_irreversible_irreversible_irreversible_TriFalseFalseFalse_i3,3694112393,4,4,irreversible,irreversible,False,5,16,50,0.004059291997691616,0.016456334007671103,3.5384051155906175,3.5384051155906175,True,0.24667047649427298
L4_S4_irreversible_irreversible_irreversible_TriFalseFalseFalse_i4,2786912129,4,4,irreversible,irreversible,False,5,20,67,0.004443167010322213,0.037349166988860816,3.9447294135347404,3.9447294135347404,True,0.11896294481438953
L4_S4_irreversible_irreversible_tree_TriTrueTrueTrue_i0,3513129541,4,4,irreversible,irreversible,True,7,52,297,0.026397292007459328,0.2593077910132706,2.103127104837024,2.103127104837024,True,0.10179906975610045
L4_S4_irreversible_irreversible_tree_TriTrueTrueTrue_i1,3879143304,4,4,irreversible,irreversible,True,5,20,76,0.0049356249801348895,0.01031291700201109,1.5210836899930595,1.5210836899930595,True,0.47858665987380183
L4_S4_irreversible_irreversible_tree_TriTrueTrueTrue_i2,2984168069,4,4,irreversible,irreversible,True,6,36,181,0.014280624978709966,0.04661175000364892,4.647007479297555,4.647007479297555,True,0.30637392226676985
L4_S4_irreversible_irreversible_tree_TriTrueTrueTrue_i3,1050937667,4,4,irreversible,irreversible,True,7,16,54,0.00356137499329634,0.0015607910172548145,0.9401014852566459,0.9401014852566459,True,2.281774223551088
L4_S4_irreversible_irreversible_tree_TriTrueTrueTrue_i4,2654941055,4,4,irreversible,irreversible,True,7,52,300,0.02669549998245202,0.12694320801529102,1.3400382214667523,1.3400382214667523,True,0.21029482545408473
L4_S4_irreversible_irreversible_tree_TriTrueTrueFalse_i0,3405434503,4,4,irreversible,irreversible,False,5,20,76,0.005016124981921166,0.037142874993151054,1.5361245833633346,1.5361245833633346,True,0.13504945020536677
L4_S4_irreversible_irreversible_tree_TriTrueTrueFalse_i1,2500187026,4,4,irreversible,irreversible,False,6,28,124,0.010218666982837021,0.3385029160126578,2.115319286227072,2.115319286227072,True,0.030187825478782827
L4_S4_irreversible_irreversible_tree_TriTrueTrueFalse_i2,2599216173,4,4,irreversible,irreversible,False,7,37,166,0.011575332988286391,0.03576220801915042,5.968624572673389,5.968624572673389,True,0.3236749995529605
L4_S4_irreversible_irreversible_tree_TriTrueTrueFalse_i3,2104810441,4,4,irreversible,irreversible,False,6,36,184,0.015068040986079723,0.019945750012993813,4.108526052481853,4.108526052481853,True,0.7554511723456054
L4_S4_irreversible_irreversible_tree_TriTrueTrueFalse_i4,3186715644,4,4,irreversible,irreversible,False,6,36,182,0.01303616599761881,0.06472812499850988,5.735592533537914,5.735592533537914,True,0.20139878602261585
L4_S4_irreversible_irreversible_tree_TriTrueFalseTrue_i0,3440244790,4,4,irreversible,irreversible,True,5,20,75,0.005004750011721626,0.061271000013221055,4.058773098371901,4.058773098371901,True,0.08168219759689745
L4_S4_irreversible_irreversible_tree_TriTrueFalseTrue_i1,3403977824,4,4,irreversible,irreversible,True,6,10,21,0.0020274169801268727,0.0009716250060591847,0.7817248199366744,0.7817248199366744,True,2.0866228028929235
L4_S4_irreversible_irreversible_tree_TriTrueFalseTrue_i2,1799852182,4,4,irreversible,irreversible,True,6,36,186,0.016302125004585832,0.03425354199134745,4.283663447683605,4.283663447683605,True,0.4759252206028381
L4_S4_irreversible_irreversible_tree_TriTrueFalseTrue_i3,1399752497,4,4,irreversible,irreversible,True,7,40,195,0.016373916005250067,0.08308195800054818,2.392349273466364,2.392349273466364,True,0.19708148678995435
L4_S4_irreversible_irreversible_tree_TriTrueFalseTrue_i4,3287448035,4,4,irreversible,irreversible,True,7,52,297,0.024522249994333833,0.03396458399947733,4.301486158886238,4.301486158886238,True,0.7219946893127416
L4_S4_irreversible_irreversible_tree_TriTrueFalseFalse_i0,3647989128,4,4,irreversible,irreversible,False,7,52,297,0.026146292017074302,0.45914799999445677,2.634923129108449,2.634923129108449,True,0.05694523761498411
L4_S4_irreversible_irreversible_tree_TriTrueFalseFalse_i1,2729716193,4,4,irreversible,irreversible,False,7,34,144,0.011251709016505629,0.07066908298293129,6.643867097043836,6.643867097043836,True,0.1592168510238969
L4_S4_irreversible_irreversible_tree_TriTrueFalseFalse_i2,2818809205,4,4,irreversible,irreversible,False,6,36,187,0.016802208992885426,0.0613952080020681,3.3856020956492285,3.3856020956492285,True,0.27367296676715347
L4_S4_irreversible_irreversible_tree_TriTrueFalseFalse_i3,2434327486,4,4,irreversible,irreversible,False,6,28,122,0.008980708022136241,0.02988862499478273,2.6900698826918212,2.6900698826918212,True,0.30047242799665286
L4_S4_irreversible_irreversible_tree_TriTrueFalseFalse_i4,1111350751,4,4,irreversible,irreversible,False,5,16,52,0.0033946250041481107,0.012116084020817652,3.5919258638569604,3.5919258638569604,True,0.2801750729146852
L4_S4_irreversible_irreversible_tree_TriFalseTrueTrue_i0,1640492984,4,4,irreversible,irreversible,True,7,52,298,0.026464791997568682,0.01316400000359863,2.2035658199897705,2.2035658199897705,True,2.0103912169509885
L4_S4_irreversible_irreversible_tree_TriFalseTrueTrue_i1,1830628683,4,4,irreversible,irreversible,True,5,20,70,0.004989416018361226,0.005332125001586974,6.070525876319358,6.070525876319358,True,0.9357273284382722
L4_S4_irreversible_irreversible_tree_TriFalseTrueTrue_i2,1230723643,4,4,irreversible,irreversible,True,7,52,299,0.025958915997762233,0.14430679200449958,4.091389153231294,4.091389153231294,True,0.17988699947723746
L4_S4_irreversible_irreversible_tree_TriFalseTrueTrue_i3,1966416788,4,4,irreversible,irreversible,True,6,28,122,0.008371916017495096,0.013906459003919736,2.3372750644999556,2.3372750644999556,True,0.6020163301900952
L4_S4_irreversible_irreversible_tree_TriFalseTrueTrue_i4,441180326,4,4,irreversible,irreversible,True,7,46,234,0.018281166994711384,0.15608266700292006,3.3250336974991477,3.3250336974991477,True,0.11712490072484776
L4_S4_irreversible_irreversible_tree_TriFalseTrueFalse_i0,1498969469,4,4,irreversible,irreversible,False,6,36,185,0.01616016699699685,0.04215349999140017,3.985575330683405,3.9855753306834054,True,0.38336476489328186
L4_S4_irreversible_irreversible_tree_TriFalseTrueFalse_i1,3616213944,4,4,irreversible,irreversible,False,6,28,125,0.010043041984317824,0.018621374998474494,3.060338321281912,3.060338321281912,True,0.5393286717985059
L4_S4_irreversible_irreversible_tree_TriFalseTrueFalse_i2,2125278152,4,4,irreversible,irreversible,False,6,20,73,0.0053775830019731075,0.008358958002645522,3.362109496507171,3.362109496507171,True,0.6433316637001282
L4_S4_irreversible_irreversible_tree_TriFalseTrueFalse_i3,1287259601,4,4,irreversible,irreversible,False,6,36,186,0.01721604200429283,0.08597799998824485,2.8640505038468285,2.8640505038468285,True,0.20023775624472423
L4_S4_irreversible_irreversible_tree_TriFalseTrueFalse_i4,3953955858,4,4,irreversible,irreversible,False,6,36,178,0.01003962499089539,0.015111999993678182,4.786767546584507,4.786767546584507,True,0.6643478249568192
L4_S4_irreversible_irreversible_tree_TriFalseFalseTrue_i0,2661551262,4,4,irreversible,irreversible,True,6,36,184,0.014893665997078642,0.06056420900858939,3.618870760200923,3.618870760200923,True,0.2459153020400395
L4_S4_irreversible_irreversible_tree_TriFalseFalseTrue_i1,3321533348,4,4,irreversible,irreversible,True,6,36,182,0.012350959004834294,0.04420112501247786,7.439794905224334,7.4397949052243355,True,0.2794263431512503
L4_S4_irreversible_irreversible_tree_TriFalseFalseTrue_i2,2093293282,4,4,irreversible,irreversible,True,7,52,295,0.023299833002965897,0.07843687498825602,4.312180223356388,4.312180223356387,True,0.2970520269886127
L4_S4_irreversible_irreversible_tree_TriFalseFalseTrue_i3,1102998903,4,4,irreversible,irreversible,True,7,52,294,0.0226571669918485,0.30164824999519624,2.2051410981041095,2.2051410981041095,True,0.07511121618341263
L4_S4_irreversible_irreversible_tree_TriFalseFalseTrue_i4,4230945987,4,4,irreversible,irreversible,True,6,36,184,0.017767583020031452,0.1623391659813933,2.687464875399491,2.687464875399491,True,0.10944729697958783
L4_S4_irreversible_irreversible_tree_TriFalseFalseFalse_i0,66412910,4,4,irreversible,irreversible,False,7,52,295,0.028512417018646374,0.2376373749866616,3.7716763800804216,3.7716763800804216,True,0.11998288106096053
L4_S4_irreversible_irreversible_tree_TriFalseFalseFalse_i1,2964852296,4,4,irreversible,irreversible,False,7,48,257,0.024057332979282364,0.08895625002332963,5.1156366942077245,5.115636694207725,True,0.27044005005306593
L4_S4_irreversible_irreversible_tree_TriFalseFalseFalse_i2,3449004862,4,4,irreversible,irreversible,False,7,52,292,0.02248891699127853,0.012879250018158928,2.499222786132332,2.499222786132332,True,1.7461354670058518
L4_S4_irreversible_irreversible_tree_TriFalseFalseFalse_i3,1185703848,4,4,irreversible,irreversible,False,6,36,183,0.01316549998591654,0.07330579200061038,2.020760977735348,2.020760977735348,True,0.1795969929116914
L4_S4_irreversible_irreversible_tree_TriFalseFalseFalse_i4,610093146,4,4,irreversible,irreversible,False,5,16,52,0.004206333018373698,0.015038582991110161,2.327574784334442,2.327574784334442,True,0.27970273137818097
L4_S4_irreversible_tree_tree_TriTrueTrueTrue_i0,2356411489,4,4,irreversible,tree,True,5,16,44,0.0033288749982602894,0.0033982500026468188,3.3816260673497327,3.3816260673497327,True,0.9795847910197057
L4_S4_irreversible_tree_tree_TriTrueTrueTrue_i1,2987580133,4,4,irreversible,tree,True,7,40,172,0.011664292018394917,0.01617433299543336,1.9140267155742199,1.9140267155742197,True,0.721160575865949
L4_S4_irreversible_tree_tree_TriTrueTrueTrue_i2,1623795750,4,4,irreversible,tree,True,5,20,56,0.004004582995548844,0.006303000001935288,2.558129897796647,2.558129897796647,True,0.6353454480364619
L4_S4_irreversible_tree_tree_TriTrueTrueTrue_i3,3137884450,4,4,irreversible,tree,True,6,36,144,0.011642958997981623,0.0634144590003416,2.114734279502292,2.114734279502292,True,0.18360101147149888
L4_S4_irreversible_tree_tree_TriTrueTrueTrue_i4,3980778820,4,4,irreversible,tree,True,7,36,150,0.011506332986755297,0.09032658400246873,4.246487269201051,4.246487269201051,True,0.127385896261226
L4_S4_irreversible_tree_tree_TriTrueTrueFalse_i0,1615388621,4,4,irreversible,tree,False,6,20,70,0.004869334021350369,0.0028043749916832894,1.407529662862843,1.407529662862843,True,1.7363342275753888
L4_S4_irreversible_tree_tree_TriTrueTrueFalse_i1,3942838125,4,4,irreversible,tree,False,6,26,91,0.0054623750038445,0.02344929098035209,5.620250661638142,5.620250661638142,True,0.2329441335977805
L4_S4_irreversible_tree_tree_TriTrueTrueFalse_i2,963500935,4,4,irreversible,tree,False,6,16,47,0.003182374988682568,0.0034765839809551835,1.7970291441364485,1.7970291441364485,True,0.9153738528227255
L4_S4_irreversible_tree_tree_TriTrueTrueFalse_i3,210639535,4,4,irreversible,tree,False,6,16,46,0.0018147079972550273,0.002112332993419841,,0.8611136323063968,False,0.8591008822033106
L4_S4_irreversible_tree_tree_TriTrueTrueFalse_i4,3941241844,4,4,irreversible,tree,False,5,13,30,0.0022256669763009995,0.0017886669957078993,2.5677200267969047,2.5677200267969047,True,1.2443153126470234
L4_S4_irreversible_tree_tree_TriTrueFalseTrue_i0,3235928423,4,4,irreversible,tree,True,5,12,32,0.0023819579801056534,0.009633540990762413,1.167503078015619,1.167503078015619,True,0.24725671849354153
L4_S4_irreversible_tree_tree_TriTrueFalseTrue_i1,4250378254,4,4,irreversible,tree,True,6,12,35,0.0022579999931622297,0.0023916249920148402,1.4691545315747327,1.4691545315747327,True,0.944127552009068
L4_S4_irreversible_tree_tree_TriTrueFalseTrue_i2,2766397881,4,4,irreversible,tree,True,7,31,121,0.00952916598180309,0.07339358300669119,5.950337083566168,5.950337083566168,True,0.12983649879987233
L4_S4_irreversible_tree_tree_TriTrueFalseTrue_i3,4278578427,4,4,irreversible,tree,True,6,20,73,0.005205124994972721,0.019737958995392546,3.1855746637437448,3.1855746637437448,True,0.2637113965266805
L4_S4_irreversible_tree_tree_TriTrueFalseTrue_i4,1039498340,4,4,irreversible,tree,True,6,28,110,0.008081874984782189,0.05591616700985469,2.8274691661240627,2.8274691661240627,True,0.14453556587350255
L4_S4_irreversible_tree_tree_TriTrueFalseFalse_i0,4235276844,4,4,irreversible,tree,False,6,16,48,0.001957166998181492,0.009954375011147931,,,False,0.19661373008108754
L4_S4_irreversible_tree_tree_TriTrueFalseFalse_i1,3722012670,4,4,irreversible,tree,False,5,12,33,0.0024794159980956465,0.004152458015596494,4.13883821724253,4.13883821724253,True,0.5970958385821618
L4_S4_irreversible_tree_tree_TriTrueFalseFalse_i2,3527713132,4,4,irreversible,tree,False,6,20,75,0.006978332996368408,0.0022784590255469084,0.8131357019864556,0.8131357019864556,True,3.0627410260109214
L4_S4_irreversible_tree_tree_TriTrueFalseFalse_i3,2457994763,4,4,irreversible,tree,False,6,20,75,0.006651542003965005,0.004841791000217199,3.677107586481856,3.677107586481856,True,1.3737768998888473
L4_S4_irreversible_tree_tree_TriTrueFalseFalse_i4,956282852,4,4,irreversible,tree,False,6,23,80,0.006334957986837253,0.003399250010261312,3.2286032895960917,3.2286032895960917,True,1.8636334791734792
L4_S4_irreversible_tree_tree_TriFalseTrueTrue_i0,2322564434,4,4,irreversible,tree,True,7,28,114,0.009071292006410658,0.05380420899018645,4.084041519875167,4.084041519875167,True,0.16859818233675775
L4_S4_irreversible_tree_tree_TriFalseTrueTrue_i1,3386027617,4,4,irreversible,tree,True,6,28,107,0.006865709001431242,0.009965917008230463,5.507584009059894,5.507584009059894,True,0.6889188728786572
L4_S4_irreversible_tree_tree_TriFalseTrueTrue_i2,802482487,4,4,irreversible,tree,True,7,28,116,0.009585124993463978,0.027939749998040497,0.7637514568283092,0.7637514568283092,True,0.3430640807835479
L4_S4_irreversible_tree_tree_TriFalseTrueTrue_i3,2229591717,4,4,irreversible,tree,True,6,23,78,0.006094207987189293,0.0049837499973364174,5.570145787918006,5.570145787918006,True,1.222815503913892
L4_S4_irreversible_tree_tree_TriFalseTrueTrue_i4,3287357955,4,4,irreversible,tree,True,5,12,30,0.0026784579968079925,0.006928207993041724,2.261462729111852,2.261462729111852,True,0.3866017897984998
L4_S4_irreversible_tree_tree_TriFalseTrueFalse_i0,3981169459,4,4,irreversible,tree,False,6,20,72,0.004647333000320941,0.005951083003310487,2.857279687983305,2.857279687983305,True,0.780922097173508
L4_S4_irreversible_tree_tree_TriFalseTrueFalse_i1,2917273776,4,4,irreversible,tree,False,5,15,30,0.004522125003859401,0.0032100419921334833,4.666745196469502,4.666745196469503,True,1.408742815887918
L4_S4_irreversible_tree_tree_TriFalseTrueFalse_i2,2855500486,4,4,irreversible,tree,False,5,16,42,0.0032424159871879965,0.0026483749970793724,3.3402947681793247,3.3402947681793247,True,1.2243034942031386
L4_S4_irreversible_tree_tree_TriFalseTrueFalse_i3,1854690902,4,4,irreversible,tree,False,5,9,16,0.0008262079791165888,0.0010612089827191085,,1.1610222781088837,False,0.7785527770852847
L4_S4_irreversible_tree_tree_TriFalseTrueFalse_i4,122468805,4,4,irreversible,tree,False,6,23,72,0.005282500002067536,0.007159708999097347,5.546805337194904,5.546805337194903,True,0.7378092133247746
L4_S4_irreversible_tree_tree_TriFalseFalseTrue_i0,3811616136,4,4,irreversible,tree,True,6,12,35,0.002474457985954359,0.0017254579870495945,2.052764475054833,2.052764475054833,True,1.4340868166246576
L4_S4_irreversible_tree_tree_TriFalseFalseTrue_i1,2872858718,4,4,irreversible,tree,True,6,20,73,0.005904000019654632,0.04174654098460451,4.6834554393084336,4.6834554393084336,True,0.14142488788249666
L4_S4_irreversible_tree_tree_TriFalseFalseTrue_i2,3995644089,4,4,irreversible,tree,True,6,24,86,0.006308374984655529,0.009412749990588054,2.1757448719852572,2.1757448719852572,True,0.6701946105833847
L4_S4_irreversible_tree_tree_TriFalseFalseTrue_i3,2838699986,4,4,irreversible,tree,True,6,20,76,0.006700958008877933,0.008982667000964284,0.9166704573903338,0.9166704573903338,True,0.7459874959375755
L4_S4_irreversible_tree_tree_TriFalseFalseTrue_i4,2727783306,4,4,irreversible,tree,True,7,36,148,0.010825624980498105,0.056763250002404675,9.66484717759322,9.66484717759322,True,0.1907153799214125
L4_S4_irreversible_tree_tree_TriFalseFalseFalse_i0,2475590284,4,4,irreversible,tree,False,6,20,71,0.005247459019301459,0.02649116699467413,2.3946300316859115,2.394630031685911,True,0.19808333933620537
L4_S4_irreversible_tree_tree_TriFalseFalseFalse_i1,2340391659,4,4,irreversible,tree,False,6,17,52,0.0023922079999465495,0.007370583014562726,,3.952702120276389,False,0.32456152663344573
L4_S4_irreversible_tree_tree_TriFalseFalseFalse_i2,3394237230,4,4,irreversible,tree,False,7,16,52,0.0033912079816218466,0.005268374981824309,0.4792211420957884,0.4792211420957884,True,0.6436913373915191
L4_S4_irreversible_tree_tree_TriFalseFalseFalse_i3,753555990,4,4,irreversible,tree,False,7,19,55,0.0033031670027412474,0.002456334012094885,0.9865470513833164,0.9865470513833164,True,1.3447542727179311
L4_S4_irreversible_tree_tree_TriFalseFalseFalse_i4,2341876204,4,4,irreversible,tree,False,6,28,108,0.007668500009458512,0.006358916987664998,5.258129059905286,5.258129059905286,True,1.205944159735011
L4_S4_tree_tree_tree_TriTrueTrueTrue_i0,986813592,4,4,tree,tree,True,6,30,78,0.006074083008570597,0.03033479198347777,3.3394539990981125,3.3394539990981125,True,0.20023485941964142
L4_S4_tree_tree_tree_TriTrueTrueTrue_i1,2466798193,4,4,tree,tree,True,6,18,42,0.0046919999876990914,0.01384850000613369,3.9431387339825,3.9431387339825,True,0.3388092318165656
L4_S4_tree_tree_tree_TriTrueTrueTrue_i2,1177842628,4,4,tree,tree,True,7,25,64,0.0025180410011671484,0.008629832998849452,,,False,0.29178324884382006
L4_S4_tree_tree_tree_TriTrueTrueTrue_i3,1755762295,4,4,tree,tree,True,6,20,47,0.0036477079847827554,0.003706375020556152,2.961043834996326,2.961043834996326,True,0.984171051332079
L4_S4_tree_tree_tree_TriTrueTrueTrue_i4,2257552572,4,4,tree,tree,True,7,12,21,0.00204433299950324,0.0011997089895885438,0.19633319789517237,0.19633319789517237,True,1.7040226531783493
L4_S4_tree_tree_tree_TriTrueTrueFalse_i0,4179853997,4,4,tree,tree,False,6,12,20,0.0011350419954396784,0.0028549999988172203,,,False,0.39756273147011423
L4_S4_tree_tree_tree_TriTrueTrueFalse_i1,3209097577,4,4,tree,tree,False,6,12,26,0.0025037089944817126,0.001926666998770088,3.1119640429024313,3.1119640429024313,True,1.299502039832491
L4_S4_tree_tree_tree_TriTrueTrueFalse_i2,559180311,4,4,tree,tree,False,6,22,57,0.004426750005222857,0.003513083007419482,1.2387317641264017,1.2387317641264017,True,1.2600751920175413
L4_S4_tree_tree_tree_TriTrueTrueFalse_i3,418131561,4,4,tree,tree,False,6,17,39,0.0017282080079894513,0.08010837499750778,,11.605843327623457,False,0.02157337464990199
L4_S4_tree_tree_tree_TriTrueTrueFalse_i4,3631499245,4,4,tree,tree,False,6,16,38,0.002925000007962808,0.004182333999779075,3.1618277555366445,3.1618277555366445,True,0.6993700906592408
L4_S4_tree_tree_tree_TriTrueFalseTrue_i0,2268287726,4,4,tree,tree,True,7,15,30,0.0014685829810332507,0.009219791973009706,,,False,0.1592858956087652
L4_S4_tree_tree_tree_TriTrueFalseTrue_i1,2409901501,4,4,tree,tree,True,7,16,37,0.0014944589929655194,0.003860124998027459,,,False,0.3871529047832103
L4_S4_tree_tree_tree_TriTrueFalseTrue_i2,1917009711,4,4,tree,tree,True,5,15,27,0.0019582499808166176,0.002444374986225739,3.331253587359154,3.331253587359154,True,0.8011247008854278
L4_S4_tree_tree_tree_TriTrueFalseTrue_i3,2294871990,4,4,tree,tree,True,6,9,12,0.0008135829993989319,0.0023355000012088567,,,False,0.34835480651809647
L4_S4_tree_tree_tree_TriTrueFalseTrue_i4,414725751,4,4,tree,tree,True,5,7,9,0.0004917909973300993,0.0009324159764219075,,0.7107185752808615,False,0.5274367689199706
L4_S4_tree_tree_tree_TriTrueFalseFalse_i0,3716714881,4,4,tree,tree,False,6,10,16,0.0007093749882187694,0.0011003330000676215,,0.3989342032930254,False,0.6446906013766498
L4_S4_tree_tree_tree_TriTrueFalseFalse_i1,1749034889,4,4,tree,tree,False,5,10,16,0.001711000018985942,0.002240707981400192,2.3420594378582527,2.3420594378582527,True,0.7635976082519913
L4_S4_tree_tree_tree_TriTrueFalseFalse_i2,2604606556,4,4,tree,tree,False,6,12,27,0.0010451249836478382,0.0010316249972674996,,0.06652136719108506,False,1.0130851552947424
L4_S4_tree_tree_tree_TriTrueFalseFalse_i3,1394287560,4,4,tree,tree,False,6,14,31,0.001369333011098206,0.006089833012083545,,,False,0.2248555557312652
L4_S4_tree_tree_tree_TriTrueFalseFalse_i4,3852028977,4,4,tree,tree,False,6,17,38,0.001654124993365258,0.06407612501061521,,7.906150226273891,False,0.025814996884974385
L4_S4_tree_tree_tree_TriFalseTrueTrue_i0,1941184478,4,4,tree,tree,True,6,14,31,0.001384792005410418,0.0022808749927207828,,1.6371815865541928,False,0.6071316502211699
L4_S4_tree_tree_tree_TriFalseTrueTrue_i1,1386479244,4,4,tree,tree,True,5,8,12,0.0006097089790273458,0.0008074580109678209,,0.0,False,0.7550958881448957
L4_S4_tree_tree_tree_TriFalseTrueTrue_i2,2027017525,4,4,tree,tree,True,6,12,21,0.0009269170113839209,0.0020220419974066317,,,False,0.4584061825454439
L4_S4_tree_tree_tree_TriFalseTrueTrue_i3,75840015,4,4,tree,tree,True,7,20,50,0.0019378339929971844,0.0067216250172350556,,,False,0.288298395065174
L4_S4_tree_tree_tree_TriFalseTrueTrue_i4,603278633,4,4,tree,tree,True,7,31,88,0.006252999999560416,0.014705042005516589,4.754387794959605,4.754387794959605,True,0.4252282701393397
L4_S4_tree_tree_tree_TriFalseTrueFalse_i0,858499216,4,4,tree,tree,False,6,13,22,0.001192958006868139,0.004186375008430332,,2.349868254937655,False,0.2849619825036773
L4_S4_tree_tree_tree_TriFalseTrueFalse_i1,2529891012,4,4,tree,tree,False,5,8,16,0.0006410000205505639,0.0007004590006545186,0.0,0.0,True,0.9151129542751983
L4_S4_tree_tree_tree_TriFalseTrueFalse_i2,3568222285,4,4,tree,tree,False,5,10,19,0.0018667090043891221,0.002445249992888421,1.314138373207804,1.314138373207804,True,0.7634017979414442
L4_S4_tree_tree_tree_TriFalseTrueFalse_i3,107585954,4,4,tree,tree,False,6,16,33,0.0013211660261731595,0.005296666990034282,,,False,0.24943342279692488
L4_S4_tree_tree_tree_TriFalseTrueFalse_i4,302620191,4,4,tree,tree,False,6,16,39,0.0016507499967701733,0.011230125004658476,,,False,0.14699300756602465
L4_S4_tree_tree_tree_TriFalseFalseTrue_i0,237024872,4,4,tree,tree,True,6,8,13,0.0007103749958332628,0.0007882920035626739,0.0,0.0,True,0.9011560328744993
L4_S4_tree_tree_tree_TriFalseFalseTrue_i1,3810279202,4,4,tree,tree,True,6,16,39,0.0014252919936552644,0.0012035410036332905,0.0,0.0,True,1.1842478196461346
L4_S4_tree_tree_tree_TriFalseFalseTrue_i2,4056375458,4,4,tree,tree,True,6,12,21,0.0009410410129930824,0.0024528330250177532,,,False,0.3836545821669574
L4_S4_tree_tree_tree_TriFalseFalseTrue_i3,841982287,4,4,tree,tree,True,6,14,30,0.0012164169747848064,0.01514949998818338,,3.9738698002569004,False,0.08029419422683377
L4_S4_tree_tree_tree_TriFalseFalseTrue_i4,1604823047,4,4,tree,tree,True,7,28,77,0.005648416001349688,0.021020667016273364,1.6297641121615207,1.6297641121615207,True,0.268707730742758
L4_S4_tree_tree_tree_TriFalseFalseFalse_i0,3982982489,4,4,tree,tree,False,7,22,54,0.002139749994967133,0.02570524998009205,,3.6064644835536632,False,0.08324174685648102
L4_S4_tree_tree_tree_TriFalseFalseFalse_i1,49626256,4,4,tree,tree,False,7,31,82,0.005365582997910678,0.01252683301572688,6.0832153541790195,6.0832153541790195,True,0.42832714085414
L4_S4_tree_tree_tree_TriFalseFalseFalse_i2,3997139411,4,4,tree,tree,False,6,16,37,0.004079499980434775,0.012935624981764704,2.039973270343572,2.039973270343572,True,0.3153693517565852
L4_S4_tree_tree_tree_TriFalseFalseFalse_i3,2043413705,4,4,tree,tree,False,6,11,20,0.0009482079767622054,0.0019044170039705932,,,False,0.4978990824415914
L4_S4_tree_tree_tree_TriFalseFalseFalse_i4,1955421550,4,4,tree,tree,False,7,16,30,0.0011965829762630165,0.007559541001683101,,,False,0.1582877608189229
L4_S7_reversible_reversible_reversible_TriTrueTrueTrue_i0,3074551990,4,7,reversible,reversible,True,7,151,3090,0.34406412500538863,10.060098624991952,10.137099201483226,10.137099201483226,True,0.03420086997123878
L4_S7_reversible_reversible_reversible_TriTrueTrueTrue_i1,364048542,4,7,reversible,reversible,True,7,151,3090,0.424334417009959,0.8514501669851597,9.031707561786028,9.03170756178603,True,0.4983667077241741
L4_S7_reversible_reversible_reversible_TriTrueTrueTrue_i2,1126359882,4,7,reversible,reversible,True,6,102,1865,0.3437260829959996,5.315913458005525,12.795762437413414,12.795762437413414,True,0.0646598342216621
L4_S7_reversible_reversible_reversible_TriTrueTrueTrue_i3,3132191077,4,7,reversible,reversible,True,7,151,3090,0.3043439580069389,0.6003179999825079,7.567319963988892,7.56731996398889,True,0.5069712344271464
L4_S7_reversible_reversible_reversible_TriTrueTrueTrue_i4,3656830343,4,7,reversible,reversible,True,6,102,1865,0.18821404202026315,0.39978658300242387,10.024660918391339,10.024660918391339,True,0.4707862883640988
L4_S7_reversible_reversible_reversible_TriTrueTrueFalse_i0,1602409833,4,7,reversible,reversible,False,7,151,3090,0.302253041008953,0.5214949579967652,8.8130019721943,8.8130019721943,True,0.5795895737715614
L4_S7_reversible_reversible_reversible_TriTrueTrueFalse_i1,1435091230,4,7,reversible,reversible,False,5,53,640,0.04174454201711342,0.044048374984413385,8.47597478678419,8.47597478678419,True,0.947697641154462
L4_S7_reversible_reversible_reversible_TriTrueTrueFalse_i2,2031502907,4,7,reversible,reversible,False,7,151,3090,0.4735677079879679,8.464695875009056,12.739756367232182,12.739756367232182,True,0.05594621648843527
L4_S7_reversible_reversible_reversible_TriTrueTrueFalse_i3,2557464024,4,7,reversible,reversible,False,6,102,1865,0.2256386250082869,0.817049874982331,10.999309409661045,10.999309409661045,True,0.2761626084784651
L4_S7_reversible_reversible_reversible_TriTrueTrueFalse_i4,1496335690,4,7,reversible,reversible,False,6,102,1865,0.2183442919922527,0.6241379999846686,10.64695693651365,10.64695693651365,True,0.349833356802154
L4_S7_reversible_reversible_reversible_TriTrueFalseTrue_i0,1337409298,4,7,reversible,reversible,True,7,151,3090,0.35824091601534747,1.1874172499810811,10.636044687705652,10.636044687705652,True,0.301697584163745
L4_S7_reversible_reversible_reversible_TriTrueFalseTrue_i1,1577372538,4,7,reversible,reversible,True,7,151,3090,0.37373849999858066,0.9735809999983758,10.714404496512397,10.714404496512396,True,0.38388023145000155
L4_S7_reversible_reversible_reversible_TriTrueFalseTrue_i2,547613042,4,7,reversible,reversible,True,5,53,640,0.041141999972751364,0.3519847079878673,7.654530686275527,7.654530686275527,True,0.11688575930203121
L4_S7_reversible_reversible_reversible_TriTrueFalseTrue_i3,3127860980,4,7,reversible,reversible,True,7,151,3090,0.7499937500106171,57.61191837498336,15.445066934973084,15.445066934973083,True,0.013018031184381919
L4_S7_reversible_reversible_reversible_TriTrueFalseTrue_i4,184773864,4,7,reversible,reversible,True,6,102,1865,0.25982124998699874,5.060036667011445,10.32194247773041,10.32194247773041,True,0.05134770102152371
L4_S7_reversible_reversible_reversible_TriTrueFalseFalse_i0,1581871058,4,7,reversible,reversible,False,7,151,3090,0.37188066699309275,1.0395570420078002,10.367882081619861,10.367882081619861,True,0.35772992881382687
L4_S7_reversible_reversible_reversible_TriTrueFalseFalse_i1,194796873,4,7,reversible,reversible,False,6,102,1865,0.22082970800693147,0.49894820898771286,8.593363928359459,8.593363928359459,True,0.4425904404234051
L4_S7_reversible_reversible_reversible_TriTrueFalseFalse_i2,325452673,4,7,reversible,reversible,False,7,151,3090,0.30439387500518933,1.7969357920228504,6.16011549984668,6.16011549984668,True,0.16939607758223255
L4_S7_reversible_reversible_reversible_TriTrueFalseFalse_i3,77178128,4,7,reversible,reversible,False,7,151,3090,0.3852986249839887,0.5641784170002211,7.716265053098531,7.716265053098532,True,0.6829375472208115
L4_S7_reversible_reversible_reversible_TriTrueFalseFalse_i4,3469038717,4,7,reversible,reversible,False,7,151,3090,0.4924763329909183,2.5207245420024265,9.575886166592962,9.575886166592962,True,0.19537094378600028
L4_S7_reversible_reversible_reversible_TriFalseTrueTrue_i0,530692368,4,7,reversible,reversible,True,6,102,1865,0.26250433301902376,0.8542697920056526,11.328972196560304,11.328972196560304,True,0.30728504644350313
L4_S7_reversible_reversible_reversible_TriFalseTrueTrue_i1,1274183148,4,7,reversible,reversible,True,7,151,3090,0.5004730419896077,18.028944999998203,14.363538130071188,14.363538130071188,True,0.02775941919851096
L4_S7_reversible_reversible_reversible_TriFalseTrueTrue_i2,3110835493,4,7,reversible,reversible,True,6,102,1865,0.14659062499413267,0.12852958298753947,7.69567826547168,7.69567826547168,True,1.1405204968868814
L4_S7_reversible_reversible_reversible_TriFalseTrueTrue_i3,3155227671,4,7,reversible,reversible,True,7,151,3090,0.2686727909895126,0.53817670798162,6.020970204815035,6.020970204815035,True,0.4992278307582583
L4_S7_reversible_reversible_reversible_TriFalseTrueTrue_i4,1421661396,4,7,reversible,reversible,True,7,151,3090,0.31031550001353025,0.4816088750085328,7.349513259193048,7.349513259193048,True,0.6443309404622192
L4_S7_reversible_reversible_reversible_TriFalseTrueFalse_i0,1592669406,4,7,reversible,reversible,False,7,151,3090,0.33086754102259874,1.1268722500244621,9.314463594887993,9.314463594887993,True,0.29361583863814233
L4_S7_reversible_reversible_reversible_TriFalseTrueFalse_i1,367878867,4,7,reversible,reversible,False,7,151,3090,0.5303708330029622,7.066355916002067,11.64061111378193,11.640611113781931,True,0.07505577687176199
L4_S7_reversible_reversible_reversible_TriFalseTrueFalse_i2,2503892186,4,7,reversible,reversible,False,7,151,3090,0.4287229589826893,7.664707582996925,9.665725298268264,9.665725298268262,True,0.055934679083885226
L4_S7_reversible_reversible_reversible_TriFalseTrueFalse_i3,1302828366,4,7,reversible,reversible,False,5,53,640,0.04138058400712907,0.10672279100981541,7.705218561969784,7.705218561969784,True,0.38773895648572665
L4_S7_reversible_reversible_reversible_TriFalseTrueFalse_i4,2522900900,4,7,reversible,reversible,False,7,151,3090,0.358121957979165,11.254616124992026,11.1416861654185,11.1416861654185,True,0.031820006472908356
L4_S7_reversible_reversible_reversible_TriFalseFalseTrue_i0,3351271967,4,7,reversible,reversible,True,7,151,3090,0.5071476249722764,12.404262458003359,11.83533842037909,11.835338420379088,True,0.040884947948209086
L4_S7_reversible_reversible_reversible_TriFalseFalseTrue_i1,2440982297,4,7,reversible,reversible,True,7,151,3090,0.3150896250153892,0.4888734590203967,6.0904243234447115,6.0904243234447115,True,0.6445218462099437
L4_S7_reversible_reversible_reversible_TriFalseFalseTrue_i2,2090111624,4,7,reversible,reversible,True,7,151,3090,0.44286587499664165,4.485374374984531,9.945320203161415,9.945320203161414,True,0.09873554309486897
L4_S7_reversible_reversible_reversible_TriFalseFalseTrue_i3,1125993365,4,7,reversible,reversible,True,7,151,3090,0.5189199160085991,4.513246791990241,10.805633900906066,10.805633900906066,True,0.11497707522100513
L4_S7_reversible_reversible_reversible_TriFalseFalseTrue_i4,4243073493,4,7,reversible,reversible,True,7,151,3090,0.6483534169965424,14.615919667005073,11.066579348728382,11.06657934872838,True,0.04435939932098957
L4_S7_reversible_reversible_reversible_TriFalseFalseFalse_i0,3228181459,4,7,reversible,reversible,False,7,151,3090,0.27801608300069347,1.1002957090095151,8.734185445455331,8.734185445455331,True,0.25267396798110686
L4_S7_reversible_reversible_reversible_TriFalseFalseFalse_i1,4108311901,4,7,reversible,reversible,False,7,151,3090,0.51490929198917,4.390605332999257,8.603045184204515,8.603045184204515,True,0.11727523947595539
L4_S7_reversible_reversible_reversible_TriFalseFalseFalse_i2,1576100028,4,7,reversible,reversible,False,7,151,3090,0.48576808301731944,9.519667207991006,9.551344581359958,9.551344581359958,True,0.05102784292275762
L4_S7_reversible_reversible_reversible_TriFalseFalseFalse_i3,2040396291,4,7,reversible,reversible,False,6,102,1865,0.29420712499995716,6.347099000005983,13.381313265671432,13.381313265671432,True,0.04635300709084998
L4_S7_reversible_reversible_reversible_TriFalseFalseFalse_i4,1638868755,4,7,reversible,reversible,False,7,151,3090,0.35698449998744763,0.46253175000310875,6.177801991568785,6.177801991568785,True,0.7718053932800134
L4_S7_reversible_reversible_irreversible_TriTrueTrueTrue_i0,1835895212,4,7,reversible,reversible,True,6,102,1865,0.15637262500240467,0.21664837500429712,5.643105907312507,5.643105907312508,True,0.7217807393086717
L4_S7_reversible_reversible_irreversible_TriTrueTrueTrue_i1,909477408,4,7,reversible,reversible,True,6,102,1865,0.19858795800246298,1.160584083001595,8.31407083301807,8.31407083301807,True,0.1711103579137055
L4_S7_reversible_reversible_irreversible_TriTrueTrueTrue_i2,2737571845,4,7,reversible,reversible,True,7,151,3090,0.4059930419898592,5.194168999994872,10.628750175053677,10.628750175053677,True,0.07816323302381897
L4_S7_reversible_reversible_irreversible_TriTrueTrueTrue_i3,2367444895,4,7,reversible,reversible,True,6,102,1865,0.20419962500454858,0.4514165000000503,10.718519239613274,10.718519239613274,True,0.45235303661291243
L4_S7_reversible_reversible_irreversible_TriTrueTrueTrue_i4,3048916673,4,7,reversible,reversible,True,6,102,1865,0.31583633401896805,9.134272666997276,11.377919689313185,11.377919689313185,True,0.03457706437049206
L4_S7_reversible_reversible_irreversible_TriTrueTrueFalse_i0,1437511069,4,7,reversible,reversible,False,7,151,3090,0.486525292013539,18.617519915977027,12.260967765996284,12.260967765996284,True,0.02613265860238904
L4_S7_reversible_reversible_irreversible_TriTrueTrueFalse_i1,2349497795,4,7,reversible,reversible,False,7,151,3090,0.24506008301978,0.07757266701082699,4.217937709896066,4.217937709896066,True,3.1591034484668805
L4_S7_reversible_reversible_irreversible_TriTrueTrueFalse_i2,3186419083,4,7,reversible,reversible,False,6,102,1865,0.25441816699458286,0.552416374994209,11.568569007734755,11.568569007734755,True,0.4605550777467356
L4_S7_reversible_reversible_irreversible_TriTrueTrueFalse_i3,2484166712,4,7,reversible,reversible,False,6,102,1865,0.2463678749918472,0.4017165839904919,9.872514700273136,9.872514700273138,True,0.6132877859590447
L4_S7_reversible_reversible_irreversible_TriTrueTrueFalse_i4,2375545503,4,7,reversible,reversible,False,5,53,640,0.04008408301160671,0.083782333007548,6.010667484067516,6.010667484067516,True,0.47843120493629965
L4_S7_reversible_reversible_irreversible_TriTrueFalseTrue_i0,2635406183,4,7,reversible,reversible,True,6,102,1865,0.17029820798779838,0.4014428750087973,7.601418852484474,7.601418852484474,True,0.4242152947909491
L4_S7_reversible_reversible_irreversible_TriTrueFalseTrue_i1,1221456887,4,7,reversible,reversible,True,6,102,1865,0.16473012501955964,0.9465572919871192,6.85156118273538,6.851561182735379,True,0.17403080219234157
L4_S7_reversible_reversible_irreversible_TriTrueFalseTrue_i2,482251885,4,7,reversible,reversible,True,7,151,3090,0.3513602080056444,0.974400458013406,8.859063727656647,8.859063727656647,True,0.360591176610694
L4_S7_reversible_reversible_irreversible_TriTrueFalseTrue_i3,414351978,4,7,reversible,reversible,True,6,102,1865,0.1864660000137519,0.5257390839979053,8.657664529799924,8.657664529799924,True,0.35467403001718023
L4_S7_reversible_reversible_irreversible_TriTrueFalseTrue_i4,4241560898,4,7,reversible,reversible,True,5,53,640,0.03700854198541492,0.1275315840030089,6.957740914076939,6.957740914076939,True,0.29019118663460325
L4_S7_reversible_reversible_irreversible_TriTrueFalseFalse_i0,1838533778,4,7,reversible,reversible,False,7,151,3090,0.31258545801392756,1.1847867080068681,7.787781176124549,7.7877811761245495,True,0.2638326845141166
L4_S7_reversible_reversible_irreversible_TriTrueFalseFalse_i1,2787632410,4,7,reversible,reversible,False,7,151,3090,0.47766066700569354,7.152027124975575,11.506165867941219,11.50616586794122,True,0.06678675270551886
L4_S7_reversible_reversible_irreversible_TriTrueFalseFalse_i2,3739319780,4,7,reversible,reversible,False,6,102,1865,0.20450762499240227,0.47094683299656026,8.674462064538757,8.674462064538757,True,0.43424779662898416
L4_S7_reversible_reversible_irreversible_TriTrueFalseFalse_i3,1172483612,4,7,reversible,reversible,False,6,102,1865,0.17015674998401664,0.29594000001088716,7.084890087110295,7.084890087110295,True,0.5749704311778955
L4_S7_reversible_reversible_irreversible_TriTrueFalseFalse_i4,129692976,4,7,reversible,reversible,False,7,151,3090,0.4239524580189027,3.577959166985238,10.137281388271271,10.13728138827127,True,0.1184900212982676
L4_S7_reversible_reversible_irreversible_TriFalseTrueTrue_i0,1571719085,4,7,reversible,reversible,True,5,53,640,0.04019541700836271,0.2442280000250321,8.078032710269927,8.078032710269927,True,0.16458152562221107
L4_S7_reversible_reversible_irreversible_TriFalseTrueTrue_i1,1476733963,4,7,reversible,reversible,True,7,151,3090,0.4115569580171723,0.7902651250187773,9.131740992090633,9.131740992090633,True,0.5207833984659389
L4_S7_reversible_reversible_irreversible_TriFalseTrueTrue_i2,3075548500,4,7,reversible,reversible,True,7,151,3090,0.3191563750151545,0.820961667021038,8.501031225138187,8.501031225138185,True,0.38875916799440113
L4_S7_reversible_reversible_irreversible_TriFalseTrueTrue_i3,910742076,4,7,reversible,reversible,True,6,102,1865,0.20381666600587778,0.20736179198138416,7.5221407269722755,7.5221407269722755,True,0.9829036635701514
L4_S7_reversible_reversible_irreversible_TriFalseTrueTrue_i4,1942317109,4,7,reversible,reversible,True,6,102,1865,0.18300845799967647,0.13139733302523382,7.186377377457912,7.186377377457912,True,1.3927866905163475
L4_S7_reversible_reversible_irreversible_TriFalseTrueFalse_i0,1306201729,4,7,reversible,reversible,False,6,102,1865,0.20902858299086802,0.2484082079899963,9.484130305080223,9.484130305080223,True,0.8414721230057491
L4_S7_reversible_reversible_irreversible_TriFalseTrueFalse_i1,496227715,4,7,reversible,reversible,False,6,102,1865,0.19357020800816827,0.17765250001684763,5.564617570634746,5.564617570634746,True,1.0896002414838566
L4_S7_reversible_reversible_irreversible_TriFalseTrueFalse_i2,2927532132,4,7,reversible,reversible,False,5,53,640,0.04206395801156759,0.05190883399336599,6.8839925613779895,6.88399256137799,True,0.8103429409838117
L4_S7_reversible_reversible_irreversible_TriFalseTrueFalse_i3,1437714108,4,7,reversible,reversible,False,7,151,3090,0.23860883299494162,0.3672337079769932,6.801966320861891,6.801966320861892,True,0.6497465433106256
L4_S7_reversible_reversible_irreversible_TriFalseTrueFalse_i4,3920453401,4,7,reversible,reversible,False,7,151,3090,0.5856013750017155,23.901989584002877,12.223412063644655,12.223412063644654,True,0.024500110039757807
L4_S7_reversible_reversible_irreversible_TriFalseFalseTrue_i0,4164892466,4,7,reversible,reversible,True,6,102,1865,0.2551357080228627,0.3475881250051316,6.771819447442523,6.771819447442523,True,0.7340173295191792
L4_S7_reversible_reversible_irreversible_TriFalseFalseTrue_i1,1964164270,4,7,reversible,reversible,True,7,151,3090,0.49394474999280646,10.707550333987456,10.282838396684996,10.282838396684996,True,0.0461305092705301
L4_S7_reversible_reversible_irreversible_TriFalseFalseTrue_i2,4084047842,4,7,reversible,reversible,True,5,53,640,0.03919012501137331,0.09509787501883693,6.352611346548348,6.352611346548348,True,0.41210305268658737
L4_S7_reversible_reversible_irreversible_TriFalseFalseTrue_i3,953843134,4,7,reversible,reversible,True,7,151,3090,0.28510662500048056,0.5951214579981752,6.728807752576259,6.728807752576259,True,0.47907300382081297
L4_S7_reversible_reversible_irreversible_TriFalseFalseTrue_i4,1627794616,4,7,reversible,reversible,True,7,151,3090,0.5940765829873271,42.90107937500579,11.864497031483383,11.864497031483383,True,0.013847590588119074
L4_S7_reversible_reversible_irreversible_TriFalseFalseFalse_i0,1960392854,4,7,reversible,reversible,False,7,151,3090,0.3331896669988055,9.414534083014587,10.163853682111823,10.163853682111823,True,0.03539098844674056
L4_S7_reversible_reversible_irreversible_TriFalseFalseFalse_i1,518365438,4,7,reversible,reversible,False,7,151,3090,0.260387833986897,0.15927308399113826,5.400242167750764,5.400242167750764,True,1.6348514502709899
L4_S7_reversible_reversible_irreversible_TriFalseFalseFalse_i2,4197997016,4,7,reversible,reversible,False,7,151,3090,0.372160166996764,12.68789937501424,10.845533435634321,10.845533435634321,True,0.02933189773717089
L4_S7_reversible_reversible_irreversible_TriFalseFalseFalse_i3,194399357,4,7,reversible,reversible,False,7,151,3090,0.42022508298396133,17.931309500010684,13.87145053777833,13.87145053777833,True,0.023435270188174248
L4_S7_reversible_reversible_irreversible_TriFalseFalseFalse_i4,2546645562,4,7,reversible,reversible,False,6,102,1865,0.2078800000017509,0.09842562497942708,2.47250070715688,2.47250070715688,True,2.1120515915763844
L4_S7_reversible_reversible_tree_TriTrueTrueTrue_i0,3162176772,4,7,reversible,reversible,True,6,102,1865,0.295484000002034,6.408554833004018,13.05532702836279,13.055327028362791,True,0.046107743111471165
L4_S7_reversible_reversible_tree_TriTrueTrueTrue_i1,3408281339,4,7,reversible,reversible,True,5,53,640,0.042238499998347834,0.1452263329993002,9.248662154425505,9.248662154425507,True,0.29084601143034683
L4_S7_reversible_reversible_tree_TriTrueTrueTrue_i2,626432825,4,7,reversible,reversible,True,6,102,1865,0.23160149998147972,0.4205776249873452,10.212133237349388,10.212133237349388,True,0.550674799777505
L4_S7_reversible_reversible_tree_TriTrueTrueTrue_i3,1814210989,4,7,reversible,reversible,True,6,102,1865,0.18123033302254044,1.015440082992427,10.18455792723424,10.184557927234241,True,0.17847466914049062
L4_S7_reversible_reversible_tree_TriTrueTrueTrue_i4,4077750378,4,7,reversible,reversible,True,6,102,1865,0.2451166670070961,0.8808364160067867,11.538764955581833,11.538764955581833,True,0.2782771718726606
L4_S7_reversible_reversible_tree_TriTrueTrueFalse_i0,714184957,4,7,reversible,reversible,False,7,151,3090,0.3377128330175765,9.94144637498539,7.928989201280857,7.928989201280857,True,0.03397019108138604
L4_S7_reversible_reversible_tree_TriTrueTrueFalse_i1,2399063446,4,7,reversible,reversible,False,5,53,640,0.04153545797453262,0.07337045899475925,8.914217742422345,8.914217742422345,True,0.5661060047531314
L4_S7_reversible_reversible_tree_TriTrueTrueFalse_i2,4261477707,4,7,reversible,reversible,False,6,102,1865,0.22015779200592078,0.2711963749898132,8.031208460569298,8.031208460569296,True,0.8118021164640874
L4_S7_reversible_reversible_tree_TriTrueTrueFalse_i3,2054708929,4,7,reversible,reversible,False,7,151,3090,0.27874262499972247,0.5299285000073723,9.015270104374187,9.015270104374187,True,0.5260004405685752
L4_S7_reversible_reversible_tree_TriTrueTrueFalse_i4,2501317433,4,7,reversible,reversible,False,6,102,1865,0.21774933399865404,0.054572541994275525,4.203437835606409,4.203437835606409,True,3.9900895588005714
L4_S7_reversible_reversible_tree_TriTrueFalseTrue_i0,2279174187,4,7,reversible,reversible,True,6,102,1865,0.18611341700307094,0.24174537500948645,7.7408072826365855,7.7408072826365855,True,0.7698737410214935
L4_S7_reversible_reversible_tree_TriTrueFalseTrue_i1,2784565945,4,7,reversible,reversible,True,6,102,1865,0.18085366699961014,0.6814941249904223,9.958195882116748,9.958195882116748,True,0.26537817437057687
L4_S7_reversible_reversible_tree_TriTrueFalseTrue_i2,702916106,4,7,reversible,reversible,True,6,102,1865,0.27630933400359936,0.6140820829896256,10.746103799343198,10.746103799343198,True,0.44995504869389313
L4_S7_reversible_reversible_tree_TriTrueFalseTrue_i3,1396283618,4,7,reversible,reversible,True,7,151,3090,0.39569954201579094,3.920866041997215,9.75157811319462,9.75157811319462,True,0.10092146420623634
L4_S7_reversible_reversible_tree_TriTrueFalseTrue_i4,193987572,4,7,reversible,reversible,True,7,151,3090,0.4089808749849908,163.01130720900255,10.22064841537995,10.220648415379952,True,0.002508911080984788
L4_S7_reversible_reversible_tree_TriTrueFalseFalse_i0,1326477226,4,7,reversible,reversible,False,6,102,1865,0.22596645800513215,0.5860372919996735,9.625081478804118,9.625081478804118,True,0.38558375158773056
L4_S7_reversible_reversible_tree_TriTrueFalseFalse_i1,2082037163,4,7,reversible,reversible,False,6,102,1865,0.25816616701195017,1.8022901670192368,10.926490128398772,10.92649012839877,True,0.14324339753552637
L4_S7_reversible_reversible_tree_TriTrueFalseFalse_i2,1229518931,4,7,reversible,reversible,False,5,53,640,0.045141750015318394,0.5032423749798909,9.64807634875272,9.648076348752722,True,0.08970180606794174
L4_S7_reversible_reversible_tree_TriTrueFalseFalse_i3,3800228577,4,7,reversible,reversible,False,7,151,3090,0.4307082500017714,1.0721968339930754,8.121749258228268,8.121749258228268,True,0.401706324757574
L4_S7_reversible_reversible_tree_TriTrueFalseFalse_i4,4264190502,4,7,reversible,reversible,False,5,53,640,0.04320066701620817,0.1334060000081081,8.64184257127705,8.64184257127705,True,0.32382851363322507
L4_S7_reversible_reversible_tree_TriFalseTrueTrue_i0,1238258023,4,7,reversible,reversible,True,6,102,1865,0.18020620799507014,0.35852895901189186,7.571526482389424,7.571526482389425,True,0.5026266441324376
L4_S7_reversible_reversible_tree_TriFalseTrueTrue_i1,2141520481,4,7,reversible,reversible,True,7,151,3090,0.29917204097728245,0.22192187499604188,5.371462088507183,5.371462088507183,True,1.3480962146454565
L4_S7_reversible_reversible_tree_TriFalseTrueTrue_i2,4078035406,4,7,reversible,reversible,True,6,102,1865,0.2671961250016466,1.0826249580131844,12.209527155546825,12.209527155546825,True,0.24680395808091896
L4_S7_reversible_reversible_tree_TriFalseTrueTrue_i3,491215262,4,7,reversible,reversible,True,5,53,640,0.05248116599977948,0.27448133399593644,11.46370886313305,11.463708863133048,True,0.19120121956764904
L4_S7_reversible_reversible_tree_TriFalseTrueTrue_i4,3520448036,4,7,reversible,reversible,True,7,151,3090,0.30517837501247413,0.11753316599060781,6.216481322483216,6.216481322483216,True,2.5965298377168824
L4_S7_reversible_reversible_tree_TriFalseTrueFalse_i0,928446962,4,7,reversible,reversible,False,6,102,1865,0.21864508299040608,0.5120422079926357,6.569496934606917,6.569496934606917,True,0.42700597558267056
L4_S7_reversible_reversible_tree_TriFalseTrueFalse_i1,3435800066,4,7,reversible,reversible,False,6,102,1865,0.20264670799952,0.6599245829856955,7.869692700558838,7.869692700558837,True,0.30707555517269924
L4_S7_reversible_reversible_tree_TriFalseTrueFalse_i2,838649109,4,7,reversible,reversible,False,5,53,640,0.04040287499083206,0.058761457999935374,7.80772094645685,7.80772094645685,True,0.6875744012904189
L4_S7_reversible_reversible_tree_TriFalseTrueFalse_i3,2928603124,4,7,reversible,reversible,False,6,102,1865,0.23352933299611323,0.9750930830196012,10.158278077762077,10.158278077762077,True,0.2394943998919993
L4_S7_reversible_reversible_tree_TriFalseTrueFalse_i4,925946895,4,7,reversible,reversible,False,7,151,3090,0.4073029170103837,10.277956333011389,9.625774088173124,9.625774088173124,True,0.03962878453399862
L4_S7_reversible_reversible_tree_TriFalseFalseTrue_i0,284882628,4,7,reversible,reversible,True,6,102,1865,0.3273957500059623,0.9913870829914231,10.54091514226861,10.54091514226861,True,0.3302400800783428
L4_S7_reversible_reversible_tree_TriFalseFalseTrue_i1,2542851049,4,7,reversible,reversible,True,6,102,1865,0.21577233297284693,0.3088387500029057,8.245969342167642,8.245969342167644,True,0.6986569278374553
L4_S7_reversible_reversible_tree_TriFalseFalseTrue_i2,2929110902,4,7,reversible,reversible,True,6,102,1865,0.22092083399184048,0.16702341599739157,7.322062730832606,7.322062730832605,True,1.322693775300326
L4_S7_reversible_reversible_tree_TriFalseFalseTrue_i3,345158914,4,7,reversible,reversible,True,5,53,640,0.040766249992884696,0.1988273750175722,8.388536385347356,8.388536385347356,True,0.20503338528836093
L4_S7_reversible_reversible_tree_TriFalseFalseTrue_i4,138131214,4,7,reversible,reversible,True,6,102,1865,0.21454924999852665,0.34908858299604617,7.942443267626339,7.942443267626339,True,0.6145982992126624
L4_S7_reversible_reversible_tree_TriFalseFalseFalse_i0,2176202331,4,7,reversible,reversible,False,6,102,1865,0.20703674998367205,0.735173124994617,10.474449971981825,10.474449971981826,True,0.2816163195622415
L4_S7_reversible_reversible_tree_TriFalseFalseFalse_i1,1902650665,4,7,reversible,reversible,False,7,151,3090,0.3840979160158895,3.405432750005275,10.188753295066524,10.188753295066524,True,0.1127897521695311
L4_S7_reversible_reversible_tree_TriFalseFalseFalse_i2,1140877590,4,7,reversible,reversible,False,6,102,1865,0.17223674998967908,0.2558993330167141,7.655185644876992,7.655185644876992,True,0.6730644714316818
L4_S7_reversible_reversible_tree_TriFalseFalseFalse_i3,1817974899,4,7,reversible,reversible,False,5,53,640,0.07794833401567303,0.12617212501936592,8.009433414881771,8.009433414881773,True,0.6177936163468378
L4_S7_reversible_reversible_tree_TriFalseFalseFalse_i4,4040539332,4,7,reversible,reversible,False,6,102,1865,0.2456639590091072,1.1589506670134142,11.806664168295269,11.806664168295267,True,0.21197102326210812
L4_S7_reversible_irreversible_irreversible_TriTrueTrueTrue_i0,3564719692,4,7,reversible,irreversible,True,7,151,2354,0.3955853749939706,16.17121733300155,10.514717378062143,10.514717378062143,True,0.02446231268948529
L4_S7_reversible_irreversible_irreversible_TriTrueTrueTrue_i1,64439162,4,7,reversible,irreversible,True,6,102,1418,0.14644583300105296,0.5433072499872651,7.10987704249985,7.109877042499848,True,0.2695451473083425
L4_S7_reversible_irreversible_irreversible_TriTrueTrueTrue_i2,3127341285,4,7,reversible,irreversible,True,6,102,1422,0.16728637501364574,33.91175462497631,9.138622599650246,9.138622599650246,True,0.004932990842222739
L4_S7_reversible_irreversible_irreversible_TriTrueTrueTrue_i3,3636024421,4,7,reversible,irreversible,True,6,74,911,0.07891008301521651,0.08704687500721775,11.192161270644913,11.192161270644913,True,0.9065240090715427
L4_S7_reversible_irreversible_irreversible_TriTrueTrueTrue_i4,3569550186,4,7,reversible,irreversible,True,7,151,2353,0.1885917080217041,0.21780054201371968,5.3134615667841745,5.3134615667841745,True,0.8658918174038912
L4_S7_reversible_irreversible_irreversible_TriTrueTrueFalse_i0,2041244132,4,7,reversible,irreversible,False,6,102,1418,0.1254520840011537,0.5209439580212347,4.840412028226783,4.840412028226784,True,0.24081685146490014
L4_S7_reversible_irreversible_irreversible_TriTrueTrueFalse_i1,4185702065,4,7,reversible,irreversible,False,7,151,2354,0.22444354102481157,0.9374868329905439,5.837208912966966,5.837208912966966,True,0.23940980596968625
L4_S7_reversible_irreversible_irreversible_TriTrueTrueFalse_i2,2443497823,4,7,reversible,irreversible,False,6,88,1155,0.12069100001826882,0.5186004159913864,11.617634477885128,11.617634477885128,True,0.23272445617850984
L4_S7_reversible_irreversible_irreversible_TriTrueTrueFalse_i3,1999271101,4,7,reversible,irreversible,False,7,130,1917,0.1966185829951428,0.13489245899836533,4.377365608245165,4.377365608245164,True,1.4575950575556669
L4_S7_reversible_irreversible_irreversible_TriTrueTrueFalse_i4,828356161,4,7,reversible,irreversible,False,7,151,2351,0.23621987501974218,16.894854374986608,7.408513704194337,7.408513704194336,True,0.013981764492477176
L4_S7_reversible_irreversible_irreversible_TriTrueFalseTrue_i0,2671572899,4,7,reversible,irreversible,True,7,130,1917,0.15388154200627469,0.11254170897882432,4.883425300051377,4.883425300051377,True,1.367328984384801
L4_S7_reversible_irreversible_irreversible_TriTrueFalseTrue_i1,1403617757,4,7,reversible,irreversible,True,7,151,2349,0.19182779200491495,0.5659493340062909,8.534739709998771,8.534739709998771,True,0.33894870112849
L4_S7_reversible_irreversible_irreversible_TriTrueFalseTrue_i2,1592912663,4,7,reversible,irreversible,True,7,123,1753,0.2162288750114385,0.6810031249769963,7.162194491158435,7.162194491158436,True,0.31751524591201735
L4_S7_reversible_irreversible_irreversible_TriTrueFalseTrue_i3,1436890820,4,7,reversible,irreversible,True,7,151,2345,0.19409762500436045,0.9575270829955116,9.1114769606532,9.1114769606532,True,0.20270719047908445
L4_S7_reversible_irreversible_irreversible_TriTrueFalseTrue_i4,781801160,4,7,reversible,irreversible,True,5,53,489,0.031422667001606897,0.1151441250112839,8.445459732751825,8.445459732751829,True,0.2728985671273195
L4_S7_reversible_irreversible_irreversible_TriTrueFalseFalse_i0,261168705,4,7,reversible,irreversible,False,6,102,1421,0.19155262497952208,0.35099083397653885,8.644596952357315,8.644596952357315,True,0.5457482244296378
L4_S7_reversible_irreversible_irreversible_TriTrueFalseFalse_i1,774129167,4,7,reversible,irreversible,False,7,151,2349,0.21234733299934305,1.1040893749741372,4.5895718818447815,4.5895718818447815,True,0.19232802852757203
L4_S7_reversible_irreversible_irreversible_TriTrueFalseFalse_i2,3455639150,4,7,reversible,irreversible,False,7,137,2012,0.251640458998736,10.448244500003057,10.030895100148067,10.030895100148067,True,0.024084472657064822
L4_S7_reversible_irreversible_irreversible_TriTrueFalseFalse_i3,1463719597,4,7,reversible,irreversible,False,6,102,1418,0.15298937499755993,183.30663120799,7.082411568691093,7.082411568691093,True,0.0008346090590860022
L4_S7_reversible_irreversible_irreversible_TriTrueFalseFalse_i4,3193428779,4,7,reversible,irreversible,False,6,102,1424,0.1212685420177877,0.18325037500471808,4.362951113420871,4.36295111342087,True,0.6617642193250695
L4_S7_reversible_irreversible_irreversible_TriFalseTrueTrue_i0,2082883151,4,7,reversible,irreversible,True,6,102,1421,0.1294087499845773,0.19237137501477264,6.966033337261427,6.966033337261427,True,0.6727027308607477
L4_S7_reversible_irreversible_irreversible_TriFalseTrueTrue_i1,1018883427,4,7,reversible,irreversible,True,7,151,2355,0.31421641699853353,4.8403374170011375,6.939038812260438,6.939038812260437,True,0.06491622171420688
L4_S7_reversible_irreversible_irreversible_TriFalseTrueTrue_i2,766527335,4,7,reversible,irreversible,True,6,102,1416,0.12296987499576062,0.5611365840013605,10.842900647318135,10.842900647318135,True,0.2191442837316738
L4_S7_reversible_irreversible_irreversible_TriFalseTrueTrue_i3,3713723823,4,7,reversible,irreversible,True,6,102,1424,0.14733679202618077,1.643898915994214,6.940798101114814,6.940798101114814,True,0.08962643049584743
L4_S7_reversible_irreversible_irreversible_TriFalseTrueTrue_i4,2446043330,4,7,reversible,irreversible,True,6,88,1156,0.11039800001890399,0.19945079198805615,10.697429965788315,10.697429965788315,True,0.5535099578446651
L4_S7_reversible_irreversible_irreversible_TriFalseTrueFalse_i0,3117794333,4,7,reversible,irreversible,False,6,102,1422,0.20389333300408907,0.7677136670099571,7.407679787672281,7.407679787672281,True,0.2655851282843705
L4_S7_reversible_irreversible_irreversible_TriFalseTrueFalse_i1,3291033920,4,7,reversible,irreversible,False,7,144,2177,0.19759566598804668,2.5914983749971725,7.12842461251066,7.12842461251066,True,0.07624765186743156
L4_S7_reversible_irreversible_irreversible_TriFalseTrueFalse_i2,101618337,4,7,reversible,irreversible,False,6,102,1423,0.1396837920183316,0.670883041981142,7.022392129112747,7.022392129112747,True,0.2082088576834964
L4_S7_reversible_irreversible_irreversible_TriFalseTrueFalse_i3,1486485933,4,7,reversible,irreversible,False,6,88,1157,0.10680533299455419,0.16468245899886824,5.963860096520305,5.963860096520305,True,0.6485531792231437
L4_S7_reversible_irreversible_irreversible_TriFalseTrueFalse_i4,2601383797,4,7,reversible,irreversible,False,6,102,1421,0.14246483400347643,2.615207416994963,9.910649165119773,9.910649165119771,True,0.05447553911907374
L4_S7_reversible_irreversible_irreversible_TriFalseFalseTrue_i0,1356275664,4,7,reversible,irreversible,True,6,102,1423,0.18634375001420267,0.5134426250006072,7.31335718932335,7.31335718932335,True,0.36293003458965306
L4_S7_reversible_irreversible_irreversible_TriFalseFalseTrue_i1,3389294537,4,7,reversible,irreversible,True,7,130,1917,0.1458398329850752,0.09703391598304734,3.5399643259574147,3.5399643259574147,True,1.5029779021551266
L4_S7_reversible_irreversible_irreversible_TriFalseFalseTrue_i2,165401438,4,7,reversible,irreversible,True,6,88,1156,0.13646783397416584,0.4298225420061499,8.210682375303906,8.210682375303904,True,0.31749808425523474
L4_S7_reversible_irreversible_irreversible_TriFalseFalseTrue_i3,811155176,4,7,reversible,irreversible,True,6,102,1419,0.13908224998158403,0.6681312499858905,8.9127702620629,8.9127702620629,True,0.20816605985179573
L4_S7_reversible_irreversible_irreversible_TriFalseFalseTrue_i4,1443576340,4,7,reversible,irreversible,True,7,137,2002,0.1727594580152072,3.127097999997204,8.317184054178748,8.31718405417875,True,0.05524593663521761
L4_S7_reversible_irreversible_irreversible_TriFalseFalseFalse_i0,2927855959,4,7,reversible,irreversible,False,7,151,2352,0.23030208301497623,1.3582736249954905,6.335885077517478,6.335885077517478,True,0.16955499879207758
L4_S7_reversible_irreversible_irreversible_TriFalseFalseFalse_i1,3689514460,4,7,reversible,irreversible,False,6,102,1421,0.1558446660055779,3.0836321670212783,8.795586571959289,8.795586571959289,True,0.050539317763564885
L4_S7_reversible_irreversible_irreversible_TriFalseFalseFalse_i2,3164968856,4,7,reversible,irreversible,False,7,151,2351,0.24996887499582954,6.20283512500464,7.171956362232454,7.1719563622324545,True,0.040299132560829336
L4_S7_reversible_irreversible_irreversible_TriFalseFalseFalse_i3,3105323053,4,7,reversible,irreversible,False,6,60,692,0.11073633300838992,0.1835289169976022,10.414117232080866,10.414117232080864,True,0.6033726685504498
L4_S7_reversible_irreversible_tree_TriTrueTrueTrue_i0,719697779,4,7,reversible,irreversible,True,6,102,1423,0.14822249999269843,0.8291885000071488,9.348694984603576,9.348694984603574,True,0.17875609684970842
L4_S7_reversible_irreversible_tree_TriTrueTrueTrue_i1,3026570357,4,7,reversible,irreversible,True,7,151,2355,0.1845905420195777,0.3889035410247743,4.095206660908072,4.095206660908072,True,0.47464350943818023
L4_S7_reversible_irreversible_tree_TriTrueTrueTrue_i2,2445986413,4,7,reversible,irreversible,True,5,53,487,0.03578891701181419,0.18149033401277848,8.002069274398918,8.002069274398918,True,0.1971946165028256
L4_S7_reversible_irreversible_tree_TriTrueTrueTrue_i3,2037841311,4,7,reversible,irreversible,True,7,130,1915,0.2247434580058325,0.3014448329922743,7.806681222065885,7.806681222065885,True,0.7455541865799312
L4_S7_reversible_irreversible_tree_TriTrueTrueTrue_i4,2006568270,4,7,reversible,irreversible,True,7,151,2350,0.2537386250041891,6.629130957997404,8.882412654136148,8.882412654136148,True,0.038276302968461004
L4_S7_reversible_irreversible_tree_TriTrueTrueFalse_i0,2576347425,4,7,reversible,irreversible,False,6,102,1424,0.12863583301077597,0.5378710000077263,6.477905406581505,6.477905406581505,True,0.23915740534397797
L4_S7_reversible_irreversible_tree_TriTrueTrueFalse_i1,4015449133,4,7,reversible,irreversible,False,6,88,1158,0.1076125000254251,0.2718520000053104,8.175880345986526,8.175880345986526,True,0.39584957854815633
L4_S7_reversible_irreversible_tree_TriTrueTrueFalse_i2,1399496623,4,7,reversible,irreversible,False,6,102,1422,0.14390000002458692,0.5449996670067776,7.202803834953884,7.202803834953884,True,0.26403685813400785
L4_S7_reversible_irreversible_tree_TriTrueTrueFalse_i3,1431256666,4,7,reversible,irreversible,False,6,102,1416,0.1276303749764338,0.27583125000819564,9.135777743065393,9.135777743065393,True,0.4627118011825338
L4_S7_reversible_irreversible_tree_TriTrueTrueFalse_i4,3498754118,4,7,reversible,irreversible,False,6,102,1424,0.19882587500615045,5.456188957992708,6.082813229576476,6.082813229576476,True,0.036440430582678464
L4_S7_reversible_irreversible_tree_TriTrueFalseTrue_i0,1667057981,4,7,reversible,irreversible,True,5,32,241,0.016307834011968225,0.11321791697992012,6.4841630413182045,6.4841630413182045,True,0.1440393384981741
L4_S7_reversible_irreversible_tree_TriTrueFalseTrue_i1,3542013215,4,7,reversible,irreversible,True,7,151,2349,0.23432729198248126,4.219348415994318,10.01889244101184,10.01889244101184,True,0.05553636932154702
L4_S7_reversible_irreversible_tree_TriTrueFalseTrue_i2,4026598665,4,7,reversible,irreversible,True,7,130,1917,0.1671228329942096,0.7125832499878015,3.8175157314481996,3.8175157314481996,True,0.2345309586810237
L4_S7_reversible_irreversible_tree_TriTrueFalseTrue_i3,790913014,4,7,reversible,irreversible,True,7,144,2174,0.21512937499210238,8.192644958005985,9.54566778357316,9.545667783573158,True,0.02625884266540998
L4_S7_reversible_irreversible_tree_TriTrueFalseTrue_i4,2876475383,4,7,reversible,irreversible,True,5,53,493,0.03049375000409782,0.031794542010175064,3.550316523571082,3.550316523571082,True,0.959087538837688
L4_S7_reversible_irreversible_tree_TriTrueFalseFalse_i0,1234364745,4,7,reversible,irreversible,False,6,102,1414,0.13252816698513925,1.2201578749809414,7.238385528711325,7.238385528711325,True,0.1086155895019681
L4_S7_reversible_irreversible_tree_TriTrueFalseFalse_i1,3718811036,4,7,reversible,irreversible,False,7,151,2354,0.2751277079805732,4.975826999987476,8.830315039489543,8.830315039489543,True,0.055292860448318
L4_S7_reversible_irreversible_tree_TriTrueFalseFalse_i2,953699614,4,7,reversible,irreversible,False,6,88,1078,0.09587895797449164,0.3108842090005055,7.847733160888685,7.847733160888685,True,0.3084072940672533
L4_S7_reversible_irreversible_tree_TriTrueFalseFalse_i4,3883774736,4,7,reversible,irreversible,False,7,151,2355,0.2569277080183383,5.67372974997852,5.907546204925198,5.907546204925198,True,0.045283740906769
L4_S7_reversible_irreversible_tree_TriFalseTrueTrue_i0,3029882685,4,7,reversible,irreversible,True,5,53,489,0.03511691701714881,0.1869670000160113,8.967455423914831,8.967455423914831,True,0.187824144508482
L4_S7_reversible_irreversible_tree_TriFalseTrueTrue_i1,3711271872,4,7,reversible,irreversible,True,6,102,1419,0.12909158298862167,2.4642314160009846,8.92154780623995,8.92154780623995,True,0.05238614445786448
L4_S7_reversible_irreversible_tree_TriFalseTrueTrue_i2,3703930628,4,7,reversible,irreversible,True,6,95,1246,0.16097100000479259,0.29783533298177645,7.441847004009196,7.441847004009196,True,0.5404697886337484
L4_S7_reversible_irreversible_tree_TriFalseTrueTrue_i3,1258018858,4,7,reversible,irreversible,True,6,102,1421,0.1320274579920806,0.7642113750043791,8.918089477760095,8.918089477760095,True,0.17276301051991153
L4_S7_reversible_irreversible_tree_TriFalseTrueTrue_i4,2977700141,4,7,reversible,irreversible,True,6,102,1419,0.1431917909940239,0.6396898749808315,9.610926033446226,9.610926033446226,True,0.22384564203782192
L4_S7_reversible_irreversible_tree_TriFalseTrueFalse_i0,3124761555,4,7,reversible,irreversible,False,6,102,1417,0.1477607089909725,0.4935603330086451,10.617970675782393,10.617970675782395,True,0.29937719628089954
L4_S7_reversible_irreversible_tree_TriFalseTrueFalse_i1,2731472587,4,7,reversible,irreversible,False,6,102,1424,0.19218858299427666,0.859722833003616,4.960763524805254,4.960763524805254,True,0.22354714262883976
L4_S7_reversible_irreversible_tree_TriFalseTrueFalse_i2,2260886033,4,7,reversible,irreversible,False,6,102,1414,0.11391658300999552,0.22855633302242495,9.75146086133072,9.75146086133072,True,0.4984179655192515
L4_S7_reversible_irreversible_tree_TriFalseTrueFalse_i3,3563315625,4,7,reversible,irreversible,False,5,53,488,0.03009108401602134,0.11790124999242835,7.037707370038001,7.037707370038001,True,0.2552227712830104
L4_S7_reversible_irreversible_tree_TriFalseTrueFalse_i4,4157546017,4,7,reversible,irreversible,False,7,144,2171,0.2067738749901764,5.746532707998995,11.634922760075828,11.634922760075826,True,0.03598237153794866
L4_S7_reversible_irreversible_tree_TriFalseFalseTrue_i0,1009340943,4,7,reversible,irreversible,True,6,88,1156,0.09885616699466482,0.35186850000172853,4.305012071499183,4.305012071499183,True,0.2809463385134868
L4_S7_reversible_irreversible_tree_TriFalseFalseTrue_i1,3630826631,4,7,reversible,irreversible,True,5,46,403,0.025192458007950336,0.050233415997354314,6.458861443443362,6.458861443443361,True,0.5015079505596278
L4_S7_reversible_irreversible_tree_TriFalseFalseTrue_i2,3376697518,4,7,reversible,irreversible,True,7,151,2349,0.1922425420198124,4.305228374985745,9.143503327908904,9.143503327908904,True,0.044653273933649484
L4_S7_reversible_irreversible_tree_TriFalseFalseTrue_i3,3180366598,4,7,reversible,irreversible,True,6,102,1422,0.17305562499677762,0.3563031670055352,6.29847991354133,6.298479913541329,True,0.48569768819481607
L4_S7_reversible_irreversible_tree_TriFalseFalseTrue_i4,3610799944,4,7,reversible,irreversible,True,6,102,1420,0.13444604200776666,0.2182746659964323,7.275662147305193,7.275662147305193,True,0.6159489044597383
L4_S7_reversible_irreversible_tree_TriFalseFalseFalse_i0,2761092061,4,7,reversible,irreversible,False,5,53,490,0.03770612500375137,0.2047509579861071,6.853765681722659,6.853765681722659,True,0.18415603614491413
L4_S7_reversible_irreversible_tree_TriFalseFalseFalse_i1,838213157,4,7,reversible,irreversible,False,7,151,2355,0.22542204198543914,0.4336371250101365,5.57026968087947,5.57026968087947,True,0.5198402730401127
L4_S7_reversible_irreversible_tree_TriFalseFalseFalse_i2,1501893996,4,7,reversible,irreversible,False,7,151,2354,0.2780898750061169,4.099858582980232,5.892738386650567,5.892738386650567,True,0.06782913832509345
L4_S7_reversible_irreversible_tree_TriFalseFalseFalse_i3,2448619052,4,7,reversible,irreversible,False,7,137,2010,0.24284591700416058,10.165500541013898,10.424326245109716,10.424326245109716,True,0.02388922375248333
L4_S7_reversible_irreversible_tree_TriFalseFalseFalse_i4,1546977108,4,7,reversible,irreversible,False,6,102,1420,0.14443095901515335,0.6966760000213981,8.501741853673824,8.501741853673824,True,0.20731438832886856
L4_S7_reversible_tree_tree_TriTrueTrueTrue_i0,2472807010,4,7,reversible,tree,True,6,46,472,0.036113708978518844,0.07471883299876936,,9.410104627146964,False,0.4833280586138918
L4_S7_reversible_tree_tree_TriTrueTrueTrue_i1,2205512005,4,7,reversible,tree,True,5,18,123,0.00771362500381656,0.0038776249857619405,4.637273733639914,4.637273733639914,True,1.9892648316624222
L4_S7_reversible_tree_tree_TriTrueTrueTrue_i2,3001635529,4,7,reversible,tree,True,6,46,473,0.037382041016826406,0.1448680419998709,7.603723397411468,7.603723397411468,True,0.2580420101130221
L4_S7_reversible_tree_tree_TriTrueTrueTrue_i3,863049902,4,7,reversible,tree,True,6,32,318,0.02715662500122562,0.02183616699767299,5.90079829801805,5.90079829801805,True,1.2436534195981463
L4_S7_reversible_tree_tree_TriTrueTrueTrue_i4,4107907560,4,7,reversible,tree,True,7,74,823,0.06272037501912564,0.48432716698152944,,12.233173753283346,False,0.12950001396889957
L4_S7_reversible_tree_tree_TriTrueTrueFalse_i0,3821669355,4,7,reversible,tree,False,7,102,1186,0.12510445798397996,0.8386311659996863,8.238817959815025,8.238817959815025,True,0.14917697184038325
L4_S7_reversible_tree_tree_TriTrueTrueFalse_i1,124828583,4,7,reversible,tree,False,6,46,472,0.039052083011483774,1269.1123004170076,,,False,3.077117998038565e-05
L4_S7_reversible_tree_tree_TriTrueTrueFalse_i3,2884266038,4,7,reversible,tree,False,6,32,319,0.022538333985721692,0.016034416999900714,4.524443456591161,4.524443456591161,True,1.405622205050489
L4_S7_reversible_tree_tree_TriTrueTrueFalse_i4,3373500880,4,7,reversible,tree,False,6,32,316,0.022989166987827048,0.0366813330037985,8.843381306716914,8.843381306716912,True,0.6267265793944797
L4_S7_reversible_tree_tree_TriTrueFalseTrue_i0,2905687043,4,7,reversible,tree,True,5,18,120,0.006751917011570185,0.025434291019337252,,9.123794977212633,False,0.26546510539537804
L4_S7_reversible_tree_tree_TriTrueFalseTrue_i1,4036034837,4,7,reversible,tree,True,7,60,669,0.047325665975222364,382.46933716599597,,22.425095048751775,False,0.00012373715060603343
L4_S7_reversible_tree_tree_TriTrueFalseTrue_i2,1108021025,4,7,reversible,tree,True,5,18,123,0.009753166988957673,0.013208917021984234,5.621036814864804,5.621036814864804,True,0.7383774335433841
L4_S7_reversible_tree_tree_TriTrueFalseTrue_i3,3164142123,4,7,reversible,tree,True,6,32,319,0.025593999976990744,0.03923533399938606,6.313692672154747,6.313692672154746,True,0.6523201593000603
L4_S7_reversible_tree_tree_TriTrueFalseTrue_i4,1635215742,4,7,reversible,tree,True,7,53,562,0.04462837497703731,0.21281366699258797,4.4763060762976306,4.4763060762976306,True,0.209706337934045
L4_S7_reversible_tree_tree_TriTrueFalseFalse_i0,574077376,4,7,reversible,tree,False,6,32,317,0.02371599999605678,0.5118492920009885,,,False,0.04633395087254908
L4_S7_reversible_tree_tree_TriTrueFalseFalse_i1,1071828799,4,7,reversible,tree,False,6,46,473,0.03799458302091807,0.03560820801067166,3.354917793385284,3.354917793385284,True,1.0670175242324382
L4_S7_reversible_tree_tree_TriTrueFalseFalse_i2,1630383308,4,7,reversible,tree,False,6,53,522,0.040658250014530495,0.05996829201467335,7.456887067552644,7.4568870675526435,True,0.6779957869499807
L4_S7_reversible_tree_tree_TriTrueFalseFalse_i3,4127728541,4,7,reversible,tree,False,6,60,627,0.05014316600863822,0.06048587500117719,6.656381987792395,6.656381987792396,True,0.829006196548469
L4_S7_reversible_tree_tree_TriTrueFalseFalse_i4,3480864583,4,7,reversible,tree,False,6,46,473,0.043681290990207344,0.18843825001385994,6.172129783692681,6.172129783692681,True,0.23180692218903323
L4_S7_reversible_tree_tree_TriFalseTrueTrue_i0,387341063,4,7,reversible,tree,True,7,25,252,0.016434250021120533,0.02059329202165827,3.108448831463459,3.108448831463459,True,0.7980389539369148
L4_S7_reversible_tree_tree_TriFalseTrueTrue_i1,1285098767,4,7,reversible,tree,True,6,46,473,0.03408583399141207,3.099038374988595,,,False,0.010998842174885514
L4_S7_reversible_tree_tree_TriFalseTrueTrue_i2,1765195230,4,7,reversible,tree,True,5,18,122,0.007199874991783872,0.02878354099811986,,9.477669742335168,False,0.250138603242581
L4_S7_reversible_tree_tree_TriFalseTrueTrue_i3,1931547675,4,7,reversible,tree,True,7,88,977,0.08526070800144225,0.3263562920037657,10.081824656342679,10.08182465634268,True,0.26125038747286683
L4_S7_reversible_tree_tree_TriFalseTrueTrue_i4,1858464917,4,7,reversible,tree,True,5,18,123,0.009451291989535093,0.003471459000138566,3.549445934896888,3.549445934896888,True,2.7225697513892824
L4_S7_reversible_tree_tree_TriFalseTrueFalse_i0,229874269,4,7,reversible,tree,False,6,18,161,0.009123583004111424,0.005284916027449071,3.67899075706105,3.67899075706105,True,1.7263436600281317
L4_S7_reversible_tree_tree_TriFalseTrueFalse_i1,3643763337,4,7,reversible,tree,False,6,25,212,0.013628458022139966,0.23250724998069927,,13.028302445982893,False,0.05861519571822421
L4_S7_reversible_tree_tree_TriFalseTrueFalse_i3,2929411493,4,7,reversible,tree,False,7,67,773,0.05627054098295048,0.34502350000548176,,13.743090717977974,False,0.16309190770763307
L4_S7_reversible_tree_tree_TriFalseTrueFalse_i4,2057732499,4,7,reversible,tree,False,6,25,211,0.014834957983111963,0.08161308299168013,7.769341138155907,7.769341138155907,True,0.1817718098316721
L4_S7_reversible_tree_tree_TriFalseFalseTrue_i1,1454487589,4,7,reversible,tree,True,5,25,172,0.009186292008962482,0.21350604100734927,,10.496952495641729,False,0.043025911222907096
L4_S7_reversible_tree_tree_TriFalseFalseTrue_i2,2804323555,4,7,reversible,tree,True,6,32,319,0.02578987501328811,0.21138141700066626,6.9113262824914585,6.9113262824914585,True,0.12200634879460796
L4_S7_reversible_tree_tree_TriFalseFalseTrue_i3,124182826,4,7,reversible,tree,True,7,88,1031,0.08684004200040363,0.3366607920033857,8.195530654463402,8.1955306544634,True,0.25794521906068907
L4_S7_reversible_tree_tree_TriFalseFalseTrue_i4,456466899,4,7,reversible,tree,True,7,46,513,0.09600158300600015,10.010642583016306,,,False,0.009589952113491996
L4_S7_reversible_tree_tree_TriFalseFalseFalse_i0,2599749498,4,7,reversible,tree,False,7,46,515,0.042837792017962784,0.045910999993793666,3.613462523372953,3.613462523372953,True,0.9330615994139112
L4_S7_reversible_tree_tree_TriFalseFalseFalse_i1,2067904100,4,7,reversible,tree,False,6,39,368,0.035502999991877005,0.25079066600301303,6.520981840532819,6.520981840532819,True,0.1415642791501905
L4_S7_reversible_tree_tree_TriFalseFalseFalse_i2,1107786933,4,7,reversible,tree,False,6,46,473,0.034929290995933115,0.4401824999949895,,9.43113543975775,False,0.07935183910532306
L4_S7_reversible_tree_tree_TriFalseFalseFalse_i3,1037306747,4,7,reversible,tree,False,5,25,172,0.011039416975108907,0.06953787500970066,6.782097968386573,6.782097968386573,True,0.15875401448224977
L4_S7_reversible_tree_tree_TriFalseFalseFalse_i4,1871835483,4,7,reversible,tree,False,7,46,515,0.04879029199946672,0.05927054100902751,4.7275506738748785,4.727550673874878,True,0.8231794470857962
L4_S7_irreversible_irreversible_irreversible_TriTrueTrueTrue_i0,2904142967,4,7,irreversible,irreversible,True,7,130,1281,0.13757975000771694,0.47088274999987334,2.8332295105995327,2.8332295105995327,True,0.29217411280319744
L4_S7_irreversible_irreversible_irreversible_TriTrueTrueTrue_i1,661330376,4,7,irreversible,irreversible,True,7,133,1277,0.17271654200158082,27.459826625010464,12.299422615301811,12.299422615301811,True,0.006289789966772058
L4_S7_irreversible_irreversible_irreversible_TriTrueTrueTrue_i2,4287761716,4,7,irreversible,irreversible,True,6,88,774,0.08125141699565575,0.06048824999015778,6.944105987210394,6.944105987210394,True,1.3432594870180061
L4_S7_irreversible_irreversible_irreversible_TriTrueTrueTrue_i3,626146982,4,7,irreversible,irreversible,True,6,102,972,0.10292829098762013,0.19957816699752584,6.703000183553569,6.703000183553568,True,0.5157292103658158
L4_S7_irreversible_irreversible_irreversible_TriTrueTrueTrue_i4,4026167612,4,7,irreversible,irreversible,True,6,88,772,0.05041416600579396,0.26917816599598154,8.952336211178535,8.952336211178535,True,0.1872892091079087
L4_S7_irreversible_irreversible_irreversible_TriTrueTrueFalse_i0,791972611,4,7,irreversible,irreversible,False,6,92,816,0.07431104200077243,0.24974187498446554,5.922670069650595,5.922670069650595,True,0.2975513886401443
L4_S7_irreversible_irreversible_irreversible_TriTrueTrueFalse_i1,961715112,4,7,irreversible,irreversible,False,6,74,597,0.058307416999014094,0.21915237500797957,7.009904814536279,7.009904814536279,True,0.2660587946210132
L4_S7_irreversible_irreversible_irreversible_TriTrueTrueFalse_i2,2296161606,4,7,irreversible,irreversible,False,7,151,1620,0.21761279099155217,0.8983708750165533,2.41365579179826,2.41365579179826,True,0.24223046049362632
L4_S7_irreversible_irreversible_irreversible_TriTrueTrueFalse_i3,1278951034,4,7,irreversible,irreversible,False,7,130,1285,0.14525687499553896,4.9738530830072705,4.818165050297208,4.818165050297208,True,0.02920409439969028
L4_S7_irreversible_irreversible_irreversible_TriTrueTrueFalse_i4,1150760694,4,7,irreversible,irreversible,False,7,151,1604,0.25904133400763385,1.4957257499918342,10.66128713720731,10.66128713720731,True,0.17318772096813895
L4_S7_irreversible_irreversible_irreversible_TriTrueFalseTrue_i0,1928246201,4,7,irreversible,irreversible,True,5,24,89,0.006622332992265001,0.04171279101865366,,17.256662161237365,False,0.1587602428843301
L4_S7_irreversible_irreversible_irreversible_TriTrueFalseTrue_i1,2298626667,4,7,irreversible,irreversible,True,6,102,967,0.08983749998151325,0.2259871660207864,8.359646678470668,8.359646678470666,True,0.39753363505481687
L4_S7_irreversible_irreversible_irreversible_TriTrueFalseTrue_i2,1282323171,4,7,irreversible,irreversible,True,6,41,199,0.009871874994132668,0.054991915996652097,,,False,0.1795150184477778
L4_S7_irreversible_irreversible_irreversible_TriTrueFalseTrue_i3,417094280,4,7,irreversible,irreversible,True,7,104,895,0.07960179200745188,2.654386624984909,9.548838858757318,9.548838858757318,True,0.029988770749594804
L4_S7_irreversible_irreversible_irreversible_TriTrueFalseTrue_i4,2499691216,4,7,irreversible,irreversible,True,6,52,328,0.023871292010881007,0.08229354198556393,8.243970692666311,8.243970692666313,True,0.2900749092194092
L4_S7_irreversible_irreversible_irreversible_TriTrueFalseFalse_i0,647097889,4,7,irreversible,irreversible,False,7,130,1278,0.1653620410070289,3.375449415994808,5.95837940284976,5.95837940284976,True,0.04898963680938586
L4_S7_irreversible_irreversible_irreversible_TriTrueFalseFalse_i1,1718385971,4,7,irreversible,irreversible,False,6,102,973,0.10775758299860172,1.523420667013852,11.72450401039005,11.724504010390048,True,0.07073396420378741
L4_S7_irreversible_irreversible_irreversible_TriTrueFalseFalse_i2,4027174895,4,7,irreversible,irreversible,False,6,95,838,0.08287275000475347,1.795154374995036,9.822244830278299,9.8222448302783,True,0.046164692637544295
L4_S7_irreversible_irreversible_irreversible_TriTrueFalseFalse_i3,3892372541,4,7,irreversible,irreversible,False,6,102,982,0.09677287499653175,0.3101819999865256,4.475760374476657,4.475760374476657,True,0.3119873967178888
L4_S7_irreversible_irreversible_irreversible_TriFalseTrueTrue_i0,893750696,4,7,irreversible,irreversible,True,6,102,970,0.15054208401124924,1.8679153340053745,14.64563091166299,14.64563091166299,True,0.0805936335496791
L4_S7_irreversible_irreversible_irreversible_TriFalseTrueTrue_i1,3817119719,4,7,irreversible,irreversible,True,6,68,500,0.04577079199953005,0.17947191701387055,8.559351776185995,8.559351776185995,True,0.25503038305966413
L4_S7_irreversible_irreversible_irreversible_TriFalseTrueTrue_i2,3170069393,4,7,irreversible,irreversible,True,7,109,980,0.09684629199909978,0.08971820899751037,8.195521546611094,8.195521546611092,True,1.0794496680416072
L4_S7_irreversible_irreversible_irreversible_TriFalseTrueTrue_i3,3788185361,4,7,irreversible,irreversible,True,7,151,1618,0.17583691599429585,0.6434338330000173,4.656447915884346,4.656447915884345,True,0.27327893981137946
L4_S7_irreversible_irreversible_irreversible_TriFalseTrueTrue_i4,2213265337,4,7,irreversible,irreversible,True,6,88,775,0.09558749999268912,0.7064902499841992,7.200708640218905,7.200708640218905,True,0.13529910690137317
L4_S7_irreversible_irreversible_irreversible_TriFalseTrueFalse_i0,290162853,4,7,irreversible,irreversible,False,7,151,1614,0.17883658400387503,0.589120249991538,5.072295530900616,5.072295530900616,True,0.30356550076640265
L4_S7_irreversible_irreversible_irreversible_TriFalseTrueFalse_i1,683592694,4,7,irreversible,irreversible,False,7,151,1615,0.21003029099665582,3.03800329202204,7.394710560993002,7.394710560993001,True,0.06913431972870876
L4_S7_irreversible_irreversible_irreversible_TriFalseTrueFalse_i2,2305006274,4,7,irreversible,irreversible,False,7,140,1397,0.22320079201017506,15.172251792013412,7.590460313859896,7.590460313859896,True,0.014711118366289938
L4_S7_irreversible_irreversible_irreversible_TriFalseTrueFalse_i3,1021372888,4,7,irreversible,irreversible,False,6,102,980,0.1487209589977283,0.4509070409985725,5.9374129584128985,5.937412958412899,True,0.3298262061700051
L4_S7_irreversible_irreversible_irreversible_TriFalseTrueFalse_i4,2513777601,4,7,irreversible,irreversible,False,7,130,1275,0.1359202500025276,0.9131827499950305,7.067635024114577,7.067635024114577,True,0.14884233178345185
L4_S7_irreversible_irreversible_irreversible_TriFalseFalseTrue_i0,1269682438,4,7,irreversible,irreversible,True,6,102,978,0.10189879199606366,0.1374458339996636,5.382383370652993,5.382383370652992,True,0.7413741711148473
L4_S7_irreversible_irreversible_irreversible_TriFalseFalseTrue_i1,1899309344,4,7,irreversible,irreversible,True,6,102,978,0.10898787502082996,0.12009033301728778,2.710240887300466,2.710240887300466,True,0.9075491038699289
L4_S7_irreversible_irreversible_irreversible_TriFalseFalseTrue_i2,3879140241,4,7,irreversible,irreversible,True,6,74,598,0.05440500000258908,0.17421716699027456,6.315395833062636,6.315395833062636,True,0.3122826563546605
L4_S7_irreversible_irreversible_irreversible_TriFalseFalseTrue_i3,1811862236,4,7,irreversible,irreversible,True,7,109,977,0.1416494590230286,0.35231229101191275,7.315120281112485,7.315120281112485,True,0.40205653403157166
L4_S7_irreversible_irreversible_irreversible_TriFalseFalseTrue_i4,553369603,4,7,irreversible,irreversible,True,7,130,1271,0.14680966699961573,0.4637975830119103,8.644370946452453,8.644370946452453,True,0.3165382314622959
L4_S7_irreversible_irreversible_irreversible_TriFalseFalseFalse_i0,4050936331,4,7,irreversible,irreversible,False,6,102,979,0.11494941700948402,0.41447645900188945,2.9456506384370122,2.9456506384370122,True,0.27733641859651087
L4_S7_irreversible_irreversible_irreversible_TriFalseFalseFalse_i1,104641273,4,7,irreversible,irreversible,False,7,67,496,0.018162749998737127,1.2497718330123462,,20.012398096463972,False,0.014532852721145339
L4_S7_irreversible_irreversible_irreversible_TriFalseFalseFalse_i2,673498696,4,7,irreversible,irreversible,False,7,144,1484,0.21962116699432954,12.088709042000119,6.589772392154659,6.589772392154659,True,0.018167462399262528
L4_S7_irreversible_irreversible_irreversible_TriFalseFalseFalse_i3,157201002,4,7,irreversible,irreversible,False,7,151,1618,0.18077249999623746,0.5049480409943499,3.4387963582222794,3.4387963582222794,True,0.35800218034761727
L4_S7_irreversible_irreversible_irreversible_TriFalseFalseFalse_i4,1912007898,4,7,irreversible,irreversible,False,7,151,1613,0.1968756249989383,1.004044041997986,5.813688821336626,5.813688821336626,True,0.1960826582976233
L4_S7_irreversible_irreversible_tree_TriTrueTrueTrue_i0,1983830657,4,7,irreversible,irreversible,True,5,46,277,0.01813891698839143,0.21778016700409353,3.594813519409431,3.594813519409431,True,0.08329003120270566
L4_S7_irreversible_irreversible_tree_TriTrueTrueTrue_i1,1508296178,4,7,irreversible,irreversible,True,6,102,975,0.13163391599664465,2.111819999990985,7.544772970373687,7.544772970373687,True,0.06233197712630555
L4_S7_irreversible_irreversible_tree_TriTrueTrueTrue_i2,2834046233,4,7,irreversible,irreversible,True,6,102,979,0.12038154099718668,0.7273230419959873,4.685621088216464,4.685621088216464,True,0.16551316798834165
L4_S7_irreversible_irreversible_tree_TriTrueTrueTrue_i3,364548648,4,7,irreversible,irreversible,True,6,81,659,0.06526391598163173,0.2953307499992661,8.636750838148103,8.636750838148103,True,0.22098584641392083
L4_S7_irreversible_irreversible_tree_TriTrueTrueTrue_i4,1312349403,4,7,irreversible,irreversible,True,6,102,971,0.09163183299824595,0.5053946250118315,7.598821313986711,7.598821313986711,True,0.18130749375261623
L4_S7_irreversible_irreversible_tree_TriTrueTrueFalse_i0,489443603,4,7,irreversible,irreversible,False,7,140,1399,0.15917312502278946,3.9714205419877544,7.447203697649265,7.447203697649265,True,0.040079644877659144
L4_S7_irreversible_irreversible_tree_TriTrueTrueFalse_i1,458993787,4,7,irreversible,irreversible,False,6,100,937,0.09758458298165351,0.20026408400735818,6.370296097616035,6.370296097616034,True,0.48727949885806043
L4_S7_irreversible_irreversible_tree_TriTrueTrueFalse_i2,2203297617,4,7,irreversible,irreversible,False,7,151,1614,0.17087141700903885,0.7619653749861754,4.956958207835187,4.956958207835187,True,0.2242508943242836
L4_S7_irreversible_irreversible_tree_TriTrueTrueFalse_i4,1336453833,4,7,irreversible,irreversible,False,7,151,1620,0.15270708300522529,2.7825217919889838,1.8994579224519659,1.8994579224519659,True,0.05488082191844665
L4_S7_irreversible_irreversible_tree_TriTrueFalseTrue_i0,576839595,4,7,irreversible,irreversible,True,5,53,339,0.07008850001147948,0.15182220801943913,7.540995077104666,7.540995077104666,True,0.4616485326103076
L4_S7_irreversible_irreversible_tree_TriTrueFalseTrue_i1,1557301657,4,7,irreversible,irreversible,True,6,102,980,0.09884854199481197,35.16251054199529,4.493572167509332,4.493572167509331,True,0.002811191250805144
L4_S7_irreversible_irreversible_tree_TriTrueFalseTrue_i2,4049919669,4,7,irreversible,irreversible,True,7,95,730,0.08529262500815094,2.019551584002329,9.782502989922083,9.782502989922083,True,0.04223344708872716
L4_S7_irreversible_irreversible_tree_TriTrueFalseTrue_i3,2649605410,4,7,irreversible,irreversible,True,6,74,594,0.06803695901180618,0.0355826249870006,8.014715762775069,8.014715762775069,True,1.9120836960336238
L4_S7_irreversible_irreversible_tree_TriTrueFalseTrue_i4,1985307762,4,7,irreversible,irreversible,True,6,69,508,0.03852116601774469,0.18596270799753256,6.839408626810601,6.8394086268106005,True,0.20714457336850156
L4_S7_irreversible_irreversible_tree_TriTrueFalseFalse_i0,1846171016,4,7,irreversible,irreversible,False,5,46,276,0.021728583000367507,0.14116312499390915,4.646484438470741,4.646484438470741,True,0.15392534592429644
L4_S7_irreversible_irreversible_tree_TriTrueFalseFalse_i1,127788474,4,7,irreversible,irreversible,False,5,53,338,0.02074624999659136,0.04590800000005402,4.448906420748873,4.448906420748873,True,0.4519092433706044
L4_S7_irreversible_irreversible_tree_TriTrueFalseFalse_i3,4102021134,4,7,irreversible,irreversible,False,6,102,975,0.11026354198111221,0.0873762079863809,2.9902370685471062,2.9902370685471062,True,1.2619401008608497
L4_S7_irreversible_irreversible_tree_TriTrueFalseFalse_i4,1176750040,4,7,irreversible,irreversible,False,6,88,779,0.07579704202362336,0.14144087498425506,7.029574516415598,7.029574516415598,True,0.5358920573431754
L4_S7_irreversible_irreversible_tree_TriFalseTrueTrue_i0,408080837,4,7,irreversible,irreversible,True,6,102,974,0.11626695800805464,0.45839837499079295,4.634030884843069,4.634030884843069,True,0.2536373689299237
L4_S7_irreversible_irreversible_tree_TriFalseTrueTrue_i1,1349505990,4,7,irreversible,irreversible,True,6,84,711,0.06972845798009075,0.4808653329964727,7.08702759275898,7.08702759275898,True,0.14500620662458114
L4_S7_irreversible_irreversible_tree_TriFalseTrueTrue_i2,2564883048,4,7,irreversible,irreversible,True,6,102,965,0.09231037498102523,0.12877170799765736,5.255781816711721,5.255781816711721,True,0.7168529151283111
L4_S7_irreversible_irreversible_tree_TriFalseTrueTrue_i3,2811556211,4,7,irreversible,irreversible,True,5,53,335,0.02940916601801291,0.06453208401217125,6.252925803071238,6.252925803071238,True,0.45572936334640535
L4_S7_irreversible_irreversible_tree_TriFalseTrueTrue_i4,741881975,4,7,irreversible,irreversible,True,5,45,260,0.019073625007877126,0.2555921250022948,7.019083509383517,7.019083509383517,True,0.07462524494086284
L4_S7_irreversible_irreversible_tree_TriFalseTrueFalse_i0,428901772,4,7,irreversible,irreversible,False,6,102,971,0.08099670801311731,0.19458245899295434,9.320557198656896,9.320557198656896,True,0.41625904008023196
L4_S7_irreversible_irreversible_tree_TriFalseTrueFalse_i2,1830420112,4,7,irreversible,irreversible,False,6,99,910,0.08042345801368356,0.39957575002335943,6.072139187745522,6.072139187745522,True,0.20127211876023465
L4_S7_irreversible_irreversible_tree_TriFalseTrueFalse_i3,209383647,4,7,irreversible,irreversible,False,5,46,272,0.022636625013547018,0.3032072500209324,8.953503312947161,8.953503312947161,True,0.07465726804793418
L4_S7_irreversible_irreversible_tree_TriFalseTrueFalse_i4,1879978275,4,7,irreversible,irreversible,False,6,102,972,0.12127520801732317,1.3869287080015056,3.6151729407416973,3.6151729407416973,True,0.08744155862534064
L4_S7_irreversible_irreversible_tree_TriFalseFalseTrue_i0,1268497761,4,7,irreversible,irreversible,True,5,46,271,0.02100591699127108,0.12810499998158775,6.914526309049266,6.914526309049266,True,0.16397421513848795
L4_S7_irreversible_irreversible_tree_TriFalseFalseTrue_i1,961866667,4,7,irreversible,irreversible,True,5,33,154,0.013631750014610589,0.04650287498952821,8.94961102499176,8.94961102499176,True,0.2931377839443794
L4_S7_irreversible_irreversible_tree_TriFalseFalseTrue_i2,276130673,4,7,irreversible,irreversible,True,7,151,1606,0.2040799579990562,2.5511334580078255,6.975449912463887,6.975449912463887,True,0.07999579844734034
L4_S7_irreversible_irreversible_tree_TriFalseFalseTrue_i3,2585244545,4,7,irreversible,irreversible,True,7,130,1281,0.13836474998970516,0.2659797499945853,5.808068850484055,5.808068850484055,True,0.5202078333869932
L4_S7_irreversible_irreversible_tree_TriFalseFalseTrue_i4,219103326,4,7,irreversible,irreversible,True,6,102,974,0.14665791700826958,0.17238258398720063,6.212689401225933,6.212689401225933,True,0.8507699140209488
L4_S7_irreversible_irreversible_tree_TriFalseFalseFalse_i0,305894318,4,7,irreversible,irreversible,False,7,151,1601,0.1774030840024352,5.83356037500198,6.507593199081249,6.507593199081249,True,0.03041077362158341
L4_S7_irreversible_irreversible_tree_TriFalseFalseFalse_i1,3653830811,4,7,irreversible,irreversible,False,7,79,559,0.042381292005302384,0.22439720798865892,5.9240671083031735,5.9240671083031735,True,0.18886728670250236
L4_S7_irreversible_irreversible_tree_TriFalseFalseFalse_i2,1814938808,4,7,irreversible,irreversible,False,6,86,701,0.06726895898464136,1.2872024170064833,6.735840645342949,6.735840645342949,True,0.0522598140305098
L4_S7_irreversible_irreversible_tree_TriFalseFalseFalse_i3,2301030642,4,7,irreversible,irreversible,False,6,88,771,0.05746012498275377,0.5383477499999572,9.960605131823543,9.960605131823545,True,0.1067342157109863
L4_S7_irreversible_irreversible_tree_TriFalseFalseFalse_i4,152400513,4,7,irreversible,irreversible,False,6,88,772,0.06937954100430943,0.19733537500724196,8.566683463345528,8.566683463345528,True,0.35158187248576905
L4_S7_irreversible_tree_tree_TriTrueTrueTrue_i0,2031569228,4,7,irreversible,tree,True,7,67,459,0.020145249989582226,0.027081666979938745,0.8733142404284266,0.8733142404284266,True,0.743870355566917
L4_S7_irreversible_tree_tree_TriTrueTrueTrue_i2,278561758,4,7,irreversible,tree,True,6,32,191,0.007140249974327162,0.01789891699445434,,8.363884003052236,False,0.39892076026827106
L4_S7_irreversible_tree_tree_TriTrueTrueTrue_i3,943483182,4,7,irreversible,tree,True,6,34,148,0.005248000001301989,0.009724958013975993,,3.4771822287914267,False,0.5396423772850818
L4_S7_irreversible_tree_tree_TriTrueTrueTrue_i4,3565109793,4,7,irreversible,tree,True,6,38,150,0.00919962499756366,0.028065582999261096,7.203755899884034,7.203755899884034,True,0.327790257199204
L4_S7_irreversible_tree_tree_TriTrueTrueFalse_i0,1608399458,4,7,irreversible,tree,False,5,25,107,0.007299165998119861,0.07332950001000427,4.4888290822766415,4.4888290822766415,True,0.0995392836114355
L4_S7_irreversible_tree_tree_TriTrueTrueFalse_i1,3145607249,4,7,irreversible,tree,False,6,26,112,0.004167667008005083,0.039216292003402486,,,False,0.10627386447881464
L4_S7_irreversible_tree_tree_TriTrueTrueFalse_i2,306429272,4,7,irreversible,tree,False,7,79,429,0.04009158400003798,0.4802760829916224,8.670306615733228,8.670306615733228,True,0.0834761199575728
L4_S7_irreversible_tree_tree_TriTrueTrueFalse_i4,4174846471,4,7,irreversible,tree,False,6,46,278,0.010764582984847948,0.5747002080024686,,3.7442100729644605,False,0.018730779659072144
L4_S7_irreversible_tree_tree_TriTrueFalseTrue_i0,2719991571,4,7,irreversible,tree,True,7,37,193,0.007256957993377,0.21172091699554585,,,False,0.034276055772295824
L4_S7_irreversible_tree_tree_TriTrueFalseTrue_i1,698682911,4,7,irreversible,tree,True,6,52,303,0.020872958994004875,0.11533241599681787,7.902044513674629,7.902044513674628,True,0.18098085115636464
L4_S7_irreversible_tree_tree_TriTrueFalseTrue_i2,166148024,4,7,irreversible,tree,True,6,41,207,0.007887332991231233,0.05848283300292678,,6.847517537756234,False,0.13486577943258546
L4_S7_irreversible_tree_tree_TriTrueFalseTrue_i3,3492611644,4,7,irreversible,tree,True,5,24,73,0.003135292005026713,0.07897254201816395,,14.438722371007541,False,0.0397010389333111
L4_S7_irreversible_tree_tree_TriTrueFalseTrue_i4,3668878599,4,7,irreversible,tree,True,7,46,300,0.013630542001919821,0.204801874991972,3.547504518737805,3.5475045187378047,True,0.06655477121925447
L4_S7_irreversible_tree_tree_TriTrueFalseFalse_i0,1749742341,4,7,irreversible,tree,False,6,32,182,0.008116124983644113,0.17593683299492113,,,False,0.04613090277547228
L4_S7_irreversible_tree_tree_TriTrueFalseFalse_i1,2931723718,4,7,irreversible,tree,False,5,32,134,0.011070250009652227,0.022644540993496776,3.6558494920053723,3.6558494920053723,True,0.48887056372486853
L4_S7_irreversible_tree_tree_TriTrueFalseFalse_i2,1161958763,4,7,irreversible,tree,False,6,32,186,0.013274249999085441,0.06449625000823289,4.70868244286921,4.70868244286921,True,0.20581428829702048
L4_S7_irreversible_tree_tree_TriTrueFalseFalse_i3,3539877242,4,7,irreversible,tree,False,5,25,107,0.00479616699158214,0.22749941700021736,,11.646728383282433,False,0.02108210664335659
L4_S7_irreversible_tree_tree_TriFalseTrueTrue_i0,2827276518,4,7,irreversible,tree,True,6,38,193,0.008190749998902902,0.44011545801186003,,,False,0.018610457395185888
L4_S7_irreversible_tree_tree_TriFalseTrueTrue_i1,3071383506,4,7,irreversible,tree,True,5,25,105,0.004011415992863476,0.018635416985489428,,12.904530128180374,False,0.21525763446717364
L4_S7_irreversible_tree_tree_TriFalseTrueTrue_i2,2845925308,4,7,irreversible,tree,True,6,14,34,0.0016937080072239041,0.006324624991975725,,5.014789892368089,False,0.2677957573100403
L4_S7_irreversible_tree_tree_TriFalseTrueTrue_i3,784464362,4,7,irreversible,tree,True,6,18,51,0.002061500010313466,0.0031904589850455523,,5.3342855571849785,False,0.646145076251139
L4_S7_irreversible_tree_tree_TriFalseTrueTrue_i4,594103139,4,7,irreversible,tree,True,6,22,90,0.006055875011952594,0.009503416978986934,5.800922858819915,5.800922858819915,True,0.6372312598838414
L4_S7_irreversible_tree_tree_TriFalseTrueFalse_i0,2004387573,4,7,irreversible,tree,False,7,23,119,0.010304249997716397,0.02334541699383408,2.6597828221389905,2.6597828221389905,True,0.4413821162010432
L4_S7_irreversible_tree_tree_TriFalseTrueFalse_i1,2087170759,4,7,irreversible,tree,False,5,18,78,0.0051912079798057675,0.014426249981625006,3.1050330043656857,3.1050330043656857,True,0.3598445629718982
L4_S7_irreversible_tree_tree_TriFalseTrueFalse_i2,2688169788,4,7,irreversible,tree,False,7,58,369,0.012422791012795642,1582.4964587909926,,,False,7.850122471856049e-06
L4_S7_irreversible_tree_tree_TriFalseTrueFalse_i3,162120827,4,7,irreversible,tree,False,7,52,276,0.02272574999369681,0.4286127080267761,5.972127151939997,5.972127151939997,True,0.05302164288431563
L4_S7_irreversible_tree_tree_TriFalseTrueFalse_i4,208417741,4,7,irreversible,tree,False,5,18,76,0.004021667002234608,0.003574958012904972,2.792874670143776,2.792874670143776,True,1.1249547163246065
L4_S7_irreversible_tree_tree_TriFalseFalseTrue_i0,2676433481,4,7,irreversible,tree,True,6,41,223,0.007326082995859906,1.159081874997355,,,False,0.006320591450501313
L4_S7_irreversible_tree_tree_TriFalseFalseTrue_i1,2526094733,4,7,irreversible,tree,True,6,45,231,0.015091209003003314,0.09049433399923146,3.7180026398033883,3.7180026398033883,True,0.16676412952403571
L4_S7_irreversible_tree_tree_TriFalseFalseTrue_i2,977546206,4,7,irreversible,tree,True,5,32,113,0.008448374981526285,0.026421583985211328,6.831661056830269,6.831661056830269,True,0.3197527697999573
L4_S7_irreversible_tree_tree_TriFalseFalseTrue_i3,1319179691,4,7,irreversible,tree,True,6,28,142,0.00758783399942331,0.010244667006190866,3.856701792274515,3.856701792274515,True,0.7406617759441275
L4_S7_irreversible_tree_tree_TriFalseFalseTrue_i4,2061896319,4,7,irreversible,tree,True,6,32,193,0.008942959015257657,0.03907658299431205,1.0844506024041538,1.0844506024041538,True,0.22885723625584534
L4_S7_irreversible_tree_tree_TriFalseFalseFalse_i0,3869668497,4,7,irreversible,tree,False,7,88,610,0.060171374992933124,0.10863566698390059,2.7007218281282954,2.7007218281282954,True,0.5538823124082074
L4_S7_irreversible_tree_tree_TriFalseFalseFalse_i1,1682836756,4,7,irreversible,tree,False,6,34,155,0.008679916005348787,0.008596167026553303,5.766940447320035,5.766940447320035,True,1.0097424781061501
L4_S7_irreversible_tree_tree_TriFalseFalseFalse_i2,2865443776,4,7,irreversible,tree,False,6,46,279,0.009129749989369884,6.23858691600617,,,False,0.0014634323623002677
L4_S7_irreversible_tree_tree_TriFalseFalseFalse_i3,3979017844,4,7,irreversible,tree,False,6,40,215,0.017106000013882294,0.09648183299577795,6.683375325680679,6.683375325680679,True,0.17729762490450643
L4_S7_irreversible_tree_tree_TriFalseFalseFalse_i4,3623043728,4,7,irreversible,tree,False,6,51,293,0.022210291994269937,0.03792312502628192,8.40978075298338,8.40978075298338,True,0.5856661705281759
L4_S7_tree_tree_tree_TriTrueTrueTrue_i0,1862462775,4,7,tree,tree,True,7,16,33,0.0020182089938316494,0.0028242920234333724,,,False,0.7145890943632326
L4_S7_tree_tree_tree_TriTrueTrueTrue_i1,1676019440,4,7,tree,tree,True,5,12,21,0.0015699579962529242,0.0016840000171214342,3.137066020694227,3.137066020694227,True,0.9322785320738994
L4_S7_tree_tree_tree_TriTrueTrueTrue_i2,2497109945,4,7,tree,tree,True,5,8,15,0.0007539590005762875,0.0010579160007182509,,0.28603948139010404,False,0.7126825640049292
L4_S7_tree_tree_tree_TriTrueTrueTrue_i3,1842621520,4,7,tree,tree,True,6,25,62,0.002387374988757074,0.0069459169753827155,,3.9117586884363313,False,0.34370906728502376
L4_S7_tree_tree_tree_TriTrueTrueTrue_i4,3811055333,4,7,tree,tree,True,7,28,78,0.0029314169951248914,0.003310125001007691,,1.1117664517938461,False,0.8855907582468129
L4_S7_tree_tree_tree_TriTrueTrueFalse_i0,1495540324,4,7,tree,tree,False,6,17,38,0.0016889999969862401,0.004242792027071118,,,False,0.39808682304547605
L4_S7_tree_tree_tree_TriTrueTrueFalse_i1,2353315882,4,7,tree,tree,False,6,16,36,0.0014815829927101731,0.00254620797932148,,2.137700541100777,False,0.5818780016654365
L4_S7_tree_tree_tree_TriTrueTrueFalse_i2,1685685608,4,7,tree,tree,False,7,16,38,0.001564000005600974,0.00479750000522472,,,False,0.3260030594882001
L4_S7_tree_tree_tree_TriTrueTrueFalse_i3,3659458525,4,7,tree,tree,False,5,10,16,0.0010839999886229634,0.0011747500102501363,2.762715662567815,2.762715662567815,True,0.9227487179535607
L4_S7_tree_tree_tree_TriTrueTrueFalse_i4,2453936208,4,7,tree,tree,False,5,8,14,0.0006523329939227551,0.0007772090029902756,,0.4019762384812893,False,0.8393265544871237
L4_S7_tree_tree_tree_TriTrueFalseTrue_i0,582434397,4,7,tree,tree,True,7,35,100,0.0035226249892730266,0.022165709000546485,,4.593334733623377,False,0.15892227179667054
L4_S7_tree_tree_tree_TriTrueFalseTrue_i1,2854689301,4,7,tree,tree,True,7,28,75,0.002943458006484434,0.010474042006535456,,,False,0.2810240519967136
L4_S7_tree_tree_tree_TriTrueFalseTrue_i2,4075009206,4,7,tree,tree,True,5,7,9,0.0006702079845126718,0.0006345830042846501,,1.367501223345286,False,1.0561375326000846
L4_S7_tree_tree_tree_TriTrueFalseTrue_i3,3180779439,4,7,tree,tree,True,7,18,41,0.0016776669945102185,0.0028376250120345503,,,False,0.5912220241128068
L4_S7_tree_tree_tree_TriTrueFalseTrue_i4,4045497183,4,7,tree,tree,True,6,18,41,0.0016799580189399421,0.0032267920032609254,,2.5744853160763306,False,0.5206277617567082
L4_S7_tree_tree_tree_TriTrueFalseFalse_i0,2192613492,4,7,tree,tree,False,5,7,9,0.0005057079833932221,0.0005943329888395965,,0.09890416404576635,False,0.8508818154260172
L4_S7_tree_tree_tree_TriTrueFalseFalse_i1,2662640725,4,7,tree,tree,False,6,11,17,0.0007948749989736825,0.0010464170190971345,,2.2265934424249134,False,0.7596151676167742
L4_S7_tree_tree_tree_TriTrueFalseFalse_i2,2048958098,4,7,tree,tree,False,6,16,38,0.001541291014291346,0.007554000010713935,,,False,0.20403637914600667
L4_S7_tree_tree_tree_TriTrueFalseFalse_i3,191328062,4,7,tree,tree,False,5,11,17,0.0008375420002266765,0.0012137079902458936,,2.633964111716955,False,0.690068218129449
L4_S7_tree_tree_tree_TriTrueFalseFalse_i4,1795266468,4,7,tree,tree,False,6,22,56,0.0021237090113572776,0.003484957996988669,,1.2973475455631145,False,0.6093928259105376
L4_S7_tree_tree_tree_TriFalseTrueTrue_i0,1837713943,4,7,tree,tree,True,7,40,121,0.0060508330061566085,0.015350750007200986,3.099426248697616,3.099426248697616,True,0.3941717902477985
L4_S7_tree_tree_tree_TriFalseTrueTrue_i1,3894479194,4,7,tree,tree,True,6,22,53,0.00237800000468269,0.018484333995729685,,,False,0.12864947563610288
L4_S7_tree_tree_tree_TriFalseTrueTrue_i2,2069030687,4,7,tree,tree,True,6,11,17,0.0010462499922141433,0.0017323329811915755,,,False,0.6039539739874447
L4_S7_tree_tree_tree_TriFalseTrueTrue_i3,1549894537,4,7,tree,tree,True,7,35,93,0.0035905000113416463,0.06340404198272154,,,False,0.05662888110021795
L4_S7_tree_tree_tree_TriFalseTrueTrue_i4,2260890058,4,7,tree,tree,True,6,19,42,0.001975291990675032,0.09991258298396133,,13.391881789954837,False,0.01977020222990249
L4_S7_tree_tree_tree_TriFalseTrueFalse_i0,3272773581,4,7,tree,tree,False,6,16,38,0.002319582999916747,0.0034928749955724925,1.8016269068100152,1.8016269068100152,True,0.6640897079819065
L4_S7_tree_tree_tree_TriFalseTrueFalse_i1,1853688233,4,7,tree,tree,False,7,13,22,0.0010888749966397882,0.005082708987174556,,,False,0.21423118757265283
L4_S7_tree_tree_tree_TriFalseTrueFalse_i2,583074248,4,7,tree,tree,False,6,20,50,0.0019355420081410557,0.0026442919916007668,,1.3295953764224124,False,0.7319695715599742
L4_S7_tree_tree_tree_TriFalseTrueFalse_i3,3084572202,4,7,tree,tree,False,7,20,49,0.0019648750021588057,0.06333483301568776,,,False,0.031023607035460372
L4_S7_tree_tree_tree_TriFalseTrueFalse_i4,24850852,4,7,tree,tree,False,6,30,78,0.003057750000152737,0.22335237500374205,,,False,0.013690250602489705
L4_S7_tree_tree_tree_TriFalseFalseTrue_i0,2418882866,4,7,tree,tree,True,6,12,28,0.0018351659819018096,0.0014633329992648214,0.3624423091364548,0.3624423091364548,True,1.2540991891282487
L4_S7_tree_tree_tree_TriFalseFalseTrue_i1,3362195063,4,7,tree,tree,True,6,10,16,0.0007952080050017685,0.001531499990960583,,,False,0.5192344044798827
L4_S7_tree_tree_tree_TriFalseFalseTrue_i2,2391656432,4,7,tree,tree,True,6,20,45,0.001819208002416417,0.0076050830248277634,,2.3158982172501865,False,0.23920945468549476
L4_S7_tree_tree_tree_TriFalseFalseTrue_i3,401294869,4,7,tree,tree,True,7,16,31,0.001361624978017062,0.008613582991529256,,,False,0.1580787950005604
L4_S7_tree_tree_tree_TriFalseFalseTrue_i4,2989563116,4,7,tree,tree,True,6,8,12,0.0007493749726563692,0.0010959590144921094,1.717960542753756,1.717960542753756,True,0.6837612346684429
L4_S7_tree_tree_tree_TriFalseFalseFalse_i0,2708667606,4,7,tree,tree,False,5,18,32,0.0014303339994512498,0.012081584020052105,,6.856572491298807,False,0.1183895984738169
L4_S7_tree_tree_tree_TriFalseFalseFalse_i1,1646754059,4,7,tree,tree,False,6,18,30,0.0013448329991661012,0.0012527079961728305,,,False,1.0735398271064711
L4_S7_tree_tree_tree_TriFalseFalseFalse_i2,2406706226,4,7,tree,tree,False,6,22,53,0.003976874984800816,0.014605333999497816,3.3560451328682195,3.356045132868219,True,0.27228920014074
L4_S7_tree_tree_tree_TriFalseFalseFalse_i3,4249250187,4,7,tree,tree,False,7,19,42,0.0018041250004898757,0.006571667006937787,,2.1637569454477745,False,0.2745307581857817
L4_S7_tree_tree_tree_TriFalseFalseFalse_i4,473668738,4,7,tree,tree,False,5,11,18,0.0009968330268748105,0.003456457983702421,,5.055818269010189,False,0.2883971809227265
L10_S4_reversible_reversible_reversible_TriTrueTrueTrue_i0,1961974771,10,4,reversible,reversible,True,16,106,1206,0.2526530829782132,0.3402940840169322,9.194963933997565,9.194963933997565,True,0.7424551119236815
L10_S4_reversible_reversible_reversible_TriTrueTrueTrue_i1,3727265400,10,4,reversible,reversible,True,18,138,1622,0.5672169589961413,8.03871625001193,17.984819580037026,17.984819580037023,True,0.07056063944597359
L10_S4_reversible_reversible_reversible_TriTrueTrueTrue_i2,1170839422,10,4,reversible,reversible,True,19,154,1830,0.4884132919833064,6.048386125010438,11.928721726931485,11.928721726931485,True,0.08075101056841216
L10_S4_reversible_reversible_reversible_TriTrueTrueTrue_i3,688813994,10,4,reversible,reversible,True,17,122,1414,0.3428687499836087,1.6140268750023097,13.733482648383932,13.733482648383932,True,0.2124306324023802
L10_S4_reversible_reversible_reversible_TriTrueTrueTrue_i4,501250722,10,4,reversible,reversible,True,16,106,1206,0.26113366600475274,0.1983904170047026,7.527353705213125,7.527353705213125,True,1.3162614839521276
L10_S4_reversible_reversible_reversible_TriTrueTrueFalse_i0,1725613959,10,4,reversible,reversible,False,16,106,1206,0.30693762499140576,0.5101987500092946,10.323758474529658,10.323758474529656,True,0.6016040305551711
L10_S4_reversible_reversible_reversible_TriTrueTrueFalse_i1,63000501,10,4,reversible,reversible,False,16,106,1206,0.24018599998089485,0.12377120801829733,9.949659891559698,9.949659891559698,True,1.9405643839625717
L10_S4_reversible_reversible_reversible_TriTrueTrueFalse_i2,3753257662,10,4,reversible,reversible,False,16,106,1206,0.3391878329857718,0.32291975000407547,14.233981994710593,14.233981994710593,True,1.0503780952732464
L10_S4_reversible_reversible_reversible_TriTrueTrueFalse_i3,2930853456,10,4,reversible,reversible,False,17,122,1414,0.31224016699707136,2.4571091670077294,16.421157615359895,16.42115753625142,True,0.12707622887193148
L10_S4_reversible_reversible_reversible_TriTrueTrueFalse_i4,137464538,10,4,reversible,reversible,False,15,90,998,0.26517475000582635,0.44987383400439285,11.312648689665716,11.312648689665714,True,0.5894424822533567
L10_S4_reversible_reversible_reversible_TriTrueFalseTrue_i0,872999208,10,4,reversible,reversible,True,17,122,1414,0.296172625006875,0.6768919170135632,9.675752817751745,9.675752817751743,True,0.43754788190710897
L10_S4_reversible_reversible_reversible_TriTrueFalseTrue_i1,3531048836,10,4,reversible,reversible,True,17,122,1414,0.3486980000161566,0.43359112498001195,9.357113271436154,9.357113271436154,True,0.8042092633423295
L10_S4_reversible_reversible_reversible_TriTrueFalseTrue_i2,3916809021,10,4,reversible,reversible,True,18,138,1622,0.3227735840191599,0.5211461659928318,10.038077998245976,10.038077998245976,True,0.6193532725792831
L10_S4_reversible_reversible_reversible_TriTrueFalseTrue_i3,2366078513,10,4,reversible,reversible,True,17,122,1414,0.4281222920108121,7.717687833006494,13.97020856927553,13.970208569275531,True,0.05547286975308515
L10_S4_reversible_reversible_reversible_TriTrueFalseTrue_i4,2995943459,10,4,reversible,reversible,True,14,74,790,0.19887950000702403,0.380014124995796,9.64031660410214,9.64031660410214,True,0.523347650527139
L10_S4_reversible_reversible_reversible_TriTrueFalseFalse_i0,2414626599,10,4,reversible,reversible,False,18,138,1622,0.3385404589935206,0.8538922499865294,11.161300779263371,11.161300779263371,True,0.39646742150709746
L10_S4_reversible_reversible_reversible_TriTrueFalseFalse_i1,2889814407,10,4,reversible,reversible,False,11,26,166,0.028184208989841864,0.027542833995539695,8.79043128322835,8.79043128322835,True,1.0232864189327655
L10_S4_reversible_reversible_reversible_TriTrueFalseFalse_i2,627845295,10,4,reversible,reversible,False,19,154,1830,0.40328854200197384,3.430118374992162,12.158821151594706,12.158821151594706,True,0.1175727767369902
L10_S4_reversible_reversible_reversible_TriTrueFalseFalse_i3,1704781680,10,4,reversible,reversible,False,14,74,790,0.22810329200001433,1.2530768330034334,9.40233916107047,9.40233916107047,True,0.1820345614971199
L10_S4_reversible_reversible_reversible_TriTrueFalseFalse_i4,630220125,10,4,reversible,reversible,False,19,154,1830,0.5200731249933597,2.476353417005157,14.898023787588958,14.898023556427159,True,0.21001571149416468
L10_S4_reversible_reversible_reversible_TriFalseTrueTrue_i0,3256981996,10,4,reversible,reversible,True,16,106,1206,0.3796582080249209,1.015418499999214,14.081236991862559,14.081236991862559,True,0.37389333329195934
L10_S4_reversible_reversible_reversible_TriFalseTrueTrue_i1,1955913269,10,4,reversible,reversible,True,18,138,1622,0.3862271250109188,0.9882466660055798,11.852339914106903,11.852339914106901,True,0.39082056930300596
L10_S4_reversible_reversible_reversible_TriFalseTrueTrue_i2,3267285711,10,4,reversible,reversible,True,18,138,1622,0.5423356249812059,10.26807920797728,14.039493238117217,14.039493238117219,True,0.052817631607968825
L10_S4_reversible_reversible_reversible_TriFalseTrueTrue_i3,2472166588,10,4,reversible,reversible,True,17,122,1414,0.41240779098006897,3.2770605830010027,14.251244629093945,14.251244629093943,True,0.1258468619693797
L10_S4_reversible_reversible_reversible_TriFalseTrueTrue_i4,3369970836,10,4,reversible,reversible,True,17,122,1414,0.36072425000020303,7.291248124995036,8.932465978782831,8.932465978782831,True,0.04947359406329009
L10_S4_reversible_reversible_reversible_TriFalseTrueFalse_i0,3079624658,10,4,reversible,reversible,False,18,138,1622,0.3583262079919223,0.369493334001163,11.496266607601893,11.496266607601893,True,0.969777189596111
L10_S4_reversible_reversible_reversible_TriFalseTrueFalse_i1,4003621969,10,4,reversible,reversible,False,15,90,998,0.2741942089924123,0.42534316700766794,7.17132368854562,7.171323688545619,True,0.644642325576202
L10_S4_reversible_reversible_reversible_TriFalseTrueFalse_i2,3322188443,10,4,reversible,reversible,False,19,154,1830,0.6125475419976283,10.216490167018492,13.404420611452402,13.404420611452402,True,0.05995674952197728
L10_S4_reversible_reversible_reversible_TriFalseTrueFalse_i3,1350463859,10,4,reversible,reversible,False,16,106,1206,0.2552676670020446,0.2722274170082528,11.788916591934587,11.788916591934587,True,0.9377000629462897
L10_S4_reversible_reversible_reversible_TriFalseTrueFalse_i4,352054972,10,4,reversible,reversible,False,19,154,1830,0.5622844579920638,8.660795667005004,14.461305468022363,14.461305468022365,True,0.06492295622090168
L10_S4_reversible_reversible_reversible_TriFalseFalseTrue_i0,2714642596,10,4,reversible,reversible,True,17,122,1414,0.33631791701191105,0.5417490839899983,11.342912833272882,11.34291283327288,True,0.620800156991719
L10_S4_reversible_reversible_reversible_TriFalseFalseTrue_i1,3785858645,10,4,reversible,reversible,True,13,58,582,0.12765508302254602,0.23339295797632076,11.328065962807345,11.328065962807345,True,0.5469534453072231
L10_S4_reversible_reversible_reversible_TriFalseFalseTrue_i2,1028605334,10,4,reversible,reversible,True,19,154,1830,0.5945572089985944,4.6658283330034465,12.795176666312635,12.795176666312635,True,0.12742800772707452
L10_S4_reversible_reversible_reversible_TriFalseFalseTrue_i3,1109483680,10,4,reversible,reversible,True,18,138,1622,0.45652937499107793,3.6451582919980865,11.973462346208791,11.973462346208791,True,0.12524267488411034
L10_S4_reversible_reversible_reversible_TriFalseFalseTrue_i4,1106599341,10,4,reversible,reversible,True,19,154,1830,0.5460114579764195,12.673064082977362,14.829843374458461,14.829843374458465,True,0.043084407555923694
L10_S4_reversible_reversible_reversible_TriFalseFalseFalse_i0,2466738212,10,4,reversible,reversible,False,16,106,1206,0.24293624999700114,0.25976108299801126,7.094343355532708,7.094343355532708,True,0.9352295819602486
L10_S4_reversible_reversible_reversible_TriFalseFalseFalse_i1,150429965,10,4,reversible,reversible,False,16,106,1206,0.2842807080014609,0.4473354170040693,11.933907778920538,11.93390777892054,True,0.6354978760006765
L10_S4_reversible_reversible_reversible_TriFalseFalseFalse_i2,4077792725,10,4,reversible,reversible,False,19,154,1830,0.4137583749834448,1.3894465829944238,8.348223237827957,8.348223237827959,True,0.297786456672526
L10_S4_reversible_reversible_reversible_TriFalseFalseFalse_i3,1270192343,10,4,reversible,reversible,False,18,138,1622,0.38676162500632927,0.9691555419994984,8.705473487519852,8.705473487519852,True,0.39907074545466376
L10_S4_reversible_reversible_reversible_TriFalseFalseFalse_i4,1267661875,10,4,reversible,reversible,False,18,138,1622,0.3995197920012288,3.0305186670157127,13.542170863972146,13.542170863972146,True,0.13183215012591282
L10_S4_reversible_reversible_irreversible_TriTrueTrueTrue_i0,2689334342,10,4,reversible,reversible,True,12,42,374,0.06897699998808093,0.03123183301067911,5.667595580301335,5.667595580301335,True,2.2085478542341
L10_S4_reversible_reversible_irreversible_TriTrueTrueTrue_i1,509253849,10,4,reversible,reversible,True,15,90,998,0.24783991699223407,0.18934450001688674,11.432484737538967,11.432484737538967,True,1.3089364394592606
L10_S4_reversible_reversible_irreversible_TriTrueTrueTrue_i2,1084683009,10,4,reversible,reversible,True,13,58,582,0.14123291699797846,0.17060533299809322,10.178415459198286,10.178415459198286,True,0.8278341226983967
L10_S4_reversible_reversible_irreversible_TriTrueTrueTrue_i3,2627252175,10,4,reversible,reversible,True,13,58,582,0.12131474999478087,0.1801190830010455,9.823206501735894,9.823206501735893,True,0.6735252439662457
L10_S4_reversible_reversible_irreversible_TriTrueTrueTrue_i4,2113624659,10,4,reversible,reversible,True,11,26,166,0.022222917003091425,0.006967666995478794,5.547218767067136,5.547218767067136,True,3.1894339709514736
L10_S4_reversible_reversible_irreversible_TriTrueTrueFalse_i0,1261923279,10,4,reversible,reversible,False,12,42,374,0.07407308300025761,0.07302679200074635,9.579800701837504,9.579800701837504,True,1.0143274811410734
L10_S4_reversible_reversible_irreversible_TriTrueTrueFalse_i1,2694354201,10,4,reversible,reversible,False,14,74,790,0.21681124999304302,0.4032214170147199,7.913155433865191,7.913155433865191,True,0.5376977519213232
L10_S4_reversible_reversible_irreversible_TriTrueTrueFalse_i2,3850651867,10,4,reversible,reversible,False,14,74,790,0.15597004198934883,0.11051070899702609,10.777540579258549,10.777540579258549,True,1.4113567996581153
L10_S4_reversible_reversible_irreversible_TriTrueTrueFalse_i3,2473078199,10,4,reversible,reversible,False,13,58,582,0.1285144170105923,0.09821987498435192,7.825913855738711,7.825913855738712,True,1.3084359527298406
L10_S4_reversible_reversible_irreversible_TriTrueTrueFalse_i4,4142099546,10,4,reversible,reversible,False,15,90,998,0.2317955000034999,1.0366997919918504,12.826644829010755,12.826644829010755,True,0.22358980060616454
L10_S4_reversible_reversible_irreversible_TriTrueFalseTrue_i0,3372770901,10,4,reversible,reversible,True,12,42,374,0.07769108301727101,0.15915191700332798,8.155429573434356,8.155429573434356,True,0.4881567498020755
L10_S4_reversible_reversible_irreversible_TriTrueFalseTrue_i1,2663379164,10,4,reversible,reversible,True,13,58,582,0.12367316702147946,0.23391220899065956,5.640540148028385,5.6405401480283865,True,0.5287161667465665
L10_S4_reversible_reversible_irreversible_TriTrueFalseTrue_i2,2240535041,10,4,reversible,reversible,True,12,42,374,0.07255370801431127,0.11147766700014472,8.556989393026749,8.556989393026749,True,0.6508362555109879
L10_S4_reversible_reversible_irreversible_TriTrueFalseTrue_i3,1981309909,10,4,reversible,reversible,True,12,42,374,0.07146974999341182,0.06322629100759514,7.284830291706,7.284830291705999,True,1.1303802219625094
L10_S4_reversible_reversible_irreversible_TriTrueFalseTrue_i4,1110178684,10,4,reversible,reversible,True,12,42,374,0.07149462497909553,0.17680216598091647,6.4579305868228865,6.457930586822887,True,0.40437640669196356
L10_S4_reversible_reversible_irreversible_TriTrueFalseFalse_i0,2726947176,10,4,reversible,reversible,False,13,58,582,0.14430708400323056,0.09497420801199041,6.853344267251886,6.853344267251886,True,1.5194344391434933
L10_S4_reversible_reversible_irreversible_TriTrueFalseFalse_i1,2406132058,10,4,reversible,reversible,False,14,74,790,0.22677899998961948,0.5567683750123251,12.86370638590696,12.863706385906958,True,0.4073130044020304
L10_S4_reversible_reversible_irreversible_TriTrueFalseFalse_i2,93341109,10,4,reversible,reversible,False,14,74,790,0.17196754197357222,0.5394773749867454,9.288981910425678,9.288981910425678,True,0.318766920779635
L10_S4_reversible_reversible_irreversible_TriTrueFalseFalse_i3,3978180617,10,4,reversible,reversible,False,14,74,790,0.2565785830083769,0.29953358400962315,11.629485504267294,11.629485504267297,True,0.8565937038417035
L10_S4_reversible_reversible_irreversible_TriTrueFalseFalse_i4,706710628,10,4,reversible,reversible,False,12,42,374,0.07203616699553095,0.06964591599535197,5.1699656601147135,5.1699656601147135,True,1.034320030567456
L10_S4_reversible_reversible_irreversible_TriFalseTrueTrue_i0,1273202070,10,4,reversible,reversible,True,13,58,582,0.11337720797746442,0.06956133298808709,9.596582006344958,9.596582006344958,True,1.6298883514350249
L10_S4_reversible_reversible_irreversible_TriFalseTrueTrue_i1,1568434138,10,4,reversible,reversible,True,12,42,374,0.079722791997483,0.042942166997818276,7.317001043586121,7.317001043586122,True,1.8565153021974439
L10_S4_reversible_reversible_irreversible_TriFalseTrueTrue_i2,1557185434,10,4,reversible,reversible,True,13,58,582,0.15066649997606874,0.1019311250129249,8.71489375781809,8.71489375781809,True,1.4781206278145518
L10_S4_reversible_reversible_irreversible_TriFalseTrueTrue_i3,3921072016,10,4,reversible,reversible,True,16,106,1206,0.31446470800437964,0.8417044579982758,13.077506681207526,13.077506681207527,True,0.3736046597384413
L10_S4_reversible_reversible_irreversible_TriFalseTrueTrue_i4,3624811256,10,4,reversible,reversible,True,13,58,582,0.1299191250000149,0.15138808300253004,12.316234181181043,12.316234181181045,True,0.8581859388473644
L10_S4_reversible_reversible_irreversible_TriFalseTrueFalse_i0,1277527812,10,4,reversible,reversible,False,16,106,1206,0.3691037920070812,0.7981151250132825,11.95178488873764,11.951784888737638,True,0.46246936059314636
L10_S4_reversible_reversible_irreversible_TriFalseTrueFalse_i1,3928966880,10,4,reversible,reversible,False,15,90,998,0.25353054198785685,0.3991061249980703,12.665422294249666,12.665422294249666,True,0.6352459295227222
L10_S4_reversible_reversible_irreversible_TriFalseTrueFalse_i2,2560824722,10,4,reversible,reversible,False,13,58,582,0.15689354200731032,0.10104824998416007,8.158346308919384,8.158346308919384,True,1.5526596500112044
L10_S4_reversible_reversible_irreversible_TriFalseTrueFalse_i3,1077792323,10,4,reversible,reversible,False,15,90,998,0.24138829100411385,1.0296142089937348,13.353916020022517,13.353916020022517,True,0.23444537639547797
L10_S4_reversible_reversible_irreversible_TriFalseTrueFalse_i4,3629522961,10,4,reversible,reversible,False,14,74,790,0.1608488330093678,0.162464708002517,13.345047128955889,13.34504712895589,True,0.9900539877055752
L10_S4_reversible_reversible_irreversible_TriFalseFalseTrue_i0,2492854806,10,4,reversible,reversible,True,12,42,374,0.11720029200660065,0.09436312501202337,6.3379898595810165,6.3379898595810165,True,1.2420136652919642
L10_S4_reversible_reversible_irreversible_TriFalseFalseTrue_i1,865344838,10,4,reversible,reversible,True,14,74,790,0.15390987499267794,0.18224316599662416,6.536736371263656,6.536736371263655,True,0.8445302917476678
L10_S4_reversible_reversible_irreversible_TriFalseFalseTrue_i2,1412501009,10,4,reversible,reversible,True,13,58,582,0.18650220800191164,0.33806504198582843,12.006458871999401,12.0064588719994,True,0.55167551887265
L10_S4_reversible_reversible_irreversible_TriFalseFalseTrue_i3,3579710398,10,4,reversible,reversible,True,13,58,582,0.10870170799898915,0.1752150829997845,9.80807936141968,9.80807936141968,True,0.6203901257674986
L10_S4_reversible_reversible_irreversible_TriFalseFalseTrue_i4,1819958838,10,4,reversible,reversible,True,15,90,998,0.289364000025671,0.6381585839844774,13.025642054446841,13.025642054446843,True,0.45343588072659
L10_S4_reversible_reversible_irreversible_TriFalseFalseFalse_i0,2623163030,10,4,reversible,reversible,False,13,58,582,0.1184782920172438,0.11387070899945684,8.846077970020481,8.846077970020481,True,1.0404632764457948
L10_S4_reversible_reversible_irreversible_TriFalseFalseFalse_i1,4249309718,10,4,reversible,reversible,False,14,74,790,0.16827345799538307,0.19229904099483974,10.139655928445347,10.139655928445347,True,0.8750613432587907
L10_S4_reversible_reversible_irreversible_TriFalseFalseFalse_i2,2591083804,10,4,reversible,reversible,False,14,74,790,0.2228109159914311,0.27261100002215244,9.749574885144007,9.749574885144007,True,0.8173218071024412
L10_S4_reversible_reversible_irreversible_TriFalseFalseFalse_i3,1917144977,10,4,reversible,reversible,False,13,58,582,0.11029712500749156,0.1428704579884652,10.045995781376536,10.045995781376538,True,0.7720079139410934
L10_S4_reversible_reversible_irreversible_TriFalseFalseFalse_i4,936507457,10,4,reversible,reversible,False,13,58,582,0.12477954200585373,0.06620470798225142,8.32600174187542,8.32600174187542,True,1.8847532739597936
L10_S4_reversible_reversible_tree_TriTrueTrueTrue_i0,2302139707,10,4,reversible,reversible,True,13,58,582,0.11889779201010242,0.20457491697743535,8.4236476407779,8.423647640777903,True,0.5811943770311905
L10_S4_reversible_reversible_tree_TriTrueTrueTrue_i1,1701324400,10,4,reversible,reversible,True,14,74,790,0.17708466699696146,0.768466957990313,11.836759097404792,11.83675909740479,True,0.23043888214742847
L10_S4_reversible_reversible_tree_TriTrueTrueTrue_i2,1932835264,10,4,reversible,reversible,True,13,58,582,0.13382512499811128,0.07994374999543652,9.484011842951807,9.484011842951805,True,1.6739910666157072
L10_S4_reversible_reversible_tree_TriTrueTrueTrue_i3,3150683441,10,4,reversible,reversible,True,12,42,374,0.07164008298423141,0.1510958330181893,10.125647295470651,10.12564729547065,True,0.47413671892242376
L10_S4_reversible_reversible_tree_TriTrueTrueTrue_i4,644557723,10,4,reversible,reversible,True,12,42,374,0.07602808400406502,0.13042437500553206,6.913542723734011,6.913542723734011,True,0.5829284857060787
L10_S4_reversible_reversible_tree_TriTrueTrueFalse_i0,3662578319,10,4,reversible,reversible,False,12,42,374,0.10080887499498203,0.019220167014282197,5.554009208366994,5.554009208366994,True,5.244952849531419
L10_S4_reversible_reversible_tree_TriTrueTrueFalse_i1,3647780519,10,4,reversible,reversible,False,16,106,1206,0.28536270902259275,0.8035874589986634,17.34796195822014,17.34796195822014,True,0.35511095335293985
L10_S4_reversible_reversible_tree_TriTrueTrueFalse_i2,3992630419,10,4,reversible,reversible,False,16,106,1206,0.3173818750074133,0.9588711670076009,15.635107281477609,15.635107281477609,True,0.33099532616763117
L10_S4_reversible_reversible_tree_TriTrueTrueFalse_i3,1908207066,10,4,reversible,reversible,False,13,58,582,0.11483366700122133,0.07035250001354143,9.31640138220526,9.31640138220526,True,1.632261331819862
L10_S4_reversible_reversible_tree_TriTrueTrueFalse_i4,1879025246,10,4,reversible,reversible,False,12,42,374,0.06564474999322556,0.08034395799040794,8.633068130316087,8.633068130316087,True,0.8170464938261596
L10_S4_reversible_reversible_tree_TriTrueFalseTrue_i0,1856585313,10,4,reversible,reversible,True,16,106,1206,0.3397570410161279,4.267804750008509,14.54184332773926,14.54184332773926,True,0.07960932161571853
L10_S4_reversible_reversible_tree_TriTrueFalseTrue_i1,1110807328,10,4,reversible,reversible,True,12,42,374,0.07504712499212474,0.0652025000017602,8.989812675186986,8.989812675186986,True,1.1509853738601035
L10_S4_reversible_reversible_tree_TriTrueFalseTrue_i2,3396765125,10,4,reversible,reversible,True,15,90,998,0.21560312501969747,0.580636124999728,10.058163109771211,10.058163109771211,True,0.37132227115299826
L10_S4_reversible_reversible_tree_TriTrueFalseTrue_i3,1006803088,10,4,reversible,reversible,True,11,26,166,0.02660020798793994,0.00885608300450258,8.512698412545179,8.512698412545179,True,3.0036083639694424
L10_S4_reversible_reversible_tree_TriTrueFalseTrue_i4,2357284721,10,4,reversible,reversible,True,14,74,790,0.1791640000010375,0.30746041698148474,14.400167750815093,14.400167750815092,True,0.5827221636439287
L10_S4_reversible_reversible_tree_TriTrueFalseFalse_i0,3971066852,10,4,reversible,reversible,False,12,42,374,0.0698942500166595,0.11964770799386315,10.534024570118902,10.534024570118902,True,0.5841670568071173
L10_S4_reversible_reversible_tree_TriTrueFalseFalse_i1,2001369456,10,4,reversible,reversible,False,12,42,374,0.07335791699006222,0.1263926249812357,7.4068633475830685,7.4068633475830685,True,0.5803971269728422
L10_S4_reversible_reversible_tree_TriTrueFalseFalse_i2,2869330522,10,4,reversible,reversible,False,13,58,582,0.10247145898756571,0.19222566598909907,7.799385763406844,7.799385763406844,True,0.533078961788057
L10_S4_reversible_reversible_tree_TriTrueFalseFalse_i3,802634918,10,4,reversible,reversible,False,12,42,374,0.10508283297531307,0.1315265000157524,9.654493099456325,9.654493099456326,True,0.7989479851115915
L10_S4_reversible_reversible_tree_TriTrueFalseFalse_i4,2290840783,10,4,reversible,reversible,False,11,26,166,0.024265000014565885,0.01033333400846459,7.794376603222058,7.794376603222058,True,2.34822542719162
L10_S4_reversible_reversible_tree_TriFalseTrueTrue_i0,3430968580,10,4,reversible,reversible,True,17,122,1414,0.346444333990803,1.6486439169966616,13.09274527887873,13.092745278878732,True,0.21013896949426317
L10_S4_reversible_reversible_tree_TriFalseTrueTrue_i1,545711146,10,4,reversible,reversible,True,13,58,582,0.20527387500624172,0.2441376670030877,9.566976186492552,9.56697618649255,True,0.8408119758219594
L10_S4_reversible_reversible_tree_TriFalseTrueTrue_i2,3641077809,10,4,reversible,reversible,True,13,58,582,0.11669937500846572,0.08132416699663736,7.538501000817079,7.538501000817079,True,1.4349900882267996
L10_S4_reversible_reversible_tree_TriFalseTrueTrue_i3,1630274040,10,4,reversible,reversible,True,13,58,582,0.12092166600632481,0.2071342910057865,9.929919730354225,9.929919730354225,True,0.5837839057713666
L10_S4_reversible_reversible_tree_TriFalseTrueTrue_i4,4196449448,10,4,reversible,reversible,True,16,106,1206,0.3381567499891389,1.2806478340062313,13.513448869252587,13.513448869252585,True,0.26405131898535833
L10_S4_reversible_reversible_tree_TriFalseTrueFalse_i0,2648633898,10,4,reversible,reversible,False,12,42,374,0.06277233301079832,0.029976792022353038,8.307788266479763,8.307788266479763,True,2.094030971358089
L10_S4_reversible_reversible_tree_TriFalseTrueFalse_i1,2477426545,10,4,reversible,reversible,False,11,26,166,0.0211940839944873,0.033064624993130565,5.901240415770203,5.901240415770203,True,0.6409896787851325
L10_S4_reversible_reversible_tree_TriFalseTrueFalse_i2,1933531188,10,4,reversible,reversible,False,13,58,582,0.16205749998334795,0.2115197499806527,10.716385688193887,10.716385688193885,True,0.7661577665065
L10_S4_reversible_reversible_tree_TriFalseTrueFalse_i3,3367039680,10,4,reversible,reversible,False,16,106,1206,0.252461249998305,1.2708427080069669,13.10878279741383,13.108782797413829,True,0.19865656718098304
L10_S4_reversible_reversible_tree_TriFalseTrueFalse_i4,2084866854,10,4,reversible,reversible,False,12,42,374,0.0818532909906935,0.05306120900786482,7.63351213754392,7.63351213754392,True,1.5426201358499187
L10_S4_reversible_reversible_tree_TriFalseFalseTrue_i0,1322476728,10,4,reversible,reversible,True,12,42,374,0.08075879199896008,0.07433037500595674,8.71158817840594,8.71158817840594,True,1.0864843733938354
L10_S4_reversible_reversible_tree_TriFalseFalseTrue_i1,3937849236,10,4,reversible,reversible,True,13,58,582,0.13411729098879732,0.18182658299338073,8.38276453563047,8.38276453563047,True,0.7376110139850605
L10_S4_reversible_reversible_tree_TriFalseFalseTrue_i2,2804480239,10,4,reversible,reversible,True,17,122,1414,0.36753824999323115,8.656983666995075,11.290458508120292,11.290458401979548,True,0.04245569404872767
L10_S4_reversible_reversible_tree_TriFalseFalseTrue_i3,583652674,10,4,reversible,reversible,True,13,58,582,0.16242512498865835,0.18545333400834352,8.505168164652863,8.505168164652861,True,0.8758274688419643
L10_S4_reversible_reversible_tree_TriFalseFalseTrue_i4,4186350502,10,4,reversible,reversible,True,15,90,998,0.4089789580029901,0.6474471669935156,11.615011045910979,11.61501104591098,True,0.6316792755004934
L10_S4_reversible_reversible_tree_TriFalseFalseFalse_i0,4232138413,10,4,reversible,reversible,False,15,90,998,0.2596016250026878,0.5340592080028728,11.456371195165005,11.456371195165003,True,0.48609146818642607
L10_S4_reversible_reversible_tree_TriFalseFalseFalse_i1,2791538766,10,4,reversible,reversible,False,14,74,790,0.15637966699432582,0.2750408749852795,5.720513433436212,5.720513433436212,True,0.5685688224854818
L10_S4_reversible_reversible_tree_TriFalseFalseFalse_i2,3928946482,10,4,reversible,reversible,False,12,42,374,0.10929262501304038,0.06391004199394956,8.58913560471493,8.58913560471493,True,1.710100946472329
L10_S4_reversible_reversible_tree_TriFalseFalseFalse_i3,496560527,10,4,reversible,reversible,False,13,58,582,0.12122212498798035,0.13989620801294222,8.2124898611,8.212489861100002,True,0.8665147243322778
L10_S4_reversible_reversible_tree_TriFalseFalseFalse_i4,883475733,10,4,reversible,reversible,False,13,58,582,0.10973062500124797,0.09245920801186003,9.834336535168838,9.834336535168836,True,1.186800386613436
L10_S4_reversible_irreversible_irreversible_TriTrueTrueTrue_i0,766723945,10,4,reversible,irreversible,True,12,42,294,0.057932958006858826,0.14305787498597056,11.22155609815908,11.22155609815908,True,0.40496168147037365
L10_S4_reversible_irreversible_irreversible_TriTrueTrueTrue_i1,3011167072,10,4,reversible,irreversible,True,12,42,297,0.04793904200778343,0.02707745900261216,7.525984669654469,7.525984669654469,True,1.770440876033378
L10_S4_reversible_irreversible_irreversible_TriTrueTrueTrue_i2,1960226284,10,4,reversible,irreversible,True,12,42,302,0.051196000014897436,0.04467187498812564,5.810982568163457,5.810982568163457,True,1.1460454454275883
L10_S4_reversible_irreversible_irreversible_TriTrueTrueTrue_i3,3187423318,10,4,reversible,irreversible,True,13,58,459,0.12442266699508764,0.08783995799603872,5.276703587038686,5.276703587038686,True,1.4164700031417214
L10_S4_reversible_irreversible_irreversible_TriTrueTrueTrue_i4,2772749389,10,4,reversible,irreversible,True,14,74,622,0.11283266701502725,0.06687345801037736,3.356322903260777,3.356322903260777,True,1.6872563298620158
L10_S4_reversible_irreversible_irreversible_TriTrueTrueFalse_i0,1512759188,10,4,reversible,irreversible,False,14,70,561,0.11467799998354167,0.18464641700848006,9.477892161575049,9.477892161575047,True,0.621068099887402
L10_S4_reversible_irreversible_irreversible_TriTrueTrueFalse_i1,3287654346,10,4,reversible,irreversible,False,15,90,780,0.16751179200946353,0.21934437501477078,5.786407429280391,5.786407429280391,True,0.763693125180393
L10_S4_reversible_irreversible_irreversible_TriTrueTrueFalse_i2,126975142,10,4,reversible,irreversible,False,15,90,781,0.20838266701321118,1.852290290989913,8.372851076813044,8.372851076813046,True,0.11250000494757544
L10_S4_reversible_irreversible_irreversible_TriTrueTrueFalse_i3,2147257227,10,4,reversible,irreversible,False,14,62,475,0.07978000000002794,0.085796333005419,12.719789770298306,12.719789770298306,True,0.9298765608678448
L10_S4_reversible_irreversible_irreversible_TriTrueTrueFalse_i4,2457966135,10,4,reversible,irreversible,False,14,74,613,0.12101720899227075,0.2761188749864232,7.746492262337263,7.746492262337263,True,0.4382793771702199
L10_S4_reversible_irreversible_irreversible_TriTrueFalseTrue_i0,2617602087,10,4,reversible,irreversible,True,14,74,622,0.18247400000109337,0.2470867910014931,8.120322528262584,8.120322528262584,True,0.7385016354900537
L10_S4_reversible_irreversible_irreversible_TriTrueFalseTrue_i1,3493798176,10,4,reversible,irreversible,True,12,42,302,0.06406599999172613,0.22567212497233413,4.037802120377879,4.037802120377879,True,0.28388973478975504
L10_S4_reversible_irreversible_irreversible_TriTrueFalseTrue_i2,1230654865,10,4,reversible,irreversible,True,13,58,449,0.08008129100198857,0.03688741699443199,8.245434936635942,8.245434936635942,True,2.170964934820771
L10_S4_reversible_irreversible_irreversible_TriTrueFalseTrue_i3,3455124075,10,4,reversible,irreversible,True,12,42,298,0.05653358402196318,0.09139333298662677,11.077649082274775,11.077649082274773,True,0.6185744797343263
L10_S4_reversible_irreversible_irreversible_TriTrueFalseTrue_i4,928989319,10,4,reversible,irreversible,True,12,42,294,0.05100733300787397,0.02534954101429321,10.125777743680194,10.125777743680192,True,2.012159942736391
L10_S4_reversible_irreversible_irreversible_TriTrueFalseFalse_i0,2972598697,10,4,reversible,irreversible,False,12,42,294,0.05268329198588617,0.06542525000986643,8.324000289328017,8.324000289328017,True,0.8052440177560998
L10_S4_reversible_irreversible_irreversible_TriTrueFalseFalse_i1,3515759422,10,4,reversible,irreversible,False,13,58,453,0.12457650000578724,0.07183133301441558,4.953223046045677,4.953223046045677,True,1.734291889675701
L10_S4_reversible_irreversible_irreversible_TriTrueFalseFalse_i2,3354353367,10,4,reversible,irreversible,False,13,34,205,0.036735375004354864,0.032971707987599075,7.291848463576149,7.291848463576148,True,1.114148345121308
L10_S4_reversible_irreversible_irreversible_TriTrueFalseFalse_i3,2782904740,10,4,reversible,irreversible,False,15,90,779,0.158662000001641,0.5538969170011114,13.933344937126487,13.933344937126485,True,0.2864468005603213
L10_S4_reversible_irreversible_irreversible_TriTrueFalseFalse_i4,371949182,10,4,reversible,irreversible,False,13,58,460,0.09664583299309015,0.19492616699426435,7.323442242795062,7.3234422427950605,True,0.4958073817771554
L10_S4_reversible_irreversible_irreversible_TriFalseTrueTrue_i0,3152932440,10,4,reversible,irreversible,True,14,74,622,0.12098520901054144,0.4391179169761017,5.685076264783673,5.685076264783673,True,0.27551872528491506
L10_S4_reversible_irreversible_irreversible_TriFalseTrueTrue_i1,3162615224,10,4,reversible,irreversible,True,13,58,458,0.10269862500717863,0.3515460830240045,6.456398909037221,6.456398909037221,True,0.2921341743637972
L10_S4_reversible_irreversible_irreversible_TriFalseTrueTrue_i2,120484130,10,4,reversible,irreversible,True,14,70,564,0.10516491599264555,0.1398371670220513,8.573188670383736,8.573188670383736,True,0.7520526729779154
L10_S4_reversible_irreversible_irreversible_TriFalseTrueTrue_i3,2987173183,10,4,reversible,irreversible,True,13,58,457,0.0944139159983024,0.19862350000767037,7.054724848161354,7.054724848161354,True,0.4753411128054598
L10_S4_reversible_irreversible_irreversible_TriFalseTrueTrue_i4,2354769532,10,4,reversible,irreversible,True,13,58,460,0.08208983298391104,0.0339835420018062,6.606869635938291,6.606869635938291,True,2.4155760622001075
L10_S4_reversible_irreversible_irreversible_TriFalseTrueFalse_i0,2647927011,10,4,reversible,irreversible,False,13,54,400,0.07419937499798834,0.15436775001580827,9.78191316669572,9.78191316669572,True,0.48066629532220007
L10_S4_reversible_irreversible_irreversible_TriFalseTrueFalse_i1,527367994,10,4,reversible,irreversible,False,13,58,460,0.0820266249938868,0.05476704199099913,2.356630817508466,2.356630817508466,True,1.4977369694282696
L10_S4_reversible_irreversible_irreversible_TriFalseTrueFalse_i2,937844765,10,4,reversible,irreversible,False,16,106,942,0.19254070799797773,0.23680329200578853,3.056193633292029,3.056193633292029,True,0.8130828991185995
L10_S4_reversible_irreversible_irreversible_TriFalseTrueFalse_i3,2920387975,10,4,reversible,irreversible,False,16,106,938,0.2028345839935355,1.2930728330102284,11.886192235163362,11.886192235163362,True,0.1568624586787437
L10_S4_reversible_irreversible_irreversible_TriFalseTrueFalse_i4,3241172003,10,4,reversible,irreversible,False,17,106,887,0.16992562499945052,1.0704078749986365,7.326513887701959,7.326513887701959,True,0.158748481592513
L10_S4_reversible_irreversible_irreversible_TriFalseFalseTrue_i0,1481240103,10,4,reversible,irreversible,True,12,42,296,0.0618539159768261,0.09434379200683907,4.961287807798932,4.961287807798932,True,0.6556225269885244
L10_S4_reversible_irreversible_irreversible_TriFalseFalseTrue_i1,970300701,10,4,reversible,irreversible,True,13,58,449,0.08011445801821537,0.06179308402352035,10.468406950459972,10.468406950459972,True,1.2964955219135175
L10_S4_reversible_irreversible_irreversible_TriFalseFalseTrue_i2,2265932398,10,4,reversible,irreversible,True,15,90,777,0.2033761669881642,0.28665325001929887,7.372419574201194,7.372419574201194,True,0.7094849483303851
L10_S4_reversible_irreversible_irreversible_TriFalseFalseTrue_i3,1219951695,10,4,reversible,irreversible,True,12,42,296,0.056285500002559274,0.028044417005730793,4.840848037645573,4.840848037645573,True,2.007012589494904
L10_S4_reversible_irreversible_irreversible_TriFalseFalseTrue_i4,3168283888,10,4,reversible,irreversible,True,12,42,295,0.06025070798932575,0.053195292013697326,7.191691949972205,7.191691949972205,True,1.1326323171828703
L10_S4_reversible_irreversible_irreversible_TriFalseFalseFalse_i0,1195480067,10,4,reversible,irreversible,False,14,74,621,0.13774945799377747,0.236951292026788,8.899655014274444,8.899655014274442,True,0.5813408158030373
L10_S4_reversible_irreversible_irreversible_TriFalseFalseFalse_i1,1052409194,10,4,reversible,irreversible,False,14,74,619,0.16639758300152607,0.1612997080083005,9.740347632144609,9.740347632144609,True,1.0316049794793072
L10_S4_reversible_irreversible_irreversible_TriFalseFalseFalse_i2,3287922987,10,4,reversible,irreversible,False,12,42,302,0.055305999994743615,0.04622591700172052,4.3833738884494275,4.3833738884494275,True,1.1964283758017555
L10_S4_reversible_irreversible_irreversible_TriFalseFalseFalse_i3,3935515772,10,4,reversible,irreversible,False,12,42,293,0.05448474999866448,0.19113291701069102,6.013658620921798,6.013658620921798,True,0.2850620948277307
L10_S4_reversible_irreversible_irreversible_TriFalseFalseFalse_i4,1763311884,10,4,reversible,irreversible,False,13,58,459,0.10579712499747984,0.19213629097794183,8.379535249040098,8.379535249040098,True,0.5506358216261708
L10_S4_reversible_irreversible_tree_TriTrueTrueTrue_i0,3629375878,10,4,reversible,irreversible,True,15,90,778,0.16907754199928604,1.8825151250057388,10.262890184212935,10.262890184212937,True,0.08981470569005702
L10_S4_reversible_irreversible_tree_TriTrueTrueTrue_i1,1071482908,10,4,reversible,irreversible,True,12,42,302,0.0553688750078436,0.04310066701145843,3.4726899413802714,3.4726899413802714,True,1.2846407622527716
L10_S4_reversible_irreversible_tree_TriTrueTrueTrue_i2,647025629,10,4,reversible,irreversible,True,12,42,296,0.053562833985779434,0.07190758400247432,5.048154156299232,5.048154156299231,True,0.7448843398639566
L10_S4_reversible_irreversible_tree_TriTrueTrueTrue_i3,1529340525,10,4,reversible,irreversible,True,13,58,459,0.08654620798188262,0.07032416600850411,7.1019029965618214,7.101902996561822,True,1.23067519550451
L10_S4_reversible_irreversible_tree_TriTrueTrueTrue_i4,677839565,10,4,reversible,irreversible,True,15,90,781,0.15850799999316223,0.4266434589808341,6.4450053849944,6.4450053849944,True,0.37152333238691343
L10_S4_reversible_irreversible_tree_TriTrueTrueFalse_i0,451968462,10,4,reversible,irreversible,False,12,42,300,0.0601171659945976,0.12679854198358953,6.330361045433877,6.330361045433877,True,0.47411558981697494
L10_S4_reversible_irreversible_tree_TriTrueTrueFalse_i1,4187463310,10,4,reversible,irreversible,False,14,74,622,0.13710179200279526,0.3526186660164967,7.501887457394961,7.501887457394961,True,0.3888103632255554
L10_S4_reversible_irreversible_tree_TriTrueTrueFalse_i2,229613480,10,4,reversible,irreversible,False,14,74,619,0.12115820799954236,0.4832417499856092,7.655315779468044,7.655315779468044,True,0.2507196610235575
L10_S4_reversible_irreversible_tree_TriTrueTrueFalse_i3,2550849926,10,4,reversible,irreversible,False,15,90,782,0.13415566700859927,0.13842779101105407,5.689481436741718,5.689481436741718,True,0.969138242108827
L10_S4_reversible_irreversible_tree_TriTrueTrueFalse_i4,2717439466,10,4,reversible,irreversible,False,13,58,460,0.1237560419831425,0.10522225001477636,4.5650692225113385,4.565069222511338,True,1.1761394647008971
L10_S4_reversible_irreversible_tree_TriTrueFalseTrue_i0,2003267076,10,4,reversible,irreversible,True,16,106,940,0.19905033300165087,0.1613853750168346,6.062988693126944,6.062988693126944,True,1.2333851921061754
L10_S4_reversible_irreversible_tree_TriTrueFalseTrue_i1,2481987601,10,4,reversible,irreversible,True,14,74,621,0.11213529101223685,0.06707033302518539,5.374646722674545,5.374646722674545,True,1.6719059572616597
L10_S4_reversible_irreversible_tree_TriTrueFalseTrue_i2,2173470340,10,4,reversible,irreversible,True,13,58,462,0.0837274169898592,0.01489770898479037,3.384921279626714,3.384921279626714,True,5.620153505158823
L10_S4_reversible_irreversible_tree_TriTrueFalseTrue_i3,1135922102,10,4,reversible,irreversible,True,13,58,461,0.1330367079935968,0.15906066697789356,7.181666486841175,7.181666486841175,True,0.8363897227697195
L10_S4_reversible_irreversible_tree_TriTrueFalseTrue_i4,2874249235,10,4,reversible,irreversible,True,14,74,618,0.10592587498831563,0.1489202499797102,9.351476697366902,9.351476697366902,True,0.7112926166283967
L10_S4_reversible_irreversible_tree_TriTrueFalseFalse_i0,1125868904,10,4,reversible,irreversible,False,15,90,782,0.15583825000794604,0.13739470799919218,6.30839346591329,6.30839346591329,True,1.1342376365370976
L10_S4_reversible_irreversible_tree_TriTrueFalseFalse_i1,1105602658,10,4,reversible,irreversible,False,11,26,142,0.02344437499414198,0.015396250004414469,2.791718551864063,2.791718551864063,True,1.522732708593795
L10_S4_reversible_irreversible_tree_TriTrueFalseFalse_i2,3087181098,10,4,reversible,irreversible,False,12,42,293,0.05176204099552706,0.10136270799557678,7.91561907922219,7.91561907922219,True,0.5106615786855679
L10_S4_reversible_irreversible_tree_TriTrueFalseFalse_i3,3188887689,10,4,reversible,irreversible,False,11,26,138,0.020907958009047434,0.010126790992217138,7.375381561587677,7.375381561587677,True,2.0646180967394288
L10_S4_reversible_irreversible_tree_TriTrueFalseFalse_i4,2846337386,10,4,reversible,irreversible,False,13,58,454,0.13299904199084267,0.21201812499202788,7.32263794033739,7.32263794033739,True,0.6273003374996513
L10_S4_reversible_irreversible_tree_TriFalseTrueTrue_i0,1007595907,10,4,reversible,irreversible,True,15,90,775,0.16284520900808275,0.35777408300782554,10.082284082237189,10.08228408223719,True,0.45516211566772075
L10_S4_reversible_irreversible_tree_TriFalseTrueTrue_i1,3713597977,10,4,reversible,irreversible,True,14,74,613,0.1202794169948902,0.15661633302806877,6.628738280506923,6.628738280506923,True,0.76798769260768
L10_S4_reversible_irreversible_tree_TriFalseTrueTrue_i2,3849947594,10,4,reversible,irreversible,True,13,54,399,0.07206091698026285,0.051936374977231026,6.982445926001636,6.982445926001636,True,1.3874845062707966
L10_S4_reversible_irreversible_tree_TriFalseTrueTrue_i3,343353399,10,4,reversible,irreversible,True,12,42,302,0.05483108398038894,0.047494208003627136,3.919317170833129,3.919317170833129,True,1.154479359287813
L10_S4_reversible_irreversible_tree_TriFalseTrueTrue_i4,45327130,10,4,reversible,irreversible,True,14,66,520,0.14048358300351538,0.09222024999326095,8.385989386981358,8.385989386981358,True,1.523348521506207
L10_S4_reversible_irreversible_tree_TriFalseTrueFalse_i0,2053598434,10,4,reversible,irreversible,False,12,42,294,0.055363040999509394,0.08337320797727443,5.1270187420143944,5.1270187420143944,True,0.6640387443237318
L10_S4_reversible_irreversible_tree_TriFalseTrueFalse_i1,1862697346,10,4,reversible,irreversible,False,14,74,619,0.12285670900018886,0.19736212500720285,5.756640952788859,5.75664095278886,True,0.6224938466446451
L10_S4_reversible_irreversible_tree_TriFalseTrueFalse_i2,559877058,10,4,reversible,irreversible,False,13,58,461,0.0940743749961257,0.19324095800402574,8.015948483880084,8.015948483880084,True,0.48682419856012965
L10_S4_reversible_irreversible_tree_TriFalseTrueFalse_i3,1916113499,10,4,reversible,irreversible,False,14,74,619,0.15862695800024085,0.16164475001278333,4.978909649798808,4.978909649798808,True,0.9813307082745679
L10_S4_reversible_irreversible_tree_TriFalseTrueFalse_i4,3135123793,10,4,reversible,irreversible,False,13,58,455,0.08326029201271012,0.07473824999760836,8.980630615344092,8.980630615344092,True,1.1140251598257827
L10_S4_reversible_irreversible_tree_TriFalseFalseTrue_i0,2933137815,10,4,reversible,irreversible,True,14,66,510,0.09916133299702778,0.12815737500204705,12.126572390714491,12.126572390714491,True,0.7737465925913144
L10_S4_reversible_irreversible_tree_TriFalseFalseTrue_i1,424011744,10,4,reversible,irreversible,True,14,74,622,0.132924457982881,0.42811504198471084,7.258292220205109,7.258292220205109,True,0.3104877068933737
L10_S4_reversible_irreversible_tree_TriFalseFalseTrue_i2,2707932862,10,4,reversible,irreversible,True,14,74,616,0.10094020899850875,0.08983737500966527,6.494639059154107,6.494639059154108,True,1.123588126479217
L10_S4_reversible_irreversible_tree_TriFalseFalseTrue_i3,1740114895,10,4,reversible,irreversible,True,12,42,302,0.053976833994966,0.022906666999915615,3.997971252852475,3.997971252852475,True,2.3563808579739685
L10_S4_reversible_irreversible_tree_TriFalseFalseTrue_i4,2119772664,10,4,reversible,irreversible,True,12,42,292,0.05650766601320356,0.10933662499883212,4.859751260824024,4.859751260824024,True,0.5168228441017299
L10_S4_reversible_irreversible_tree_TriFalseFalseFalse_i0,2781167512,10,4,reversible,irreversible,False,13,58,450,0.08241129200905561,0.03516616698470898,8.132739645506025,8.132739645506023,True,2.343482293688919
L10_S4_reversible_irreversible_tree_TriFalseFalseFalse_i1,943030505,10,4,reversible,irreversible,False,12,42,300,0.05853079099324532,0.034462250012438744,5.476301215314023,5.476301215314022,True,1.698403014130427
L10_S4_reversible_irreversible_tree_TriFalseFalseFalse_i2,3955973648,10,4,reversible,irreversible,False,12,42,299,0.05404795901267789,0.04090074999839999,3.7670404957688026,3.7670404957688026,True,1.3214417264561282
L10_S4_reversible_irreversible_tree_TriFalseFalseFalse_i3,31184057,10,4,reversible,irreversible,False,15,90,781,0.21690837500500493,0.4511369170213584,9.722400578784264,9.722400578784264,True,0.4808038676070747
L10_S4_reversible_irreversible_tree_TriFalseFalseFalse_i4,1393360694,10,4,reversible,irreversible,False,14,74,622,0.12108179202186875,0.09533658300642855,2.4899255213187828,2.4899255213187828,True,1.2700454215320343
L10_S4_reversible_tree_tree_TriTrueTrueTrue_i0,3730424258,10,4,reversible,tree,True,16,62,411,0.07728933400358073,0.23603574998560362,14.590712321148793,14.590712321148791,True,0.32744757385627904
L10_S4_reversible_tree_tree_TriTrueTrueTrue_i1,3114536452,10,4,reversible,tree,True,14,74,518,0.11525654199067503,0.40767683400190435,6.269488741658384,6.269488741658384,True,0.2827154552211352
L10_S4_reversible_tree_tree_TriTrueTrueTrue_i2,2886140961,10,4,reversible,tree,True,13,46,288,0.04761083298944868,0.02818966598715633,9.34630244008532,9.34630244008532,True,1.688946272800631
L10_S4_reversible_tree_tree_TriTrueTrueTrue_i3,487069947,10,4,reversible,tree,True,12,34,194,0.03701845899922773,0.10607254100614227,5.8139207223944505,5.8139207223944505,True,0.34899190967898297
L10_S4_reversible_tree_tree_TriTrueTrueTrue_i4,1796420597,10,4,reversible,tree,True,15,70,494,0.13488800000050105,0.10387579098460265,5.652636814774422,5.652636814774422,True,1.2985508694893542
L10_S4_reversible_tree_tree_TriTrueTrueFalse_i0,1465471138,10,4,reversible,tree,False,15,82,579,0.10681925000972115,0.17061129098874517,12.939094140343197,12.939094140343197,True,0.6260971871473066
L10_S4_reversible_tree_tree_TriTrueTrueFalse_i1,3195270492,10,4,reversible,tree,False,14,42,270,0.044370708987116814,0.02372458402533084,6.487918819114764,6.487918819114764,True,1.870241731930907
L10_S4_reversible_tree_tree_TriTrueTrueFalse_i2,1035534678,10,4,reversible,tree,False,14,42,269,0.04405729100108147,0.04925141599960625,9.624229282812069,9.624229282812069,True,0.8945385470114229
L10_S4_reversible_tree_tree_TriTrueTrueFalse_i3,4096152812,10,4,reversible,tree,False,12,42,245,0.05040487501537427,0.41785262498888187,6.532795481367153,6.532795481367153,True,0.12062835526302383
L10_S4_reversible_tree_tree_TriTrueTrueFalse_i4,1951806739,10,4,reversible,tree,False,12,34,193,0.037306625017663464,0.21153733300161548,5.471085688391052,5.471085688391052,True,0.1763595310196098
L10_S4_reversible_tree_tree_TriTrueFalseTrue_i0,3071078818,10,4,reversible,tree,True,11,22,94,0.01366591700934805,0.01056187498033978,3.0278752870260623,3.0278752870260623,True,1.2938910696154957
L10_S4_reversible_tree_tree_TriTrueFalseTrue_i1,927039813,10,4,reversible,tree,True,14,42,264,0.08159058401361108,0.0328473339905031,10.077192614366528,10.077192614366528,True,2.4839331421316446
L10_S4_reversible_tree_tree_TriTrueFalseTrue_i2,3550969147,10,4,reversible,tree,True,12,42,246,0.05043579198536463,0.040486790996510535,10.227568943816218,10.227568943816218,True,1.2457344605053318
L10_S4_reversible_tree_tree_TriTrueFalseTrue_i3,358488246,10,4,reversible,tree,True,13,58,381,0.0887256249843631,0.1684864589769859,6.486281237181991,6.486281237181991,True,0.526603888505239
L10_S4_reversible_tree_tree_TriTrueFalseTrue_i4,1634456000,10,4,reversible,tree,True,15,50,334,0.06027350001386367,0.07632433300022967,5.3755001308276915,5.3755001308276915,True,0.7897022725895295
L10_S4_reversible_tree_tree_TriTrueFalseFalse_i0,2477456406,10,4,reversible,tree,False,13,42,257,0.04535429200041108,0.030947666004067287,4.624205172576063,4.624205172576063,True,1.465515704122395
L10_S4_reversible_tree_tree_TriTrueFalseFalse_i1,1493169131,10,4,reversible,tree,False,12,34,194,0.03356662500300445,0.03481866599759087,4.947157640561869,4.947157640561869,True,0.9640410704214193
L10_S4_reversible_tree_tree_TriTrueFalseFalse_i2,2318994721,10,4,reversible,tree,False,12,26,140,0.019603249995270744,0.01357750000897795,7.208219909079797,7.208219909079796,True,1.4438039800040041
L10_S4_reversible_tree_tree_TriTrueFalseFalse_i3,1502146337,10,4,reversible,tree,False,12,30,158,0.02041562501108274,0.009905333019560203,3.974141008395903,3.974141008395903,True,2.0610738588691424
L10_S4_reversible_tree_tree_TriTrueFalseFalse_i4,4109749522,10,4,reversible,tree,False,12,42,246,0.045973624975886196,0.06174291699426249,7.169965392224123,7.169965392224123,True,0.744597542023497
L10_S4_reversible_tree_tree_TriFalseTrueTrue_i0,2423056753,10,4,reversible,tree,True,16,58,370,0.06132033298490569,0.21597966601257212,9.856924706440893,9.856924706440893,True,0.2839171568003957
L10_S4_reversible_tree_tree_TriFalseTrueTrue_i1,2471078060,10,4,reversible,tree,True,14,58,394,0.06943441601470113,0.07131425000261515,7.826809177283328,7.826809177283328,True,0.9736401215537538
L10_S4_reversible_tree_tree_TriFalseTrueTrue_i2,2258719231,10,4,reversible,tree,True,12,26,134,0.020493749994784594,0.01791641701129265,9.39372662946497,9.39372662946497,True,1.143853083907032
L10_S4_reversible_tree_tree_TriFalseTrueTrue_i3,952195886,10,4,reversible,tree,True,12,38,210,0.02887458400800824,0.040279208013089374,4.369393526962985,4.369393526962985,True,0.7168607506325406
L10_S4_reversible_tree_tree_TriFalseTrueTrue_i4,1069692365,10,4,reversible,tree,True,14,58,394,0.07688995799981058,0.027844542026286945,6.554042310290926,6.554042310290926,True,2.761401324748687
L10_S4_reversible_tree_tree_TriFalseTrueFalse_i0,2503924446,10,4,reversible,tree,False,14,70,482,0.08446674997685477,0.09111570799723268,10.23753045004338,10.23753045004338,True,0.9270273030462854
L10_S4_reversible_tree_tree_TriFalseTrueFalse_i1,4090585461,10,4,reversible,tree,False,13,30,142,0.01872749999165535,0.00946433300850913,10.979949165893068,10.979949165893068,True,1.9787446189893507
L10_S4_reversible_tree_tree_TriFalseTrueFalse_i2,2751640088,10,4,reversible,tree,False,12,26,139,0.025307083007646725,0.02111837500706315,5.9577370494017075,5.957737049401709,True,1.1983441813510016
L10_S4_reversible_tree_tree_TriFalseTrueFalse_i3,2429630102,10,4,reversible,tree,False,12,42,245,0.04631587499170564,0.13567841600161046,6.608757402318405,6.608757402318405,True,0.3413650897117696
L10_S4_reversible_tree_tree_TriFalseTrueFalse_i4,617430593,10,4,reversible,tree,False,15,70,474,0.12807983299717307,0.21566191699821502,7.065109973167129,7.065109973167129,True,0.5938917458678687
L10_S4_reversible_tree_tree_TriFalseFalseTrue_i0,254173160,10,4,reversible,tree,True,14,74,514,0.09886162498150952,0.11658750000060536,7.110219769073076,7.110219769073078,True,0.8479607516503523
L10_S4_reversible_tree_tree_TriFalseFalseTrue_i1,1937364336,10,4,reversible,tree,True,14,62,410,0.07699287499417551,0.3987105000123847,6.29064180029698,6.29064180029698,True,0.1931047083000805
L10_S4_reversible_tree_tree_TriFalseFalseTrue_i2,3848894327,10,4,reversible,tree,True,14,74,518,0.09576208298676647,0.0926776249834802,5.898577451377472,5.898577451377472,True,1.033281571151122
L10_S4_reversible_tree_tree_TriFalseFalseTrue_i3,2734616277,10,4,reversible,tree,True,15,46,292,0.05048029200406745,0.06666258300538175,8.13264963626304,8.132649636263041,True,0.7572507540360589
L10_S4_reversible_tree_tree_TriFalseFalseTrue_i4,596155901,10,4,reversible,tree,True,16,82,593,0.15039237498422153,0.402291458012769,5.712104138497089,5.712104138497089,True,0.3738393436273475
L10_S4_reversible_tree_tree_TriFalseFalseFalse_i0,2441565727,10,4,reversible,tree,False,16,106,789,0.15466233302140608,0.2307610829884652,6.835350009843025,6.835350009843024,True,0.6702271039303014
L10_S4_reversible_tree_tree_TriFalseFalseFalse_i1,1118968447,10,4,reversible,tree,False,13,54,342,0.06161187501857057,0.12807379200239666,8.81946573041173,8.81946573041173,True,0.4810654355916329
L10_S4_reversible_tree_tree_TriFalseFalseFalse_i2,4078505317,10,4,reversible,tree,False,14,62,409,0.08673379200627096,0.15120120797655545,11.136393682428809,11.136393682428809,True,0.5736316038300957
L10_S4_reversible_tree_tree_TriFalseFalseFalse_i3,476720045,10,4,reversible,tree,False,11,22,94,0.014152874995488673,0.005053750006482005,2.2619174581528636,2.261917458152863,True,2.800469389436879
L10_S4_reversible_tree_tree_TriFalseFalseFalse_i4,212342045,10,4,reversible,tree,False,13,34,201,0.0312393750064075,0.06115520800813101,8.824779790250847,8.824779790250847,True,0.510821163283965
L10_S4_irreversible_irreversible_irreversible_TriTrueTrueTrue_i0,296469781,10,4,irreversible,irreversible,True,13,58,336,0.07501216698437929,0.3388625409861561,4.121831433187824,4.121831433187823,True,0.22136458796748282
L10_S4_irreversible_irreversible_irreversible_TriTrueTrueTrue_i1,2047552619,10,4,irreversible,irreversible,True,13,46,232,0.03740670799743384,0.10683154099388048,4.953287220571591,4.953287220571591,True,0.3501466636096722
L10_S4_irreversible_irreversible_irreversible_TriTrueTrueTrue_i2,3810547456,10,4,irreversible,irreversible,True,14,70,408,0.08474429199122824,0.3118218329909723,7.302696959615957,7.302696959615957,True,0.27177151422206597
L10_S4_irreversible_irreversible_irreversible_TriTrueTrueTrue_i3,332563659,10,4,irreversible,irreversible,True,13,58,340,0.07570208399556577,0.510449207999045,5.212510269521093,5.212510269521093,True,0.14830483162862027
L10_S4_irreversible_irreversible_irreversible_TriTrueTrueTrue_i4,3547763638,10,4,irreversible,irreversible,True,12,42,223,0.045237792015541345,0.15851887498865835,5.666800742912942,5.666800742912942,True,0.28537795094369706
L10_S4_irreversible_irreversible_irreversible_TriTrueTrueFalse_i0,1881493248,10,4,irreversible,irreversible,False,12,42,225,0.037468875001650304,0.16740045900223777,4.324272385893652,4.324272385893652,True,0.22382778996634436
L10_S4_irreversible_irreversible_irreversible_TriTrueTrueFalse_i1,2063248353,10,4,irreversible,irreversible,False,13,58,322,0.10911412499262951,0.48057924999739043,4.4970153413185345,4.4970153413185345,True,0.22704709944546067
L10_S4_irreversible_irreversible_irreversible_TriTrueTrueFalse_i2,2788499036,10,4,irreversible,irreversible,False,14,74,454,0.09134016701136716,0.11863650000304915,1.1028607493607638,1.1028607493607638,True,0.7699162251002292
L10_S4_irreversible_irreversible_irreversible_TriTrueTrueFalse_i3,3510787920,10,4,irreversible,irreversible,False,13,58,340,0.07346420901012607,0.10522645799210295,3.5740669495325275,3.5740669495325275,True,0.6981533894972121
L10_S4_irreversible_irreversible_irreversible_TriTrueTrueFalse_i4,1971055737,10,4,irreversible,irreversible,False,12,42,219,0.027611458994215354,0.012003791984170675,4.688401481531515,4.688401481531515,True,2.300227855530865
L10_S4_irreversible_irreversible_irreversible_TriTrueFalseTrue_i0,1129640253,10,4,irreversible,irreversible,True,12,42,222,0.03613608397427015,0.3791929169965442,4.267340778269389,4.267340778269389,True,0.09529735989056493
L10_S4_irreversible_irreversible_irreversible_TriTrueFalseTrue_i1,774950878,10,4,irreversible,irreversible,True,12,42,217,0.028457665990572423,0.07181487500201911,7.485432547822164,7.485432547822164,True,0.3962642223287042
L10_S4_irreversible_irreversible_irreversible_TriTrueFalseTrue_i2,2047770439,10,4,irreversible,irreversible,True,12,34,159,0.03415829100413248,0.111183916014852,3.929050671280417,3.929050671280417,True,0.30722331000057856
L10_S4_irreversible_irreversible_irreversible_TriTrueFalseTrue_i3,2207680738,10,4,irreversible,irreversible,True,12,42,226,0.08144083400839008,0.07314870899426751,3.4744493504715996,3.4744493504715996,True,1.1133598120154464
L10_S4_irreversible_irreversible_irreversible_TriTrueFalseTrue_i4,247725782,10,4,irreversible,irreversible,True,14,74,453,0.10562187500181608,2.8575877090042923,4.004751825782727,4.004751825782727,True,0.036961901337984625
L10_S4_irreversible_irreversible_irreversible_TriTrueFalseFalse_i0,937495010,10,4,irreversible,irreversible,False,14,74,446,0.0825371659884695,0.12757812498603016,8.811958463087151,8.811958463087151,True,0.646953898644877
L10_S4_irreversible_irreversible_irreversible_TriTrueFalseFalse_i1,2086982552,10,4,irreversible,irreversible,False,15,90,561,0.1305330839823,0.5102219170075841,5.796594799500591,5.79659479950059,True,0.25583590076261625
L10_S4_irreversible_irreversible_irreversible_TriTrueFalseFalse_i2,2764019693,10,4,irreversible,irreversible,False,13,58,340,0.11481183301657438,0.34143212501658127,6.550774532861563,6.550774532861563,True,0.3362654661588543
L10_S4_irreversible_irreversible_irreversible_TriTrueFalseFalse_i3,241372969,10,4,irreversible,irreversible,False,13,58,337,0.06527666599140503,0.16740620802738704,7.567940687298635,7.567940687298635,True,0.38992977841536336
L10_S4_irreversible_irreversible_irreversible_TriTrueFalseFalse_i4,2060251589,10,4,irreversible,irreversible,False,14,74,450,0.09461900001042522,0.31676158297341317,3.982996344784305,3.982996344784305,True,0.2987073079492079
L10_S4_irreversible_irreversible_irreversible_TriFalseTrueTrue_i0,1934030756,10,4,irreversible,irreversible,True,13,58,331,0.05025000000023283,0.04268020801828243,8.135488682705883,8.135488682705882,True,1.1773606820601048
L10_S4_irreversible_irreversible_irreversible_TriFalseTrueTrue_i1,3015347001,10,4,irreversible,irreversible,True,13,58,338,0.06953474998590536,0.028997334011364728,3.5378631613008453,3.5378631613008453,True,2.3979703637818126
L10_S4_irreversible_irreversible_irreversible_TriFalseTrueTrue_i2,649348068,10,4,irreversible,irreversible,True,13,58,339,0.07197841699235141,0.34370104200206697,5.855465015326095,5.855465015326095,True,0.20942158442015127
L10_S4_irreversible_irreversible_irreversible_TriFalseTrueTrue_i3,2805507048,10,4,irreversible,irreversible,True,12,42,228,0.06420241700834595,0.24208333401475102,3.6777163130972763,3.6777163130972763,True,0.2652079169532007
L10_S4_irreversible_irreversible_irreversible_TriFalseTrueTrue_i4,381418489,10,4,irreversible,irreversible,True,13,46,221,0.03611854201881215,0.05449949999456294,7.628524575135328,7.628524575135328,True,0.6627316096419941
L10_S4_irreversible_irreversible_irreversible_TriFalseTrueFalse_i0,4050722242,10,4,irreversible,irreversible,False,13,46,225,0.031824583013076335,0.013929415988968685,4.573677153638677,4.573677153638678,True,2.2847031601020786
L10_S4_irreversible_irreversible_irreversible_TriFalseTrueFalse_i1,3192716202,10,4,irreversible,irreversible,False,14,74,447,0.09170883300248533,0.2942398750165012,2.765538564596098,2.765538564596098,True,0.31168050450559
L10_S4_irreversible_irreversible_irreversible_TriFalseTrueFalse_i2,4015749168,10,4,irreversible,irreversible,False,12,42,225,0.0395530840032734,0.03143175001605414,3.241916041047989,3.241916041047989,True,1.25837990963568
L10_S4_irreversible_irreversible_irreversible_TriFalseTrueFalse_i3,2895065433,10,4,irreversible,irreversible,False,14,74,447,0.09528083298937418,0.22130599999218248,2.8520931000783687,2.8520931000783687,True,0.43053885824243837
L10_S4_irreversible_irreversible_irreversible_TriFalseTrueFalse_i4,1864696694,10,4,irreversible,irreversible,False,14,70,411,0.135444749990711,0.19780408299993724,3.0741506044333313,3.0741506044333313,True,0.684741928739722
L10_S4_irreversible_irreversible_irreversible_TriFalseFalseTrue_i0,1594310263,10,4,irreversible,irreversible,True,14,70,409,0.0879492090025451,0.08769175002817065,4.0931000208347275,4.0931000208347275,True,1.002935942906326
L10_S4_irreversible_irreversible_irreversible_TriFalseFalseTrue_i1,2085142790,10,4,irreversible,irreversible,True,13,58,336,0.07304162500076927,0.3085863750020508,3.2771645634493036,3.2771645634493036,True,0.23669750410589693
L10_S4_irreversible_irreversible_irreversible_TriFalseFalseTrue_i2,1014356390,10,4,irreversible,irreversible,True,12,42,220,0.036780750000616536,0.1140121249773074,6.993404887995509,6.993404887995509,True,0.32260384310294554
L10_S4_irreversible_irreversible_irreversible_TriFalseFalseTrue_i3,437293761,10,4,irreversible,irreversible,True,14,74,453,0.09405945899197832,0.1329554590047337,3.1416788384627994,3.1416788384627994,True,0.707450893619784
L10_S4_irreversible_irreversible_irreversible_TriFalseFalseTrue_i4,973753561,10,4,irreversible,irreversible,True,16,106,670,0.14141712500713766,0.732162749976851,5.787839797769084,5.787839797769083,True,0.19314984929028284
L10_S4_irreversible_irreversible_irreversible_TriFalseFalseFalse_i0,1301685542,10,4,irreversible,irreversible,False,14,74,445,0.1003565409919247,0.15887825001846068,6.290414791320062,6.290414791320062,True,0.6316568841147672
L10_S4_irreversible_irreversible_irreversible_TriFalseFalseFalse_i1,2797372629,10,4,irreversible,irreversible,False,14,70,406,0.07731337498989888,0.6134690830076579,12.193845867470577,12.193845867470577,True,0.1260265219639557
L10_S4_irreversible_irreversible_irreversible_TriFalseFalseFalse_i2,992455272,10,4,irreversible,irreversible,False,13,58,341,0.07987008299096487,0.15246183300041594,5.4535775824843835,5.453577582484383,True,0.5238693573025429
L10_S4_irreversible_irreversible_irreversible_TriFalseFalseFalse_i3,4278404170,10,4,irreversible,irreversible,False,13,58,338,0.06715424999129027,0.039797790988814086,3.324657958546427,3.324657958546427,True,1.687386325607341
L10_S4_irreversible_irreversible_irreversible_TriFalseFalseFalse_i4,3085883914,10,4,irreversible,irreversible,False,12,42,222,0.03516008399310522,0.08518491600989364,5.3850627595190765,5.3850627595190765,True,0.4127501114900613
L10_S4_irreversible_irreversible_tree_TriTrueTrueTrue_i0,1591748228,10,4,irreversible,irreversible,True,13,58,339,0.0761619170079939,0.03244166701915674,2.129192867272298,2.129192867272298,True,2.3476572463234766
L10_S4_irreversible_irreversible_tree_TriTrueTrueTrue_i1,33111647,10,4,irreversible,irreversible,True,15,78,461,0.10217104200273752,2.3971812079835217,2.9151402914110385,2.9151402914110385,True,0.04262132608909494
L10_S4_irreversible_irreversible_tree_TriTrueTrueTrue_i2,3095123132,10,4,irreversible,irreversible,True,13,50,254,0.042317665996961296,0.41285616700770333,9.181290945188813,9.181290945188813,True,0.10249977904210869
L10_S4_irreversible_irreversible_tree_TriTrueTrueTrue_i3,2495973267,10,4,irreversible,irreversible,True,12,34,140,0.02050625000265427,0.030044332990655676,5.3812260644031165,5.3812260644031165,True,0.6825330196712658
L10_S4_irreversible_irreversible_tree_TriTrueTrueTrue_i4,3170686612,10,4,irreversible,irreversible,True,15,90,563,0.1767693340079859,0.4519295410136692,4.469656065029623,4.469656065029623,True,0.3911435690181972
L10_S4_irreversible_irreversible_tree_TriTrueTrueFalse_i0,1645262976,10,4,irreversible,irreversible,False,13,50,256,0.05323025002144277,0.021913499978836626,3.8760503281189402,3.8760503281189402,True,2.429107520192729
L10_S4_irreversible_irreversible_tree_TriTrueTrueFalse_i1,2546210619,10,4,irreversible,irreversible,False,13,58,339,0.07146604199078865,0.02076533401850611,3.6372875827293063,3.6372875827293063,True,3.4416031297880805
L10_S4_irreversible_irreversible_tree_TriTrueTrueFalse_i2,1933025881,10,4,irreversible,irreversible,False,16,106,671,0.13032616599230096,0.08379195901216008,4.777251940775223,4.777251940775223,True,1.5553540694523404
L10_S4_irreversible_irreversible_tree_TriTrueTrueFalse_i3,1242484120,10,4,irreversible,irreversible,False,12,42,228,0.049516917002620175,0.05356258398387581,2.0961629202104515,2.0961629202104515,True,0.9244683955699016
L10_S4_irreversible_irreversible_tree_TriTrueTrueFalse_i4,1426187745,10,4,irreversible,irreversible,False,12,42,229,0.041731375007657334,0.41912395899998955,3.429711568515524,3.429711568515524,True,0.09956809676941011
L10_S4_irreversible_irreversible_tree_TriTrueFalseTrue_i0,1110492271,10,4,irreversible,irreversible,True,12,42,227,0.04672774998471141,0.06187779098399915,2.1400565558093,2.1400565558093,True,0.7551618841990134
L10_S4_irreversible_irreversible_tree_TriTrueFalseTrue_i1,2154663081,10,4,irreversible,irreversible,True,15,90,565,0.12166608398547396,0.2594198329898063,2.150421102593496,2.150421102593496,True,0.46899299145436474
L10_S4_irreversible_irreversible_tree_TriTrueFalseTrue_i2,1641111208,10,4,irreversible,irreversible,True,15,78,451,0.07257483300054446,0.1471183329995256,11.10213774936782,11.10213774936782,True,0.49330923636464297
L10_S4_irreversible_irreversible_tree_TriTrueFalseTrue_i3,210150233,10,4,irreversible,irreversible,True,14,74,447,0.09246891699149273,0.12783083401154727,5.027954471201926,5.027954471201926,True,0.7233694200866309
L10_S4_irreversible_irreversible_tree_TriTrueFalseTrue_i4,2858814505,10,4,irreversible,irreversible,True,12,34,152,0.028765541996108368,0.03988183301407844,5.3610616433846445,5.3610616433846445,True,0.7212692873139691
L10_S4_irreversible_irreversible_tree_TriTrueFalseFalse_i0,2372572952,10,4,irreversible,irreversible,False,16,106,673,0.18117399999755435,0.3258429999987129,8.455070742050054,8.455070742050054,True,0.5560162392386939
L10_S4_irreversible_irreversible_tree_TriTrueFalseFalse_i1,3512924310,10,4,irreversible,irreversible,False,12,42,222,0.041975416999775916,0.057914999983040616,9.161049841452087,9.161049841452087,True,0.724776246003478
L10_S4_irreversible_irreversible_tree_TriTrueFalseFalse_i2,3318244188,10,4,irreversible,irreversible,False,13,38,161,0.030069333995925263,0.025883875001454726,3.8591686675921992,3.8591686675921992,True,1.161701361659873
L10_S4_irreversible_irreversible_tree_TriTrueFalseFalse_i3,3148831635,10,4,irreversible,irreversible,False,14,74,449,0.0960447919787839,0.44882708400837146,2.2391373160443155,2.2391373160443155,True,0.21399063288926176
L10_S4_irreversible_irreversible_tree_TriTrueFalseFalse_i4,941941691,10,4,irreversible,irreversible,False,13,58,333,0.06608520800364204,0.05218966698157601,2.785404387455328,2.785404387455328,True,1.2662507841010107
L10_S4_irreversible_irreversible_tree_TriFalseTrueTrue_i0,3138922523,10,4,irreversible,irreversible,True,13,58,332,0.0735033749951981,0.12344212501193397,6.450186072064059,6.45018607206406,True,0.5954480643673623
L10_S4_irreversible_irreversible_tree_TriFalseTrueTrue_i1,3449319745,10,4,irreversible,irreversible,True,15,86,522,0.1678042080020532,3.496708375023445,9.195161381576845,9.195161381576845,True,0.04798919153586518
L10_S4_irreversible_irreversible_tree_TriFalseTrueTrue_i2,1443775180,10,4,irreversible,irreversible,True,13,58,332,0.051854000019375235,0.14158295799279585,5.540514074973151,5.540514074973151,True,0.36624464122136136
L10_S4_irreversible_irreversible_tree_TriFalseTrueTrue_i3,3117748238,10,4,irreversible,irreversible,True,14,74,449,0.08608787498087622,0.18919920900953002,2.5969066464911608,2.5969066464911608,True,0.45501180991474516
L10_S4_irreversible_irreversible_tree_TriFalseTrueTrue_i4,1762446891,10,4,irreversible,irreversible,True,15,86,522,0.14959570800419897,0.2887911669968162,3.6837050581362942,3.6837050581362942,True,0.5180065202196495
L10_S4_irreversible_irreversible_tree_TriFalseTrueFalse_i0,2469012891,10,4,irreversible,irreversible,False,13,46,232,0.0502358749799896,0.15774616599082947,7.717894484123895,7.717894484123894,True,0.31846019423666916
L10_S4_irreversible_irreversible_tree_TriFalseTrueFalse_i1,1384149427,10,4,irreversible,irreversible,False,14,74,453,0.0938800000003539,0.4066584999964107,2.9605202700836077,2.9605202700836077,True,0.23085709451622288
L10_S4_irreversible_irreversible_tree_TriFalseTrueFalse_i2,2157487912,10,4,irreversible,irreversible,False,14,66,374,0.06740745800198056,0.25186083299922757,6.543157201858,6.5431572018579995,True,0.26763771457291086
L10_S4_irreversible_irreversible_tree_TriFalseTrueFalse_i3,2180185674,10,4,irreversible,irreversible,False,15,90,557,0.10612329200375825,0.402348792005796,9.277280474295956,9.277280474295958,True,0.26375943919441436
L10_S4_irreversible_irreversible_tree_TriFalseTrueFalse_i4,808631789,10,4,irreversible,irreversible,False,14,70,408,0.12385708300280385,0.17539020799449645,7.975855801343402,7.975855801343402,True,0.7061801437655527
L10_S4_irreversible_irreversible_tree_TriFalseFalseTrue_i0,3953121015,10,4,irreversible,irreversible,True,13,58,333,0.06641024997225031,0.12956850000773557,4.363498595875505,4.363498595875505,True,0.51254934228409
L10_S4_irreversible_irreversible_tree_TriFalseFalseTrue_i1,3353378982,10,4,irreversible,irreversible,True,12,42,221,0.03673695898032747,0.04364137499942444,3.278278456589845,3.278278456589845,True,0.8417919494750113
L10_S4_irreversible_irreversible_tree_TriFalseFalseTrue_i2,3769134585,10,4,irreversible,irreversible,True,12,42,222,0.04517537500942126,0.13970629198593087,2.9239760004007866,2.9239760004007866,True,0.32335962857428796
L10_S4_irreversible_irreversible_tree_TriFalseFalseTrue_i3,3297133689,10,4,irreversible,irreversible,True,11,26,111,0.015067291009472683,0.041083791002165526,2.5687756627319245,2.5687756627319245,True,0.3667453824291216
L10_S4_irreversible_irreversible_tree_TriFalseFalseTrue_i4,2250534660,10,4,irreversible,irreversible,True,13,58,335,0.06881091700051911,0.8319473750016186,3.608055372211966,3.6080553722119655,True,0.0827106605362804
L10_S4_irreversible_irreversible_tree_TriFalseFalseFalse_i0,3128782805,10,4,irreversible,irreversible,False,14,74,447,0.1416770830110181,0.42778933301451616,5.4248804484076905,5.4248804484076905,True,0.331184234261929
L10_S4_irreversible_irreversible_tree_TriFalseFalseFalse_i1,2458989282,10,4,irreversible,irreversible,False,13,58,337,0.06889770799898542,0.10344554201583378,2.4108636068513594,2.4108636068513594,True,0.6660287721476765
L10_S4_irreversible_irreversible_tree_TriFalseFalseFalse_i2,3165102923,10,4,irreversible,irreversible,False,15,86,519,0.10946245800005272,2.6973684999975376,6.636950070188179,6.636950070188179,True,0.040581202738732745
L10_S4_irreversible_irreversible_tree_TriFalseFalseFalse_i3,3955791053,10,4,irreversible,irreversible,False,13,58,340,0.07145654200576246,0.10470295799314044,2.5694114137994273,2.5694114137994273,True,0.6824691746337741
L10_S4_irreversible_irreversible_tree_TriFalseFalseFalse_i4,2815576698,10,4,irreversible,irreversible,False,12,42,229,0.0429497079749126,0.18174850000650622,3.9729425587372353,3.9729425587372353,True,0.2363139598789598
L10_S4_irreversible_tree_tree_TriTrueTrueTrue_i0,3009516374,10,4,irreversible,tree,True,13,38,151,0.027455167000880465,0.0624562919838354,5.200830006923469,5.200830006923469,True,0.4395900827477267
L10_S4_irreversible_tree_tree_TriTrueTrueTrue_i1,1099683814,10,4,irreversible,tree,True,15,82,386,0.07769766700221226,0.13073833301314153,9.720713774040048,9.720713774040048,True,0.5942990446428839
L10_S4_irreversible_tree_tree_TriTrueTrueTrue_i2,1199523021,10,4,irreversible,tree,True,13,34,139,0.024096167006064206,0.009701625007437542,5.404413368316438,5.404413368316438,True,2.4837245826206247
L10_S4_irreversible_tree_tree_TriTrueTrueTrue_i3,2884170907,10,4,irreversible,tree,True,13,46,202,0.041369957994902506,0.07864912500372157,2.680119742909415,2.6801197429094152,True,0.526006582615361
L10_S4_irreversible_tree_tree_TriTrueTrueTrue_i4,2492208787,10,4,irreversible,tree,True,13,42,180,0.0320521249959711,0.16990341700147837,5.19291026656448,5.19291026656448,True,0.18864908883523582
L10_S4_irreversible_tree_tree_TriTrueTrueFalse_i0,2821079518,10,4,irreversible,tree,False,14,26,89,0.009775209007784724,0.006923791981535032,4.272270308253498,4.272270308253498,True,1.4118286080843394
L10_S4_irreversible_tree_tree_TriTrueTrueFalse_i1,3007580703,10,4,irreversible,tree,False,14,74,350,0.06612445900100283,0.058259874989744276,2.701608438009185,2.7016084380091847,True,1.1349914135183363
L10_S4_irreversible_tree_tree_TriTrueTrueFalse_i2,4060816970,10,4,irreversible,tree,False,13,46,195,0.03781995800090954,0.6501572080014739,4.333635473168611,4.333635473168611,True,0.0581704816578044
L10_S4_irreversible_tree_tree_TriTrueTrueFalse_i3,2025430041,10,4,irreversible,tree,False,13,50,207,0.07401954199303873,0.03090220899321139,9.173741050501686,9.173741050501686,True,2.3952831208285548
L10_S4_irreversible_tree_tree_TriTrueTrueFalse_i4,457851496,10,4,irreversible,tree,False,11,26,86,0.012445000000298023,0.00947179101058282,1.7108713776050892,1.7108713776050892,True,1.313901317342404
L10_S4_irreversible_tree_tree_TriTrueFalseTrue_i0,1263809726,10,4,irreversible,tree,True,12,34,137,0.01941812498262152,0.01826045900816098,3.322277568647595,3.322277568647595,True,1.0633973609615068
L10_S4_irreversible_tree_tree_TriTrueFalseTrue_i1,288777488,10,4,irreversible,tree,True,12,29,108,0.01786424999590963,0.01548237499082461,4.907538803630644,4.907538803630644,True,1.1538442165786829
L10_S4_irreversible_tree_tree_TriTrueFalseTrue_i2,3889668760,10,4,irreversible,tree,True,11,22,73,0.009827541012782604,0.005614624998997897,1.0600801946919183,1.0600801946919183,True,1.7503465083046725
L10_S4_irreversible_tree_tree_TriTrueFalseTrue_i3,4142956089,10,4,irreversible,tree,True,13,46,190,0.03226137498859316,0.13416799998958595,4.587750015520707,4.587750015520708,True,0.2404550619420593
L10_S4_irreversible_tree_tree_TriTrueFalseTrue_i4,2461416903,10,4,irreversible,tree,True,14,58,268,0.046938750019762665,0.149986541015096,0.9194424297475299,0.9194424297475299,True,0.3129530782504361
L10_S4_irreversible_tree_tree_TriTrueFalseFalse_i0,2079484765,10,4,irreversible,tree,False,15,70,328,0.06234587499056943,0.10761375000583939,6.3575678631558254,6.3575678631558254,True,0.5793485907501392
L10_S4_irreversible_tree_tree_TriTrueFalseFalse_i1,191674785,10,4,irreversible,tree,False,13,46,202,0.03659970799344592,0.010331291996408254,4.120742736710329,4.120742736710329,True,3.542606719814264
L10_S4_irreversible_tree_tree_TriTrueFalseFalse_i2,4015081436,10,4,irreversible,tree,False,11,22,76,0.01052541600074619,0.022125916002551094,2.2371340640118333,2.2371340640118333,True,0.47570530069025485
L10_S4_irreversible_tree_tree_TriTrueFalseFalse_i3,868102324,10,4,irreversible,tree,False,12,28,104,0.013691000000108033,0.03884254099102691,4.423412060090196,4.423412060090196,True,0.3524743566801271
L10_S4_irreversible_tree_tree_TriTrueFalseFalse_i4,291156392,10,4,irreversible,tree,False,12,42,174,0.030416458001127467,0.054734750010538846,4.357162681450596,4.357162681450597,True,0.5557065198902789
L10_S4_irreversible_tree_tree_TriFalseTrueTrue_i0,2222852572,10,4,irreversible,tree,True,15,50,224,0.042164749989751726,0.07626804101164453,2.184502209664467,2.184502209664467,True,0.5528495143918085
L10_S4_irreversible_tree_tree_TriFalseTrueTrue_i1,2506177184,10,4,irreversible,tree,True,12,42,167,0.023377667006570846,0.07401508299517445,7.712163902571235,7.712163902571235,True,0.31585003683972035
L10_S4_irreversible_tree_tree_TriFalseTrueTrue_i2,160681984,10,4,irreversible,tree,True,16,82,395,0.07672516599996015,0.16568224999355152,5.880518752588767,5.880518752588768,True,0.4630862119500438
L10_S4_irreversible_tree_tree_TriFalseTrueTrue_i3,3958438144,10,4,irreversible,tree,True,14,58,246,0.04807137500029057,1.2948164169793017,8.251647883821672,8.251647883821672,True,0.037126015960865746
L10_S4_irreversible_tree_tree_TriFalseTrueTrue_i4,323155612,10,4,irreversible,tree,True,15,78,364,0.06927408400224522,0.07441079098498449,7.026275279900301,7.0262752799003,True,0.9309682393411991
L10_S4_irreversible_tree_tree_TriFalseTrueFalse_i0,3612433653,10,4,irreversible,tree,False,13,34,146,0.02872095798375085,0.0406794160080608,1.5309507974681962,1.5309507974681962,True,0.7060317009474268
L10_S4_irreversible_tree_tree_TriFalseTrueFalse_i1,634051634,10,4,irreversible,tree,False,14,46,192,0.037924000003840774,0.11710970901185647,7.2189575340446455,7.218957534044646,True,0.32383309633335494
L10_S4_irreversible_tree_tree_TriFalseTrueFalse_i2,1925221378,10,4,irreversible,tree,False,12,34,139,0.024580709025030956,0.01187108299927786,2.8881744584265654,2.8881744584265654,True,2.070637275123843
L10_S4_irreversible_tree_tree_TriFalseTrueFalse_i3,4079884731,10,4,irreversible,tree,False,15,82,387,0.10210633301176131,0.19515233300626278,3.995385565738962,3.995385565738962,True,0.5232134861809264
L10_S4_irreversible_tree_tree_TriFalseTrueFalse_i4,2558403027,10,4,irreversible,tree,False,16,82,396,0.08055820799199864,0.05201666700304486,2.411392525200348,2.411392525200348,True,1.5486998895677646
L10_S4_irreversible_tree_tree_TriFalseFalseTrue_i0,134325736,10,4,irreversible,tree,True,13,58,258,0.048456165997777134,0.038409166008932516,2.602809367168698,2.602809367168698,True,1.2615781536347317
L10_S4_irreversible_tree_tree_TriFalseFalseTrue_i1,2159427035,10,4,irreversible,tree,True,14,54,229,0.04182225000113249,0.3539173750032205,3.626339228591167,3.626339228591167,True,0.11816953005650652
L10_S4_irreversible_tree_tree_TriFalseFalseTrue_i2,3188394757,10,4,irreversible,tree,True,15,30,107,0.009974957996746525,0.007766958005959168,,0.8916447662165305,False,1.2842810151428994
L10_S4_irreversible_tree_tree_TriFalseFalseTrue_i3,4021941889,10,4,irreversible,tree,True,14,50,215,0.03438129197456874,0.023466916987672448,4.720218086545135,4.720218086545135,True,1.4650961831728304
L10_S4_irreversible_tree_tree_TriFalseFalseTrue_i4,1410703180,10,4,irreversible,tree,True,12,42,168,0.025196250004228204,0.006911666016094387,3.1248180402317507,3.1248180402317507,True,3.6454664186739114
L10_S4_irreversible_tree_tree_TriFalseFalseFalse_i0,3280946934,10,4,irreversible,tree,False,11,22,76,0.009974708984373137,0.017240417015273124,2.29551987930027,2.29551987930027,True,0.5785653790724005
L10_S4_irreversible_tree_tree_TriFalseFalseFalse_i1,83666738,10,4,irreversible,tree,False,15,45,169,0.0305240000016056,0.21844445800525136,5.981737143734925,5.981737143734925,True,0.13973345966569842
L10_S4_irreversible_tree_tree_TriFalseFalseFalse_i2,1220615911,10,4,irreversible,tree,False,14,58,212,0.0332295419939328,0.02035150001756847,8.678686878143035,8.678686878143035,True,1.632780892438712
L10_S4_irreversible_tree_tree_TriFalseFalseFalse_i3,1947457008,10,4,irreversible,tree,False,11,22,76,0.011141875002067536,0.07852812498458661,2.8205490548664143,2.8205490548664143,True,0.14188387743080036
L10_S4_irreversible_tree_tree_TriFalseFalseFalse_i4,2311836357,10,4,irreversible,tree,False,12,42,165,0.02498924999963492,0.0767268750059884,6.696350806492794,6.696350806492794,True,0.32569096124393954
L10_S4_tree_tree_tree_TriTrueTrueTrue_i0,2094636833,10,4,tree,tree,True,13,22,55,0.006155207986012101,0.004032167023979127,,1.5078514629987536,False,1.526525667930341
L10_S4_tree_tree_tree_TriTrueTrueTrue_i1,1266004160,10,4,tree,tree,True,13,28,77,0.009965207980712876,0.006044332985766232,0.958373804785325,0.958373804785325,True,1.6486858608706745
L10_S4_tree_tree_tree_TriTrueTrueTrue_i2,3235053867,10,4,tree,tree,True,12,22,50,0.007558624987723306,0.004526583012193441,4.343414547202227,4.343414547202227,True,1.6698298247336918
L10_S4_tree_tree_tree_TriTrueTrueTrue_i3,777156275,10,4,tree,tree,True,12,25,60,0.010383916000137106,0.010498749994440004,9.557974611235398,9.557974611235398,True,0.9890620327728781
L10_S4_tree_tree_tree_TriTrueTrueTrue_i4,3707436923,10,4,tree,tree,True,11,21,44,0.006924500019522384,0.00524962498457171,4.480806011016239,4.480806011016239,True,1.319046354897094
L10_S4_tree_tree_tree_TriTrueTrueFalse_i0,993719785,10,4,tree,tree,False,13,17,30,0.0056222920247819275,0.0028079159965272993,1.6138995479350484,1.6138995479350484,True,2.0022999368340715
L10_S4_tree_tree_tree_TriTrueTrueFalse_i1,3380143923,10,4,tree,tree,False,14,26,53,0.0059191249893046916,0.0030858750105835497,10.066487936580208,10.066487936580208,True,1.9181344192067409
L10_S4_tree_tree_tree_TriTrueTrueFalse_i2,1466692758,10,4,tree,tree,False,14,51,149,0.026949332997901365,0.030630834022304043,7.40886751376247,7.408867513762469,True,0.8798105888487217
L10_S4_tree_tree_tree_TriTrueTrueFalse_i3,1461160881,10,4,tree,tree,False,14,34,97,0.00845754100009799,0.05392904099426232,,,False,0.15682720640573986
L10_S4_tree_tree_tree_TriTrueTrueFalse_i4,4070796598,10,4,tree,tree,False,17,50,144,0.01262829199549742,0.1492078750161454,,,False,0.08463555901118078
L10_S4_tree_tree_tree_TriTrueFalseTrue_i0,42972441,10,4,tree,tree,True,13,26,64,0.00618012499762699,0.03449662501225248,,12.474861577879096,False,0.179151578343689
L10_S4_tree_tree_tree_TriTrueFalseTrue_i1,3564392801,10,4,tree,tree,True,14,38,99,0.012446959008229896,0.006712916976539418,11.146677012356038,11.146677012356038,True,1.8541801123937518
L10_S4_tree_tree_tree_TriTrueFalseTrue_i2,2005682730,10,4,tree,tree,True,14,30,81,0.006852207996416837,0.01263424998614937,,,False,0.5423517392466518
L10_S4_tree_tree_tree_TriTrueFalseTrue_i3,667517214,10,4,tree,tree,True,14,57,173,0.02828874997794628,0.0309231250139419,5.585805537234827,5.585805537234827,True,0.9148088703966122
L10_S4_tree_tree_tree_TriTrueFalseTrue_i4,175874934,10,4,tree,tree,True,16,41,97,0.009681083000032231,0.13972083298722282,,8.828858249408553,False,0.06928875761590104
L10_S4_tree_tree_tree_TriTrueFalseFalse_i0,735809193,10,4,tree,tree,False,13,22,43,0.005319875024724752,0.008244791009929031,,,False,0.6452406583838789
L10_S4_tree_tree_tree_TriTrueFalseFalse_i1,3333308633,10,4,tree,tree,False,12,14,25,0.0037275840004440397,0.0030454160005319864,0.6273221466735478,0.6273221466735478,True,1.223997895786649
L10_S4_tree_tree_tree_TriTrueFalseFalse_i2,3500327148,10,4,tree,tree,False,17,63,198,0.034748915990348905,0.08184291599900462,7.253309013801945,7.253309013801946,True,0.4245806144809272
L10_S4_tree_tree_tree_TriTrueFalseFalse_i3,1514060334,10,4,tree,tree,False,13,34,84,0.015201416972558945,0.0064529579831287265,8.228504241476289,8.228504241476289,True,2.3557281260121252
L10_S4_tree_tree_tree_TriTrueFalseFalse_i4,947698879,10,4,tree,tree,False,15,40,112,0.009607374988263473,0.5044986249995418,,16.024398580811088,False,0.019043411603408805
L10_S4_tree_tree_tree_TriFalseTrueTrue_i0,2902004363,10,4,tree,tree,True,14,36,100,0.009086207981454208,0.02275933400960639,,,False,0.399229941367753
L10_S4_tree_tree_tree_TriFalseTrueTrue_i1,1758847431,10,4,tree,tree,True,12,21,39,0.006214291992364451,0.004414166993228719,3.7125261084777366,3.7125261084777366,True,1.4078059561614105
L10_S4_tree_tree_tree_TriFalseTrueTrue_i2,4130101171,10,4,tree,tree,True,15,58,170,0.025202875025570393,0.027525208017323166,7.68124122906273,7.68124122906273,True,0.9156288335434184
L10_S4_tree_tree_tree_TriFalseTrueTrue_i3,466430865,10,4,tree,tree,True,12,26,66,0.010518291994230822,0.009812957985559478,3.4738867263352358,3.4738867263352358,True,1.0718777088245548
L10_S4_tree_tree_tree_TriFalseTrueTrue_i4,1506347248,10,4,tree,tree,True,14,35,96,0.013623333012219518,0.017217750020790845,4.074208692252766,4.074208692252766,True,0.7912376590745805
L10_S4_tree_tree_tree_TriFalseTrueFalse_i0,2754939622,10,4,tree,tree,False,12,22,48,0.007135541993193328,0.0056067499972414225,5.013521413553098,5.013521413553098,True,1.2726696792320698
L10_S4_tree_tree_tree_TriFalseTrueFalse_i1,577901860,10,4,tree,tree,False,12,28,67,0.010316166997654364,0.010335500002838671,3.386869643638937,3.386869643638937,True,0.9981293596528125
L10_S4_tree_tree_tree_TriFalseTrueFalse_i2,3403204766,10,4,tree,tree,False,14,58,180,0.024668250000104308,0.012740334001136944,6.816611430982575,6.816611430982575,True,1.936232445842509
L10_S4_tree_tree_tree_TriFalseTrueFalse_i3,1746748724,10,4,tree,tree,False,13,31,75,0.01262887500342913,0.020195624994812533,4.869107239228828,4.869107239228828,True,0.6253272370300873
L10_S4_tree_tree_tree_TriFalseTrueFalse_i4,3631416517,10,4,tree,tree,False,12,42,118,0.01717883301898837,0.013348542008316144,3.736712683679983,3.736712683679983,True,1.2869444259411649
L10_S4_tree_tree_tree_TriFalseFalseTrue_i0,3602000991,10,4,tree,tree,True,14,58,184,0.032170332997338846,0.11197554197860882,2.7750450657910783,2.7750450657910783,True,0.28729785220585613
L10_S4_tree_tree_tree_TriFalseFalseTrue_i1,1215358221,10,4,tree,tree,True,11,16,36,0.0058775000215973705,0.0039457500097341835,1.8711968266682883,1.8711968266682883,True,1.4895770176824523
L10_S4_tree_tree_tree_TriFalseFalseTrue_i2,2546809638,10,4,tree,tree,True,15,46,135,0.022295082977507263,0.12936779099982232,4.8060800707932465,4.8060800707932465,True,0.17233874547026268
L10_S4_tree_tree_tree_TriFalseFalseTrue_i3,2067613774,10,4,tree,tree,True,14,64,201,0.03354579099686816,0.04023600000073202,5.380285768719851,5.380285768719851,True,0.8337257720084523
L10_S4_tree_tree_tree_TriFalseFalseTrue_i4,3585208274,10,4,tree,tree,True,12,24,59,0.009918583993567154,0.006301917019300163,5.123866316747025,5.123866316747025,True,1.5738992419753226
L10_S4_tree_tree_tree_TriFalseFalseFalse_i0,3149654685,10,4,tree,tree,False,15,23,42,0.004682083002990112,0.004524333984591067,,,False,1.0348665646854844
L10_S4_tree_tree_tree_TriFalseFalseFalse_i1,1428511201,10,4,tree,tree,False,13,36,95,0.016067582997493446,0.031763458013301715,3.9663744785757213,3.9663744785757213,True,0.5058511729079871
L10_S4_tree_tree_tree_TriFalseFalseFalse_i2,1376942818,10,4,tree,tree,False,12,28,71,0.011804208013927564,0.01596837499528192,6.990258477161862,6.990258477161862,True,0.7392240774775897
L10_S4_tree_tree_tree_TriFalseFalseFalse_i3,3982596636,10,4,tree,tree,False,13,40,113,0.059187583974562585,0.016649625002173707,3.164160916530967,3.164160916530967,True,3.5548896994344075
L10_S4_tree_tree_tree_TriFalseFalseFalse_i4,1070040975,10,4,tree,tree,False,11,24,50,0.007482540997443721,0.00804204199812375,6.2924219445708705,6.2924219445708705,True,0.930427877492005
L10_S7_reversible_reversible_reversible_TriTrueTrueTrue_i1,2375602656,10,7,reversible,reversible,True,17,353,8068,4.738941875024466,613.8527509580017,24.02872264509142,24.028722645091417,True,0.007719997780609397
L10_S7_reversible_reversible_reversible_TriTrueTrueTrue_i2,3968061800,10,7,reversible,reversible,True,18,402,9293,3.736239250021754,1570.58989475001,23.628549581621275,23.628549581621275,True,0.0023788764097543557
L10_S7_reversible_reversible_reversible_TriTrueTrueTrue_i3,701474875,10,7,reversible,reversible,True,18,402,9293,6.274336208996829,4113.7065398340055,29.10250234652834,,False,0.001525226981613638
